2008-12-31,30.0
2009-01-02,30.24
2009-01-05,29.77
2009-01-06,30.99
2009-01-07,29.91
2009-01-08,30.809998999999998
2009-01-09,30.15
2009-01-12,30.24
2009-01-13,30.299999
2009-01-14,28.09
2009-01-15,28.74
2009-01-16,28.530001000000002
2009-01-20,25.639999
2009-01-21,28.469998999999998
2009-01-22,26.65
2009-01-23,26.91
2009-01-26,26.540001
2009-01-27,27.0
2009-01-28,29.139999
2009-01-29,27.16
2009-01-30,26.4
2009-02-02,26.85
2009-02-03,27.15
2009-02-04,26.15
2009-02-05,25.82
2009-02-06,25.629998999999998
2009-02-09,26.52
2009-02-10,24.51
2009-02-11,26.0
2009-02-12,25.620001000000002
2009-02-13,25.040001
2009-02-17,23.16
2009-02-18,23.610001
2009-02-19,22.07
2009-02-20,21.620001000000002
2009-02-23,20.26
2009-02-24,22.6
2009-02-25,21.23
2009-02-26,21.73
2009-02-27,20.4
2009-03-02,18.76
2009-03-03,18.139999
2009-03-04,18.950001
2009-03-05,16.950001
2009-03-06,17.190001000000002
2009-03-09,17.360001
2009-03-10,18.780001000000002
2009-03-11,18.83
2009-03-12,20.26
2009-03-13,20.459999
2009-03-16,20.26
2009-03-17,21.68
2009-03-18,23.09
2009-03-19,21.73
2009-03-20,21.370001000000002
2009-03-23,24.17
2009-03-24,23.120001000000002
2009-03-25,23.639999
2009-03-26,23.540001
2009-03-27,22.42
2009-03-30,20.32
2009-03-31,21.780001000000002
2009-04-01,22.52
2009-04-02,23.09
2009-04-03,23.76
2009-04-06,23.540001
2009-04-07,22.92
2009-04-08,24.08
2009-04-09,26.030001000000002
2009-04-13,26.370001000000002
2009-04-14,25.25
2009-04-15,26.75
2009-04-16,27.790001
2009-04-17,27.58
2009-04-20,25.34
2009-04-21,27.5
2009-04-22,27.92
2009-04-23,29.459999
2009-04-24,28.18
2009-04-27,27.559998999999998
2009-04-28,27.360001
2009-04-29,28.030001000000002
2009-04-30,24.440001000000002
2009-05-01,23.41
2009-05-04,23.209999
2009-05-05,24.58
2009-05-06,25.469998999999998
2009-05-07,23.85
2009-05-08,25.620001000000002
2009-05-11,23.58
2009-05-12,23.309998999999998
2009-05-13,22.139999
2009-05-14,23.23
2009-05-15,22.58
2009-05-18,23.73
2009-05-19,23.51
2009-05-20,22.549999
2009-05-21,22.0
2009-05-22,22.549999
2009-05-26,23.57
2009-05-27,22.4
2009-05-28,23.18
2009-05-29,23.629998999999998
2009-06-01,23.74
2009-06-02,23.860001
2009-06-03,24.059998999999998
2009-06-04,24.459999
2009-06-05,24.91
2009-06-08,24.370001000000002
2009-06-09,23.74
2009-06-10,25.09
2009-06-11,25.27
2009-06-12,24.620001000000002
2009-06-15,23.870001000000002
2009-06-16,23.809998999999998
2009-06-17,23.32
2009-06-18,23.379998999999998
2009-06-19,24.309998999999998
2009-06-22,23.1
2009-06-23,23.33
2009-06-24,23.76
2009-06-25,24.309998999999998
2009-06-26,24.07
2009-06-29,24.43
2009-06-30,24.09
2009-07-01,24.059998999999998
2009-07-02,23.26
2009-07-06,22.93
2009-07-07,22.24
2009-07-08,22.08
2009-07-09,22.879998999999998
2009-07-10,22.389999
2009-07-13,23.48
2009-07-14,23.309998999999998
2009-07-15,24.309998999999998
2009-07-16,24.559998999999998
2009-07-17,24.639999
2009-07-20,24.66
2009-07-21,24.809998999999998
2009-07-22,24.290001
2009-07-23,25.65
2009-07-24,26.23
2009-07-27,26.6
2009-07-28,25.879998999999998
2009-07-29,25.0
2009-07-30,25.77
2009-07-31,25.52
2009-08-03,26.0
2009-08-04,26.139999
2009-08-05,26.209999
2009-08-06,25.950001
2009-08-07,27.32
2009-08-10,27.42
2009-08-11,27.16
2009-08-12,28.030001000000002
2009-08-13,28.4
2009-08-14,28.200001
2009-08-17,27.370001000000002
2009-08-18,27.74
2009-08-19,27.82
2009-08-20,28.1
2009-08-21,29.24
2009-08-24,29.49
2009-08-25,29.74
2009-08-26,29.91
2009-08-27,29.5
2009-08-28,29.799999
2009-08-31,29.950001
2009-09-01,28.219998999999998
2009-09-02,28.120001000000002
2009-09-03,28.23
2009-09-04,28.48
2009-09-08,29.09
2009-09-09,29.23
2009-09-10,29.6
2009-09-11,29.75
2009-09-14,30.309998999999998
2009-09-15,30.65
2009-09-16,31.139999
2009-09-17,31.18
2009-09-18,31.99
2009-09-21,31.780001000000002
2009-09-22,31.459999
2009-09-23,30.809998999999998
2009-09-24,30.84
2009-09-25,31.219998999999998
2009-09-28,32.130001
2009-09-29,32.150002
2009-09-30,32.060001
2009-10-01,30.940001000000002
2009-10-02,30.85
2009-10-05,31.639999
2009-10-06,33.029999
2009-10-07,33.040001000000004
2009-10-08,32.77
2009-10-09,31.83
2009-10-12,31.940001000000002
2009-10-13,30.809998999999998
2009-10-14,30.540001
2009-10-15,30.459999
2009-10-16,30.950001
2009-10-19,31.9
2009-10-20,32.16
2009-10-21,31.34
2009-10-22,32.27
2009-10-23,31.15
2009-10-26,30.01
2009-10-27,30.08
2009-10-28,29.34
2009-10-29,30.889999
2009-10-30,29.93
2009-11-02,29.68
2009-11-03,30.0
2009-11-04,30.209999
2009-11-05,30.620001000000002
2009-11-06,30.83
2009-11-09,31.889999
2009-11-10,31.440001000000002
2009-11-11,32.07
2009-11-12,31.58
2009-11-13,31.15
2009-11-16,31.450001
2009-11-17,31.23
2009-11-18,31.290001
2009-11-19,30.790001
2009-11-20,30.719998999999998
2009-11-23,31.24
2009-11-24,31.360001
2009-11-25,31.15
2009-11-27,30.26
2009-11-30,30.57
2009-12-01,30.74
2009-12-02,30.85
2009-12-03,30.27
2009-12-04,30.559998999999998
2009-12-07,29.99
2009-12-08,29.219998999999998
2009-12-09,29.1
2009-12-10,29.370001000000002
2009-12-11,29.620001000000002
2009-12-14,30.1
2009-12-15,29.76
2009-12-16,30.049999
2009-12-17,29.66
2009-12-18,29.48
2009-12-21,29.77
2009-12-22,29.43
2009-12-23,29.440001000000002
2009-12-24,29.6
2009-12-28,29.65
2009-12-29,29.690001000000002
2009-12-30,29.690001000000002
2009-12-31,29.48
2010-01-04,30.16
2010-01-05,31.059998999999998
2010-01-06,30.969998999999998
2010-01-07,31.35
2010-01-08,31.370001000000002
2010-01-11,31.59
2010-01-12,31.299999
2010-01-13,31.59
2010-01-14,31.26
2010-01-15,30.530001000000002
2010-01-19,30.83
2010-01-20,30.299999
2010-01-21,31.299999
2010-01-22,31.83
2010-01-25,32.119999
2010-01-26,31.49
2010-01-27,31.85
2010-01-28,31.58
2010-01-29,31.43
2010-02-01,31.67
2010-02-02,32.110001000000004
2010-02-03,31.66
2010-02-04,31.73
2010-02-05,30.92
2010-02-08,30.16
2010-02-09,30.370001000000002
2010-02-10,30.129998999999998
2010-02-11,29.76
2010-02-12,29.860001
2010-02-16,30.809998999999998
2010-02-17,30.709999
2010-02-18,30.65
2010-02-19,30.91
2010-02-22,30.809998999999998
2010-02-23,30.43
2010-02-24,30.950001
2010-02-25,30.559998999999998
2010-02-26,30.52
2010-03-01,30.65
2010-03-02,30.73
2010-03-03,30.77
2010-03-04,30.969998999999998
2010-03-05,31.68
2010-03-08,32.220001
2010-03-09,32.34
2010-03-10,32.610001000000004
2010-03-11,32.98
2010-03-12,32.900002
2010-03-15,32.619999
2010-03-16,33.139998999999996
2010-03-17,33.5
2010-03-18,33.299999
2010-03-19,33.200001
2010-03-22,33.349998
2010-03-23,33.169998
2010-03-24,33.48
2010-03-25,33.669998
2010-03-26,33.970001
2010-03-29,34.369999
2010-03-30,34.34
2010-03-31,34.380001
2010-04-01,34.889998999999996
2010-04-05,35.630001
2010-04-06,35.470001
2010-04-07,34.900002
2010-04-08,34.759997999999996
2010-04-09,34.630001
2010-04-12,34.959998999999996
2010-04-13,35.02
2010-04-14,35.790001000000004
2010-04-15,35.689999
2010-04-16,34.439999
2010-04-19,34.889998999999996
2010-04-20,35.0
2010-04-21,34.939999
2010-04-22,34.919998
2010-04-23,34.889998999999996
2010-04-26,34.939999
2010-04-27,33.790001000000004
2010-04-28,33.689999
2010-04-29,36.360001000000004
2010-04-30,36.43
2010-05-03,36.57
2010-05-04,35.599998
2010-05-05,36.450001
2010-05-06,35.27
2010-05-07,34.650002
2010-05-10,36.540001000000004
2010-05-11,36.259997999999996
2010-05-12,37.18
2010-05-13,37.02
2010-05-14,35.869999
2010-05-17,36.240002000000004
2010-05-18,35.290001000000004
2010-05-19,35.419998
2010-05-20,33.830002
2010-05-21,34.299999
2010-05-24,33.540001000000004
2010-05-25,34.369999
2010-05-26,34.189999
2010-05-27,35.299999
2010-05-28,34.700001
2010-06-01,34.619999
2010-06-02,35.720001
2010-06-03,35.779999
2010-06-04,34.310001
2010-06-07,33.77
2010-06-08,34.119999
2010-06-09,34.0
2010-06-10,35.34
2010-06-11,35.849998
2010-06-14,35.75
2010-06-15,36.91
2010-06-16,36.869999
2010-06-17,37.240002000000004
2010-06-18,37.049999
2010-06-21,37.0
2010-06-22,36.68
2010-06-23,36.419998
2010-06-24,35.939999
2010-06-25,36.040001000000004
2010-06-28,36.599998
2010-06-29,34.889998999999996
2010-06-30,34.700001
2010-07-01,34.509997999999996
2010-07-02,34.189999
2010-07-06,34.389998999999996
2010-07-07,35.810001
2010-07-08,35.849998
2010-07-09,35.880001
2010-07-12,35.240002000000004
2010-07-13,36.470001
2010-07-14,36.73
2010-07-15,36.959998999999996
2010-07-16,36.580002
2010-07-19,36.75
2010-07-20,37.509997999999996
2010-07-21,36.380001
2010-07-22,36.93
2010-07-23,36.810001
2010-07-26,37.009997999999996
2010-07-27,36.610001000000004
2010-07-28,36.48
2010-07-29,37.18
2010-07-30,37.290001000000004
2010-08-02,38.25
2010-08-03,37.93
2010-08-04,37.18
2010-08-05,37.610001000000004
2010-08-06,37.610001000000004
2010-08-09,37.919998
2010-08-10,38.119999
2010-08-11,37.0
2010-08-12,36.849998
2010-08-13,37.009997999999996
2010-08-16,36.650002
2010-08-17,37.450001
2010-08-18,37.529999
2010-08-19,36.720001
2010-08-20,36.360001000000004
2010-08-23,36.189999
2010-08-24,35.689999
2010-08-25,35.919998
2010-08-26,35.82
2010-08-27,36.849998
2010-08-30,36.009997999999996
2010-08-31,36.560001
2010-09-01,37.560001
2010-09-02,37.619999
2010-09-03,38.720001
2010-09-07,38.330002
2010-09-08,38.919998
2010-09-09,38.959998999999996
2010-09-10,39.209998999999996
2010-09-13,39.630001
2010-09-14,39.740002000000004
2010-09-15,40.189999
2010-09-16,39.919998
2010-09-17,40.0
2010-09-20,40.599998
2010-09-21,40.32
2010-09-22,39.950001
2010-09-23,39.34
2010-09-24,40.369999
2010-09-27,40.389998999999996
2010-09-28,40.560001
2010-09-29,40.369999
2010-09-30,40.700001
2010-10-01,40.610001000000004
2010-10-04,40.41
2010-10-05,41.360001000000004
2010-10-06,41.360001000000004
2010-10-07,41.049999
2010-10-08,40.889998999999996
2010-10-11,40.419998
2010-10-12,40.689999
2010-10-13,41.169998
2010-10-14,40.880001
2010-10-15,40.950001
2010-10-18,41.68
2010-10-19,41.099998
2010-10-20,41.310001
2010-10-21,41.41
2010-10-22,41.369999
2010-10-25,41.240002000000004
2010-10-26,41.560001
2010-10-27,41.299999
2010-10-28,39.91
2010-10-29,39.540001000000004
2010-11-01,39.889998999999996
2010-11-02,40.029999
2010-11-03,39.549999
2010-11-04,40.799999
2010-11-05,41.389998999999996
2010-11-08,41.220001
2010-11-09,40.139998999999996
2010-11-10,35.66
2010-11-11,35.549999
2010-11-12,35.0
2010-11-15,34.98
2010-11-16,34.619999
2010-11-17,35.02
2010-11-18,35.389998999999996
2010-11-19,35.0
2010-11-22,35.049999
2010-11-23,34.82
2010-11-24,35.369999
2010-11-26,35.139998999999996
2010-11-29,35.310001
2010-11-30,35.27
2010-12-01,35.970001
2010-12-02,36.57
2010-12-03,36.68
2010-12-06,36.990002000000004
2010-12-07,37.189999
2010-12-08,37.689999
2010-12-09,38.0
2010-12-10,37.98
2010-12-13,38.540001000000004
2010-12-14,38.32
2010-12-15,37.5
2010-12-16,37.450001
2010-12-17,37.200001
2010-12-20,37.23
2010-12-21,38.119999
2010-12-22,38.5
2010-12-23,38.200001
2010-12-27,38.25
2010-12-28,38.34
2010-12-29,38.290001000000004
2010-12-30,38.240002000000004
2010-12-31,38.52
2011-01-03,38.639998999999996
2011-01-04,38.279999
2011-01-05,38.43
2011-01-06,38.59
2011-01-07,38.150002
2011-01-10,38.240002000000004
2011-01-11,38.290001000000004
2011-01-12,38.799999
2011-01-13,38.509997999999996
2011-01-14,39.310001
2011-01-18,38.48
2011-01-19,38.68
2011-01-20,38.490002000000004
2011-01-21,38.740002000000004
2011-01-24,38.369999
2011-01-25,38.82
2011-01-26,39.380001
2011-01-27,39.869999
2011-01-28,38.98
2011-01-31,39.23
2011-02-01,39.84
2011-02-02,39.099998
2011-02-03,39.09
2011-02-04,39.459998999999996
2011-02-07,39.66
2011-02-08,39.700001
2011-02-09,40.009997999999996
2011-02-10,39.5
2011-02-11,40.0
2011-02-14,39.720001
2011-02-15,40.330002
2011-02-16,40.509997999999996
2011-02-17,41.240002000000004
2011-02-18,41.709998999999996
2011-02-22,40.869999
2011-02-23,40.400002
2011-02-24,39.700001
2011-02-25,40.639998999999996
2011-02-28,40.630001
2011-03-01,39.860001000000004
2011-03-02,39.450001
2011-03-03,40.049999
2011-03-04,39.09
2011-03-07,39.049999
2011-03-08,38.540001000000004
2011-03-09,38.529999
2011-03-10,38.169998
2011-03-11,38.18
2011-03-14,38.0
2011-03-15,38.23
2011-03-16,37.830002
2011-03-17,38.400002
2011-03-18,39.060001
2011-03-21,40.080002
2011-03-22,39.470001
2011-03-23,39.040001000000004
2011-03-24,39.43
2011-03-25,39.459998999999996
2011-03-28,39.369999
2011-03-29,38.48
2011-03-30,39.02
2011-03-31,38.509997999999996
2011-04-01,38.310001
2011-04-04,38.34
2011-04-05,38.25
2011-04-06,38.990002000000004
2011-04-07,38.560001
2011-04-08,37.98
2011-04-11,38.060001
2011-04-12,37.73
2011-04-13,37.720001
2011-04-14,37.779999
2011-04-15,37.91
2011-04-18,37.330002
2011-04-19,37.09
2011-04-20,37.650002
2011-04-21,38.110001000000004
2011-04-25,38.040001000000004
2011-04-26,38.459998999999996
2011-04-27,38.470001
2011-04-28,40.029999
2011-04-29,39.700001
2011-05-02,39.599998
2011-05-03,39.93
2011-05-04,39.400002
2011-05-05,38.720001
2011-05-06,38.799999
2011-05-09,38.59
2011-05-10,38.75
2011-05-11,38.52
2011-05-12,38.75
2011-05-13,38.560001
2011-05-16,38.560001
2011-05-17,38.279999
2011-05-18,37.950001
2011-05-19,38.139998999999996
2011-05-20,37.950001
2011-05-23,37.509997999999996
2011-05-24,37.23
2011-05-25,37.060001
2011-05-26,37.07
2011-05-27,37.080002
2011-05-31,36.990002000000004
2011-06-01,36.509997999999996
2011-06-02,36.290001000000004
2011-06-03,35.709998999999996
2011-06-06,35.490002000000004
2011-06-07,34.970001
2011-06-08,34.860001000000004
2011-06-09,35.029999
2011-06-10,34.48
2011-06-13,34.650002
2011-06-14,35.240002000000004
2011-06-15,34.52
2011-06-16,34.77
2011-06-17,35.029999
2011-06-20,35.02
2011-06-21,35.48
2011-06-22,35.360001000000004
2011-06-23,35.009997999999996
2011-06-24,35.049999
2011-06-27,34.970001
2011-06-28,35.439999
2011-06-29,36.150002
2011-06-30,36.27
2011-07-01,36.639998999999996
2011-07-05,36.119999
2011-07-06,35.860001000000004
2011-07-07,36.400002
2011-07-08,36.009997999999996
2011-07-11,35.18
2011-07-12,35.060001
2011-07-13,35.139998999999996
2011-07-14,34.639998999999996
2011-07-15,34.360001000000004
2011-07-18,33.779999
2011-07-19,34.189999
2011-07-20,33.990002000000004
2011-07-21,34.98
2011-07-22,35.049999
2011-07-25,35.209998999999996
2011-07-26,35.290001000000004
2011-07-27,34.889998999999996
2011-07-28,35.84
2011-07-29,35.619999
2011-08-01,35.32
2011-08-02,34.709998999999996
2011-08-03,34.790001000000004
2011-08-04,33.950001
2011-08-05,33.82
2011-08-08,31.33
2011-08-09,32.790001000000004
2011-08-10,31.23
2011-08-11,33.470001
2011-08-12,32.720001
2011-08-15,33.830002
2011-08-16,33.209998999999996
2011-08-17,33.41
2011-08-18,32.459998999999996
2011-08-19,32.759997999999996
2011-08-22,32.82
2011-08-23,33.580002
2011-08-24,34.310001
2011-08-25,33.07
2011-08-26,33.41
2011-08-29,35.470001
2011-08-30,35.09
2011-08-31,35.169998
2011-09-01,34.389998999999996
2011-09-02,33.369999
2011-09-06,32.900002
2011-09-07,34.400002
2011-09-08,34.049999
2011-09-09,33.549999
2011-09-12,33.779999
2011-09-13,34.509997999999996
2011-09-14,34.799999
2011-09-15,35.259997999999996
2011-09-16,35.849998
2011-09-19,35.43
2011-09-20,35.34
2011-09-21,33.34
2011-09-22,33.52
2011-09-23,33.900002
2011-09-26,35.139998999999996
2011-09-27,36.0
2011-09-28,34.790001000000004
2011-09-29,36.139998999999996
2011-09-30,35.799999
2011-10-03,34.07
2011-10-04,35.07
2011-10-05,36.040001000000004
2011-10-06,36.310001
2011-10-07,35.240002000000004
2011-10-10,36.900002
2011-10-11,36.619999
2011-10-12,36.98
2011-10-13,36.119999
2011-10-14,37.220001
2011-10-17,36.169998
2011-10-18,37.830002
2011-10-19,37.509997999999996
2011-10-20,38.48
2011-10-21,39.290001000000004
2011-10-24,39.689999
2011-10-25,38.049999
2011-10-26,38.869999
2011-10-27,39.84
2011-10-28,39.18
2011-10-31,38.540001000000004
2011-11-01,37.0
2011-11-02,37.98
2011-11-03,38.57
2011-11-04,38.43
2011-11-07,38.849998
2011-11-08,39.27
2011-11-09,37.91
2011-11-10,38.139998999999996
2011-11-11,38.689999
2011-11-14,38.209998999999996
2011-11-15,38.459998999999996
2011-11-16,37.82
2011-11-17,37.34
2011-11-18,37.860001000000004
2011-11-21,37.200001
2011-11-22,37.259997999999996
2011-11-23,35.990002000000004
2011-11-25,36.220001
2011-11-28,37.150002
2011-11-29,37.25
2011-11-30,39.240002000000004
2011-12-01,39.049999
2011-12-02,39.09
2011-12-05,39.619999
2011-12-06,39.919998
2011-12-07,40.48
2011-12-08,39.07
2011-12-09,39.950001
2011-12-12,39.0
2011-12-13,38.669998
2011-12-14,39.07
2011-12-15,39.259997999999996
2011-12-16,39.41
2011-12-19,38.639998999999996
2011-12-20,39.919998
2011-12-21,40.34
2011-12-22,40.75
2011-12-23,41.220001
2011-12-27,41.380001
2011-12-28,40.5
2011-12-29,41.279999
2011-12-30,41.060001
2012-01-03,41.470001
2012-01-04,40.959998999999996
2012-01-05,41.23
2012-01-06,41.169998
2012-01-09,40.849998
2012-01-10,40.529999
2012-01-11,38.049999
2012-01-12,38.099998
2012-01-13,38.110001000000004
2012-01-17,38.25
2012-01-18,39.009997999999996
2012-01-19,39.23
2012-01-20,39.349998
2012-01-23,38.98
2012-01-24,39.130001
2012-01-25,39.470001
2012-01-26,39.82
2012-01-27,39.860001000000004
2012-01-30,39.290001000000004
2012-01-31,39.599998
2012-02-01,40.509997999999996
2012-02-02,41.41
2012-02-03,41.560001
2012-02-06,41.540001000000004
2012-02-07,43.02
2012-02-08,43.369999
2012-02-09,43.209998999999996
2012-02-10,43.459998999999996
2012-02-13,43.970001
2012-02-14,43.639998999999996
2012-02-15,43.43
2012-02-16,43.919998
2012-02-17,44.029999
2012-02-21,44.389998999999996
2012-02-22,43.560001
2012-02-23,43.09
2012-02-24,42.950001
2012-02-27,42.82
2012-02-28,42.490002000000004
2012-02-29,42.470001
2012-03-01,43.32
2012-03-02,42.830002
2012-03-05,43.349998
2012-03-06,42.580002
2012-03-07,42.34
2012-03-08,41.709998999999996
2012-03-09,41.630001
2012-03-12,41.73
2012-03-13,42.869999
2012-03-14,42.16
2012-03-15,40.849998
2012-03-16,39.880001
2012-03-19,40.18
2012-03-20,40.849998
2012-03-21,40.259997999999996
2012-03-22,40.009997999999996
2012-03-23,40.59
2012-03-26,41.490002000000004
2012-03-27,41.73
2012-03-28,41.290001000000004
2012-03-29,40.360001000000004
2012-03-30,40.5
2012-04-02,40.529999
2012-04-03,40.189999
2012-04-04,39.82
2012-04-05,39.150002
2012-04-09,38.799999
2012-04-10,38.459998999999996
2012-04-11,38.889998999999996
2012-04-12,39.450001
2012-04-13,38.73
2012-04-16,38.950001
2012-04-17,39.52
2012-04-18,39.119999
2012-04-19,39.080002
2012-04-20,38.970001
2012-04-23,39.400002
2012-04-24,39.59
2012-04-25,40.799999
2012-04-26,40.52
2012-04-27,40.639998999999996
2012-04-30,40.34
2012-05-01,40.57
2012-05-02,39.299999
2012-05-03,38.91
2012-05-04,37.860001000000004
2012-05-07,37.919998
2012-05-08,37.599998
2012-05-09,37.68
2012-05-10,37.57
2012-05-11,37.810001
2012-05-14,37.779999
2012-05-15,37.450001
2012-05-16,36.549999
2012-05-17,36.330002
2012-05-18,35.259997999999996
2012-05-21,35.959998999999996
2012-05-22,34.360001000000004
2012-05-23,33.849998
2012-05-24,33.860001000000004
2012-05-25,33.25
2012-05-29,33.470001
2012-05-30,33.130001
2012-05-31,33.380001
2012-06-01,32.849998
2012-06-04,32.57
2012-06-05,33.09
2012-06-06,34.040001000000004
2012-06-07,33.669998
2012-06-08,33.970001
2012-06-11,33.32
2012-06-12,33.419998
2012-06-13,33.360001000000004
2012-06-14,33.709998999999996
2012-06-15,33.860001000000004
2012-06-18,33.75
2012-06-19,34.66
2012-06-20,34.970001
2012-06-21,34.16
2012-06-22,34.150002
2012-06-25,33.990002000000004
2012-06-26,34.400002
2012-06-27,34.900002
2012-06-28,34.619999
2012-06-29,34.84
2012-07-02,34.830002
2012-07-03,35.610001000000004
2012-07-05,34.98
2012-07-06,34.900002
2012-07-09,34.650002
2012-07-10,34.52
2012-07-11,34.360001000000004
2012-07-12,33.889998999999996
2012-07-13,34.400002
2012-07-16,34.240002000000004
2012-07-17,34.619999
2012-07-18,34.619999
2012-07-19,34.439999
2012-07-20,33.900002
2012-07-23,33.740002000000004
2012-07-24,33.060001
2012-07-25,33.310001
2012-07-26,34.779999
2012-07-27,35.540001000000004
2012-07-30,36.169998
2012-07-31,36.209998999999996
2012-08-01,36.400002
2012-08-02,35.98
2012-08-03,36.650002
2012-08-06,36.650002
2012-08-07,36.220001
2012-08-08,36.169998
2012-08-09,36.23
2012-08-10,35.849998
2012-08-13,34.91
2012-08-14,34.290001000000004
2012-08-15,34.369999
2012-08-16,34.419998
2012-08-17,34.630001
2012-08-20,34.639998999999996
2012-08-21,34.630001
2012-08-22,34.549999
2012-08-23,33.889998999999996
2012-08-24,34.18
2012-08-27,34.060001
2012-08-28,33.470001
2012-08-29,33.98
2012-08-30,34.59
2012-08-31,35.25
2012-09-04,35.259997999999996
2012-09-05,35.880001
2012-09-06,36.419998
2012-09-07,36.540001000000004
2012-09-10,36.470001
2012-09-11,37.060001
2012-09-12,37.439999
2012-09-13,37.919998
2012-09-14,38.16
2012-09-17,37.700001
2012-09-18,37.599998
2012-09-19,37.529999
2012-09-20,37.43
2012-09-21,37.349998
2012-09-24,37.349998
2012-09-25,37.139998999999996
2012-09-26,37.23
2012-09-27,37.16
2012-09-28,37.299999
2012-10-01,37.310001
2012-10-02,37.689999
2012-10-03,38.330002
2012-10-04,39.060001
2012-10-05,39.68
2012-10-08,39.34
2012-10-09,38.950001
2012-10-10,39.139998999999996
2012-10-11,39.860001000000004
2012-10-12,39.380001
2012-10-15,39.959998999999996
2012-10-16,40.509997999999996
2012-10-17,40.880001
2012-10-18,41.0
2012-10-19,40.330002
2012-10-22,40.889998999999996
2012-10-23,38.639998999999996
2012-10-24,38.880001
2012-10-25,38.02
2012-10-26,37.849998
2012-10-31,37.810001
2012-11-01,37.990002000000004
2012-11-02,37.599998
2012-11-05,37.470001
2012-11-06,37.82
2012-11-07,36.689999
2012-11-08,36.07
2012-11-09,36.639998999999996
2012-11-12,36.290001000000004
2012-11-13,35.880001
2012-11-14,34.849998
2012-11-15,34.970001
2012-11-16,35.560001
2012-11-19,34.610001000000004
2012-11-20,34.400002
2012-11-21,33.98
2012-11-23,34.349998
2012-11-26,34.220001
2012-11-27,33.830002
2012-11-28,33.990002000000004
2012-11-29,33.98
2012-11-30,34.209998999999996
2012-12-03,33.959998999999996
2012-12-04,34.810001
2012-12-05,34.810001
2012-12-06,34.59
2012-12-07,34.810001
2012-12-10,34.900002
2012-12-11,35.029999
2012-12-12,35.060001
2012-12-13,35.009997999999996
2012-12-14,34.540001000000004
2012-12-17,35.080002
2012-12-18,35.52
2012-12-19,35.43
2012-12-20,35.23
2012-12-21,34.790001000000004
2012-12-24,34.82
2012-12-26,34.84
2012-12-27,34.509997999999996
2012-12-28,34.299999
2012-12-31,34.700001
2013-01-02,35.48
2013-01-03,35.389998999999996
2013-01-04,35.93
2013-01-07,35.169998
2013-01-08,35.240002000000004
2013-01-09,35.439999
2013-01-10,36.09
2013-01-11,36.189999
2013-01-14,36.919998
2013-01-15,36.779999
2013-01-16,36.299999
2013-01-17,37.18
2013-01-18,37.290001000000004
2013-01-22,38.529999
2013-01-23,37.950001
2013-01-24,38.200001
2013-01-25,38.619999
2013-01-28,38.84
2013-01-29,38.830002
2013-01-30,38.470001
2013-01-31,38.240002000000004
2013-02-01,39.0
2013-02-04,38.16
2013-02-05,38.580002
2013-02-06,38.810001
2013-02-07,38.389998999999996
2013-02-08,38.560001
2013-02-11,38.48
2013-02-12,41.049999
2013-02-13,41.389998999999996
2013-02-14,42.009997999999996
2013-02-15,41.84
2013-02-19,42.209998999999996
2013-02-20,41.290001000000004
2013-02-21,41.009997999999996
2013-02-22,41.639998999999996
2013-02-25,40.470001
2013-02-26,40.650002
2013-02-27,41.040001000000004
2013-02-28,41.990002000000004
2013-03-01,41.82
2013-03-04,41.919998
2013-03-05,42.599998
2013-03-06,42.34
2013-03-07,42.580002
2013-03-08,42.84
2013-03-11,43.57
2013-03-12,43.82
2013-03-13,43.720001
2013-03-14,44.209998999999996
2013-03-15,44.040001000000004
2013-03-18,43.970001
2013-03-19,44.380001
2013-03-20,44.540001000000004
2013-03-21,43.849998
2013-03-22,44.02
2013-03-25,44.0
2013-03-26,44.060001
2013-03-27,44.400002
2013-03-28,45.009997999999996
2013-04-01,44.98
2013-04-02,45.299999
2013-04-03,45.009997999999996
2013-04-04,45.369999
2013-04-05,45.009997999999996
2013-04-08,45.77
2013-04-09,45.639998999999996
2013-04-10,47.16
2013-04-11,47.5
2013-04-12,47.490002000000004
2013-04-15,46.529999
2013-04-16,47.509997999999996
2013-04-17,46.720001
2013-04-18,46.110001000000004
2013-04-19,46.66
2013-04-22,46.810001
2013-04-23,47.279999
2013-04-24,47.689999
2013-04-25,46.599998
2013-04-26,46.52
2013-04-29,47.150002
2013-04-30,47.540001000000004
2013-05-01,47.34
2013-05-02,47.810001
2013-05-03,47.450001
2013-05-06,47.919998
2013-05-07,48.060001
2013-05-08,47.869999
2013-05-09,47.52
2013-05-10,47.380001
2013-05-13,47.950001
2013-05-14,48.639998999999996
2013-05-15,49.57
2013-05-16,49.299999
2013-05-17,49.84
2013-05-20,50.290001000000004
2013-05-21,50.599998
2013-05-22,49.939999
2013-05-23,50.049999
2013-05-24,49.709998999999996
2013-05-28,49.970001
2013-05-29,49.639998999999996
2013-05-30,50.580002
2013-05-31,49.740002000000004
2013-06-03,49.580002
2013-06-04,48.98
2013-06-05,48.619999
2013-06-06,49.419998
2013-06-07,49.970001
2013-06-10,50.700001
2013-06-11,50.049999
2013-06-12,50.080002
2013-06-13,50.860001000000004
2013-06-14,50.560001
2013-06-17,51.349998
2013-06-18,51.82
2013-06-19,51.029999
2013-06-20,50.220001
2013-06-21,50.240002000000004
2013-06-24,49.400002
2013-06-25,49.82
2013-06-26,50.259997999999996
2013-06-27,50.91
2013-06-28,50.91
2013-07-01,51.509997999999996
2013-07-02,51.310001
2013-07-03,50.43
2013-07-05,50.950001
2013-07-08,51.779999
2013-07-09,52.41
2013-07-10,52.299999
2013-07-11,52.509997999999996
2013-07-12,53.09
2013-07-15,53.189999
2013-07-16,53.27
2013-07-17,53.400002
2013-07-18,53.52
2013-07-19,53.18
2013-07-22,53.52
2013-07-23,53.119999
2013-07-24,52.939999
2013-07-25,52.700001
2013-07-26,53.09
2013-07-29,53.34
2013-07-30,53.189999
2013-07-31,54.16
2013-08-01,54.66
2013-08-02,54.830002
2013-08-05,54.509997999999996
2013-08-06,54.5
2013-08-07,54.830002
2013-08-08,54.82
2013-08-09,55.200001
2013-08-12,55.689999
2013-08-13,55.759997999999996
2013-08-14,55.580002
2013-08-15,54.73
2013-08-16,55.23
2013-08-19,54.43
2013-08-20,55.09
2013-08-21,54.849998
2013-08-22,55.580002
2013-08-23,56.029999
2013-08-26,55.549999
2013-08-27,53.82
2013-08-28,53.419998
2013-08-29,53.599998
2013-08-30,53.040001000000004
2013-09-03,53.860001000000004
2013-09-04,54.459998999999996
2013-09-05,54.099998
2013-09-06,53.720001
2013-09-09,54.48
2013-09-10,55.799999
2013-09-11,55.830002
2013-09-12,55.099998
2013-09-13,55.209998999999996
2013-09-16,56.009997999999996
2013-09-17,56.150002
2013-09-18,55.810001
2013-09-19,55.0
2013-09-20,53.810001
2013-09-23,53.990002000000004
2013-09-24,54.59
2013-09-25,54.779999
2013-09-26,54.950001
2013-09-27,54.299999
2013-09-30,54.099998
2013-10-01,54.360001000000004
2013-10-02,54.189999
2013-10-03,54.16
2013-10-04,55.25
2013-10-07,55.09
2013-10-08,55.139998999999996
2013-10-09,55.779999
2013-10-10,57.27
2013-10-11,57.689999
2013-10-14,57.889998999999996
2013-10-15,57.400002
2013-10-16,58.619999
2013-10-17,59.139998999999996
2013-10-18,59.330002
2013-10-21,59.5
2013-10-22,59.240002000000004
2013-10-23,58.529999
2013-10-24,57.080002
2013-10-25,57.75
2013-10-28,57.950001
2013-10-29,58.470001
2013-10-30,58.049999
2013-10-31,58.48
2013-11-01,58.599998
2013-11-04,59.400002
2013-11-05,58.700001
2013-11-06,59.580002
2013-11-07,58.540001000000004
2013-11-08,59.84
2013-11-11,60.259997999999996
2013-11-12,59.720001
2013-11-13,61.0
2013-11-14,61.59
2013-11-15,61.349998
2013-11-18,61.799999
2013-11-19,61.759997999999996
2013-11-20,61.799999
2013-11-21,62.84
2013-11-22,64.040001
2013-11-25,63.900002
2013-11-26,64.660004
2013-11-27,64.779999
2013-11-29,64.940002
2013-12-02,65.709999
2013-12-03,64.75
2013-12-04,64.41999799999999
2013-12-05,63.779999
2013-12-06,65.33000200000001
2013-12-09,65.209999
2013-12-10,65.209999
2013-12-11,64.449997
2013-12-12,64.370003
2013-12-13,64.25
2013-12-16,64.800003
2013-12-17,64.510002
2013-12-18,65.349998
2013-12-19,65.16999799999999
2013-12-20,65.739998
2013-12-23,65.940002
2013-12-24,66.25
2013-12-26,66.290001
2013-12-27,66.08000200000001
2013-12-30,66.230003
2013-12-31,66.370003
2014-01-02,65.32
2014-01-03,65.720001
2014-01-06,66.18
2014-01-07,66.82
2014-01-08,67.58000200000001
2014-01-09,68.379997
2014-01-10,67.739998
2014-01-13,66.629997
2014-01-14,67.309998
2014-01-15,67.879997
2014-01-16,67.510002
2014-01-17,67.650002
2014-01-21,67.519997
2014-01-22,67.370003
2014-01-23,66.08000200000001
2014-01-24,64.139999
2014-01-27,64.68
2014-01-28,65.529999
2014-01-29,64.349998
2014-01-30,65.660004
2014-01-31,65.349998
2014-02-03,64.0
2014-02-04,64.470001
2014-02-05,64.949997
2014-02-06,64.0
2014-02-07,64.370003
2014-02-10,64.32
2014-02-11,64.07
2014-02-12,63.599998
2014-02-13,63.889998999999996
2014-02-14,64.050003
2014-02-18,64.540001
2014-02-19,63.799999
2014-02-20,63.860001000000004
2014-02-21,63.639998999999996
2014-02-24,64.099998
2014-02-25,63.669998
2014-02-26,63.619999
2014-02-27,64.910004
2014-02-28,65.629997
2014-03-03,65.139999
2014-03-04,66.260002
2014-03-05,66.470001
2014-03-06,67.110001
2014-03-07,67.940002
2014-03-10,68.699997
2014-03-11,66.940002
2014-03-12,65.900002
2014-03-13,65.010002
2014-03-14,65.370003
2014-03-17,65.709999
2014-03-18,66.260002
2014-03-19,65.230003
2014-03-20,65.730003
2014-03-21,65.809998
2014-03-24,65.769997
2014-03-25,65.459999
2014-03-26,65.110001
2014-03-27,63.68
2014-03-28,63.82
2014-03-31,64.959999
2014-04-01,65.800003
2014-04-02,65.910004
2014-04-03,66.41999799999999
2014-04-04,65.610001
2014-04-07,64.760002
2014-04-08,64.739998
2014-04-09,64.82
2014-04-10,63.77
2014-04-11,63.220001
2014-04-14,63.540001000000004
2014-04-15,63.77
2014-04-16,64.959999
2014-04-17,65.949997
2014-04-21,65.910004
2014-04-22,66.389999
2014-04-23,66.629997
2014-04-24,67.16999799999999
2014-04-25,66.709999
2014-04-28,66.019997
2014-04-29,66.699997
2014-04-30,67.410004
2014-05-01,67.629997
2014-05-02,68.019997
2014-05-05,67.75
2014-05-06,66.660004
2014-05-07,66.32
2014-05-08,66.900002
2014-05-09,67.639999
2014-05-12,68.230003
2014-05-13,68.449997
2014-05-14,67.650002
2014-05-15,66.989998
2014-05-16,66.529999
2014-05-19,66.510002
2014-05-20,66.309998
2014-05-21,66.559998
2014-05-22,66.540001
2014-05-23,66.57
2014-05-27,67.66999799999999
2014-05-28,67.389999
2014-05-29,67.75
2014-05-30,67.809998
2014-06-02,68.32
2014-06-03,68.410004
2014-06-04,69.209999
2014-06-05,69.389999
2014-06-06,69.269997
2014-06-09,68.83000200000001
2014-06-10,68.57
2014-06-11,68.16999799999999
2014-06-12,67.629997
2014-06-13,67.529999
2014-06-16,66.91999799999999
2014-06-17,67.449997
2014-06-18,67.709999
2014-06-19,67.980003
2014-06-20,68.120003
2014-06-23,67.910004
2014-06-24,67.349998
2014-06-25,66.290001
2014-06-26,66.16999799999999
2014-06-27,65.589996
2014-06-30,65.550003
2014-07-01,66.279999
2014-07-02,65.449997
2014-07-03,66.110001
2014-07-07,66.25
2014-07-08,66.0
2014-07-09,65.470001
2014-07-10,65.760002
2014-07-11,66.040001
2014-07-14,66.16999799999999
2014-07-15,66.339996
2014-07-16,66.099998
2014-07-17,64.839996
2014-07-18,65.690002
2014-07-21,65.599998
2014-07-22,65.769997
2014-07-23,65.83000200000001
2014-07-24,65.790001
2014-07-25,65.910004
2014-07-28,66.389999
2014-07-29,65.199997
2014-07-30,64.66999799999999
2014-07-31,63.360001000000004
2014-08-01,63.48
2014-08-04,63.73
2014-08-05,63.439999
2014-08-06,63.779999
2014-08-07,63.490002000000004
2014-08-08,64.190002
2014-08-11,63.84
2014-08-12,64.029999
2014-08-13,64.730003
2014-08-14,65.199997
2014-08-15,64.910004
2014-08-18,66.18
2014-08-19,65.83000200000001
2014-08-20,65.66999799999999
2014-08-21,65.779999
2014-08-22,64.989998
2014-08-25,65.989998
2014-08-26,66.43
2014-08-27,66.529999
2014-08-28,66.58000200000001
2014-08-29,66.75
2014-09-02,66.839996
2014-09-03,66.410004
2014-09-04,66.41999799999999
2014-09-05,66.660004
2014-09-08,66.660004
2014-09-09,65.660004
2014-09-10,65.41999799999999
2014-09-11,64.769997
2014-09-12,64.68
2014-09-15,65.18
2014-09-16,65.41999799999999
2014-09-17,65.300003
2014-09-18,65.769997
2014-09-19,66.32
2014-09-22,65.720001
2014-09-23,64.860001
2014-09-24,65.470001
2014-09-25,64.82
2014-09-26,65.300003
2014-09-29,64.629997
2014-09-30,64.300003
2014-10-01,63.029999
2014-10-02,63.450001
2014-10-03,64.32
2014-10-06,63.740002000000004
2014-10-07,62.689999
2014-10-08,63.700001
2014-10-09,62.049999
2014-10-10,61.41
2014-10-13,60.810001
2014-10-14,61.689999
2014-10-15,61.09
2014-10-16,61.66
2014-10-17,62.32
2014-10-20,62.77
2014-10-21,64.370003
2014-10-22,64.110001
2014-10-23,64.540001
2014-10-24,65.589996
2014-10-27,66.5
2014-10-28,66.739998
2014-10-29,67.230003
2014-10-30,67.699997
2014-10-31,68.220001
2014-11-03,68.629997
2014-11-04,68.66999799999999
2014-11-05,68.589996
2014-11-06,68.41999799999999
2014-11-07,67.970001
2014-11-10,68.0
2014-11-11,67.809998
2014-11-12,68.139999
2014-11-13,67.839996
2014-11-14,67.589996
2014-11-17,67.940002
2014-11-18,67.989998
2014-11-19,67.699997
2014-11-20,67.970001
2014-11-21,68.690002
2014-11-24,68.349998
2014-11-25,67.940002
2014-11-26,67.589996
2014-11-28,67.589996
2014-12-01,67.349998
2014-12-02,67.839996
2014-12-03,68.639999
2014-12-04,69.0
2014-12-05,68.790001
2014-12-08,69.07
2014-12-09,68.400002
2014-12-10,67.400002
2014-12-11,67.989998
2014-12-12,66.190002
2014-12-15,65.400002
2014-12-16,65.07
2014-12-17,66.190002
2014-12-18,67.709999
2014-12-19,68.650002
2014-12-22,68.709999
2014-12-23,69.230003
2014-12-24,69.16999799999999
2014-12-26,69.059998
2014-12-29,69.190002
2014-12-30,69.519997
2014-12-31,68.43
2015-01-02,67.769997
2015-01-05,66.25
2015-01-06,65.33000200000001
2015-01-07,65.589996
2015-01-08,66.57
2015-01-09,66.339996
2015-01-12,66.019997
2015-01-13,66.019997
2015-01-14,65.519997
2015-01-15,64.660004
2015-01-16,65.18
2015-01-20,64.449997
2015-01-21,64.959999
2015-01-22,65.959999
2015-01-23,65.279999
2015-01-26,65.370003
2015-01-27,65.120003
2015-01-28,63.830002
2015-01-29,64.440002
2015-01-30,63.509997999999996
2015-02-02,64.58000200000001
2015-02-03,65.660004
2015-02-04,65.559998
2015-02-05,66.279999
2015-02-06,66.349998
2015-02-09,65.839996
2015-02-10,66.050003
2015-02-11,66.300003
2015-02-12,66.41999799999999
2015-02-13,61.439999
2015-02-17,60.869999
2015-02-18,60.57
2015-02-19,60.830002
2015-02-20,60.669998
2015-02-23,60.220001
2015-02-24,60.75
2015-02-25,61.27
2015-02-26,61.060001
2015-02-27,61.27
2015-03-02,61.689999
2015-03-03,61.369999
2015-03-04,60.549999
2015-03-05,61.639998999999996
2015-03-06,61.59
2015-03-09,62.200001
2015-03-10,60.869999
2015-03-11,60.299999
2015-03-12,61.869999
2015-03-13,61.220001
2015-03-16,61.77
2015-03-17,61.849998
2015-03-18,62.02
2015-03-19,61.310001
2015-03-20,62.189999
2015-03-23,62.200001
2015-03-24,62.110001000000004
2015-03-25,60.98
2015-03-26,61.310001
2015-03-27,60.93
2015-03-30,61.610001000000004
2015-03-31,61.41
2015-04-01,61.16
2015-04-02,61.41
2015-04-06,61.330002
2015-04-07,61.150002
2015-04-08,61.700001
2015-04-09,61.799999
2015-04-10,61.790001000000004
2015-04-13,62.200001
2015-04-14,61.580002
2015-04-15,61.5
2015-04-16,61.75
2015-04-17,60.919998
2015-04-20,61.25
2015-04-21,60.360001000000004
2015-04-22,60.610001000000004
2015-04-23,60.5
2015-04-24,60.09
2015-04-27,59.860001000000004
2015-04-28,60.689999
2015-04-29,62.169998
2015-04-30,61.459998999999996
2015-05-01,61.919998
2015-05-04,62.470001
2015-05-05,62.900002
2015-05-06,64.540001
2015-05-07,64.660004
2015-05-08,64.660004
2015-05-11,64.889999
2015-05-12,64.32
2015-05-13,64.059998
2015-05-14,64.91999799999999
2015-05-15,65.25
2015-05-18,66.139999
2015-05-19,66.400002
2015-05-20,66.5
2015-05-21,66.459999
2015-05-22,66.300003
2015-05-26,65.68
2015-05-27,65.879997
2015-05-28,65.860001
2015-05-29,65.849998
2015-06-01,65.620003
2015-06-02,65.739998
2015-06-03,66.400002
2015-06-04,65.559998
2015-06-05,65.91999799999999
2015-06-08,65.550003
2015-06-09,65.82
2015-06-10,67.550003
2015-06-11,67.040001
2015-06-12,66.82
2015-06-15,66.599998
2015-06-16,67.709999
2015-06-17,67.57
2015-06-18,68.610001
2015-06-19,68.559998
2015-06-22,68.489998
2015-06-23,68.870003
2015-06-24,68.400002
2015-06-25,68.029999
2015-06-26,68.370003
2015-06-29,66.610001
2015-06-30,67.0
2015-07-01,68.550003
2015-07-02,68.610001
2015-07-06,68.389999
2015-07-07,69.540001
2015-07-08,68.139999
2015-07-09,69.0
2015-07-10,70.199997
2015-07-13,71.269997
2015-07-14,71.940002
2015-07-15,73.110001
2015-07-16,73.540001
2015-07-17,72.720001
2015-07-20,72.389999
2015-07-21,72.699997
2015-07-22,73.150002
2015-07-23,72.699997
2015-07-24,73.059998
2015-07-27,72.629997
2015-07-28,72.889999
2015-07-29,74.099998
2015-07-30,75.150002
2015-07-31,74.599998
2015-08-03,76.33000200000001
2015-08-04,76.059998
2015-08-05,76.66999799999999
2015-08-06,76.690002
2015-08-07,77.059998
2015-08-10,78.010002
2015-08-11,79.129997
2015-08-12,78.849998
2015-08-13,79.559998
2015-08-14,79.599998
2015-08-17,79.480003
2015-08-18,79.379997
2015-08-19,78.940002
2015-08-20,77.110001
2015-08-21,74.849998
2015-08-24,71.589996
2015-08-25,72.029999
2015-08-26,74.339996
2015-08-27,75.099998
2015-08-28,74.790001
2015-08-31,74.349998
2015-09-01,72.190002
2015-09-02,73.089996
2015-09-03,73.129997
2015-09-04,72.440002
2015-09-08,73.779999
2015-09-09,73.32
2015-09-10,75.459999
2015-09-11,76.82
2015-09-14,76.639999
2015-09-15,77.800003
2015-09-16,76.91999799999999
2015-09-17,76.650002
2015-09-18,75.5
2015-09-21,76.32
2015-09-22,75.599998
2015-09-23,76.400002
2015-09-24,76.980003
2015-09-25,78.089996
2015-09-28,76.620003
2015-09-29,77.449997
2015-09-30,79.010002
2015-10-01,78.489998
2015-10-02,78.25
2015-10-05,79.68
2015-10-06,80.150002
2015-10-07,80.040001
2015-10-08,81.720001
2015-10-09,80.559998
2015-10-12,80.41999799999999
2015-10-13,80.480003
2015-10-14,79.66999799999999
2015-10-15,80.0
2015-10-16,80.07
2015-10-19,81.050003
2015-10-20,82.199997
2015-10-21,79.910004
2015-10-22,80.790001
2015-10-23,81.849998
2015-10-26,82.040001
2015-10-27,81.08000200000001
2015-10-28,81.400002
2015-10-29,82.440002
2015-10-30,81.529999
2015-11-02,82.93
2015-11-03,83.510002
2015-11-04,82.889999
2015-11-05,83.83000200000001
2015-11-06,84.900002
2015-11-09,84.07
2015-11-10,84.870003
2015-11-11,84.389999
2015-11-12,82.760002
2015-11-13,82.150002
2015-11-16,83.470001
2015-11-17,83.980003
2015-11-18,85.529999
2015-11-19,85.66999799999999
2015-11-20,86.290001
2015-11-23,85.889999
2015-11-24,85.610001
2015-11-25,84.809998
2015-11-27,85.150002
2015-11-30,85.519997
2015-12-01,85.260002
2015-12-02,84.620003
2015-12-03,82.989998
2015-12-04,86.559998
2015-12-07,86.809998
2015-12-08,85.839996
2015-12-09,84.089996
2015-12-10,84.110001
2015-12-11,82.290001
2015-12-14,81.43
2015-12-15,81.849998
2015-12-16,82.550003
2015-12-17,80.889999
2015-12-18,79.089996
2015-12-21,79.959999
2015-12-22,80.480003
2015-12-23,80.959999
2015-12-24,80.879997
2015-12-28,80.940002
2015-12-29,81.989998
2015-12-30,81.370003
2015-12-31,80.540001
2016-01-04,78.519997
2016-01-05,79.83000200000001
2016-01-06,78.779999
2016-01-07,77.010002
2016-01-08,76.07
2016-01-11,77.400002
2016-01-12,77.790001
2016-01-13,78.449997
2016-01-14,79.33000200000001
2016-01-15,78.269997
2016-01-19,78.519997
2016-01-20,76.639999
2016-01-21,77.199997
2016-01-22,79.470001
2016-01-25,78.110001
2016-01-26,79.209999
2016-01-27,78.949997
2016-01-28,79.449997
2016-01-29,81.309998
2016-02-01,80.980003
2016-02-02,79.33000200000001
2016-02-03,79.449997
2016-02-04,78.639999
2016-02-05,78.480003
2016-02-08,76.230003
2016-02-09,76.489998
2016-02-10,66.230003
2016-02-11,66.910004
2016-02-12,67.07
2016-02-16,67.25
2016-02-17,69.25
2016-02-18,68.43
2016-02-19,70.33000200000001
2016-02-22,70.589996
2016-02-23,70.16999799999999
2016-02-24,70.610001
2016-02-25,72.470001
2016-02-26,72.739998
2016-02-29,71.099998
2016-03-01,73.339996
2016-03-02,73.269997
2016-03-03,74.150002
2016-03-04,74.110001
2016-03-07,73.449997
2016-03-08,75.220001
2016-03-09,76.629997
2016-03-10,76.779999
2016-03-11,77.599998
2016-03-14,77.43
2016-03-15,78.66999799999999
2016-03-16,77.93
2016-03-17,78.5
2016-03-18,78.019997
2016-03-21,78.33000200000001
2016-03-22,78.610001
2016-03-23,77.959999
2016-03-24,77.18
2016-03-28,77.650002
2016-03-29,77.110001
2016-03-30,78.360001
2016-03-31,77.150002
2016-04-01,78.110001
2016-04-04,77.739998
2016-04-05,77.379997
2016-04-06,77.959999
2016-04-07,77.089996
2016-04-08,77.910004
2016-04-11,78.620003
2016-04-12,79.699997
2016-04-13,81.269997
2016-04-14,80.879997
2016-04-15,80.839996
2016-04-18,81.349998
2016-04-19,81.519997
2016-04-20,81.410004
2016-04-21,78.980003
2016-04-22,79.629997
2016-04-25,78.980003
2016-04-26,79.309998
2016-04-27,85.33000200000001
2016-04-28,84.589996
2016-04-29,84.57
2016-05-02,86.25
2016-05-03,86.230003
2016-05-04,86.050003
2016-05-05,86.25
2016-05-06,86.360001
2016-05-09,86.07
2016-05-10,87.010002
2016-05-11,86.389999
2016-05-12,87.290001
2016-05-13,87.010002
2016-05-16,87.370003
2016-05-17,86.32
2016-05-18,87.959999
2016-05-19,87.160004
2016-05-20,87.699997
2016-05-23,87.139999
2016-05-24,88.66999799999999
2016-05-25,87.739998
2016-05-26,86.599998
2016-05-27,87.449997
2016-05-31,87.389999
2016-06-01,86.449997
2016-06-02,85.66999799999999
2016-06-03,85.010002
2016-06-06,84.690002
2016-06-07,84.970001
2016-06-08,85.08000200000001
2016-06-09,85.040001
2016-06-10,84.769997
2016-06-13,84.190002
2016-06-14,83.959999
2016-06-15,83.599998
2016-06-16,85.25
2016-06-17,85.510002
2016-06-20,85.75
2016-06-21,85.860001
2016-06-22,86.150002
2016-06-23,86.58000200000001
2016-06-24,83.209999
2016-06-27,81.010002
2016-06-28,83.16999799999999
2016-06-29,84.339996
2016-06-30,86.309998
2016-07-01,87.949997
2016-07-05,85.489998
2016-07-06,85.400002
2016-07-07,84.41999799999999
2016-07-08,86.43
2016-07-11,86.870003
2016-07-12,87.529999
2016-07-13,87.940002
2016-07-14,88.309998
2016-07-15,87.93
2016-07-18,87.589996
2016-07-19,87.589996
2016-07-20,87.389999
2016-07-21,87.32
2016-07-22,87.900002
2016-07-25,87.599998
2016-07-26,86.510002
2016-07-27,83.75
2016-07-28,83.349998
2016-07-29,83.010002
2016-08-01,83.25
2016-08-02,83.290001
2016-08-03,84.110001
2016-08-04,83.690002
2016-08-05,84.809998
2016-08-08,84.760002
2016-08-09,84.779999
2016-08-10,84.779999
2016-08-11,85.239998
2016-08-12,85.190002
2016-08-15,85.790001
2016-08-16,85.190002
2016-08-17,85.800003
2016-08-18,86.139999
2016-08-19,86.870003
2016-08-22,86.709999
2016-08-23,86.730003
2016-08-24,86.839996
2016-08-25,87.639999
2016-08-26,87.690002
2016-08-29,88.720001
2016-08-30,89.5
2016-08-31,89.550003
2016-09-01,89.260002
2016-09-02,90.239998
2016-09-06,89.879997
2016-09-07,90.129997
2016-09-08,89.949997
2016-09-09,89.230003
2016-09-12,90.300003
2016-09-13,88.470001
2016-09-14,87.33000200000001
2016-09-15,87.879997
2016-09-16,87.860001
2016-09-19,89.620003
2016-09-20,89.300003
2016-09-21,90.699997
2016-09-22,91.279999
2016-09-23,90.139999
2016-09-26,89.940002
2016-09-27,90.709999
2016-09-28,91.769997
2016-09-29,91.470001
2016-09-30,92.25
2016-10-03,90.540001
2016-10-04,90.400002
2016-10-05,90.940002
2016-10-06,89.940002
2016-10-07,89.93
2016-10-10,90.800003
2016-10-11,90.5
2016-10-12,91.129997
2016-10-13,90.089996
2016-10-14,90.980003
2016-10-17,91.260002
2016-10-18,91.300003
2016-10-19,83.650002
2016-10-20,83.389999
2016-10-21,82.809998
2016-10-24,82.889999
2016-10-25,82.25
2016-10-26,81.93
2016-10-27,80.16999799999999
2016-10-28,79.980003
2016-10-31,80.519997
2016-11-01,79.360001
2016-11-02,78.720001
2016-11-03,80.379997
2016-11-04,79.730003
2016-11-07,79.980003
2016-11-08,80.089996
2016-11-09,82.019997
2016-11-10,83.489998
2016-11-11,82.989998
2016-11-14,86.010002
2016-11-15,86.0
2016-11-16,86.349998
2016-11-17,86.32
2016-11-18,85.790001
2016-11-21,85.739998
2016-11-22,85.559998
2016-11-23,86.190002
2016-11-25,86.410004
2016-11-28,85.900002
2016-11-29,86.07
2016-11-30,86.339996
2016-12-01,86.779999
2016-12-02,86.099998
2016-12-05,86.660004
2016-12-06,88.889999
2016-12-07,90.239998
2016-12-08,93.510002
2016-12-09,92.160004
2016-12-12,92.139999
2016-12-13,92.059998
2016-12-14,92.129997
2016-12-15,92.470001
2016-12-16,91.339996
2016-12-19,92.410004
2016-12-20,92.300003
2016-12-21,92.32
2016-12-22,93.190002
2016-12-23,93.279999
2016-12-27,93.739998
2016-12-28,93.190002
2016-12-29,92.66999799999999
2016-12-30,92.860001
