2008-12-31,29.32
2009-01-02,30.190001000000002
2009-01-05,30.07
2009-01-06,30.23
2009-01-07,29.059998999999998
2009-01-08,28.870001000000002
2009-01-09,28.389999
2009-01-12,28.02
2009-01-13,28.469998999999998
2009-01-14,28.07
2009-01-15,28.66
2009-01-16,29.07
2009-01-20,27.950001
2009-01-21,29.559998999999998
2009-01-22,29.780001000000002
2009-01-23,30.120001000000002
2009-01-26,30.0
2009-01-27,30.25
2009-01-28,32.0
2009-01-29,31.219998999999998
2009-01-30,30.34
2009-02-02,30.25
2009-02-03,30.6
2009-02-04,30.24
2009-02-05,30.639999
2009-02-06,30.200001
2009-02-09,30.040001
2009-02-10,28.91
2009-02-11,28.92
2009-02-12,28.860001
2009-02-13,28.85
2009-02-17,27.23
2009-02-18,26.93
2009-02-19,26.25
2009-02-20,26.6
2009-02-23,25.690001000000002
2009-02-24,27.25
2009-02-25,26.82
2009-02-26,28.799999
2009-02-27,29.120001000000002
2009-03-02,27.860001
2009-03-03,27.35
2009-03-04,28.209999
2009-03-05,27.35
2009-03-06,27.280001000000002
2009-03-09,26.870001000000002
2009-03-10,28.389999
2009-03-11,29.299999
2009-03-12,29.860001
2009-03-13,29.24
2009-03-16,29.040001
2009-03-17,30.200001
2009-03-18,31.0
2009-03-19,30.83
2009-03-20,30.6
2009-03-23,32.119999
2009-03-24,32.02
2009-03-25,31.91
2009-03-26,31.719998999999998
2009-03-27,32.009997999999996
2009-03-30,30.469998999999998
2009-03-31,30.43
2009-04-01,31.540001
2009-04-02,33.139998999999996
2009-04-03,34.389998999999996
2009-04-06,32.689999
2009-04-07,31.780001000000002
2009-04-08,31.870001000000002
2009-04-09,32.82
2009-04-13,32.220001
2009-04-14,30.91
2009-04-15,32.450001
2009-04-16,33.16
2009-04-17,32.900002
2009-04-20,31.549999
2009-04-21,32.23
2009-04-22,32.009997999999996
2009-04-23,31.99
2009-04-24,32.790001000000004
2009-04-27,32.93
2009-04-28,32.540001000000004
2009-04-29,33.290001000000004
2009-04-30,31.76
2009-05-01,30.809998999999998
2009-05-04,29.84
2009-05-05,31.030001000000002
2009-05-06,31.110001
2009-05-07,30.01
2009-05-08,29.48
2009-05-11,29.59
2009-05-12,28.950001
2009-05-13,28.059998999999998
2009-05-14,28.889999
2009-05-15,28.209999
2009-05-18,30.280001000000002
2009-05-19,30.129998999999998
2009-05-20,29.98
2009-05-21,29.4
2009-05-22,29.540001
2009-05-26,30.48
2009-05-27,30.629998999999998
2009-05-28,31.18
2009-05-29,31.870001000000002
2009-06-01,32.209998999999996
2009-06-02,32.049999
2009-06-03,31.030001000000002
2009-06-04,30.85
2009-06-05,30.49
2009-06-08,29.709999
2009-06-09,30.66
2009-06-10,30.190001000000002
2009-06-11,30.23
2009-06-12,30.43
2009-06-15,29.879998999999998
2009-06-16,29.450001
2009-06-17,29.280001000000002
2009-06-18,29.59
2009-06-19,29.65
2009-06-22,29.209999
2009-06-23,29.83
2009-06-24,31.639999
2009-06-25,32.060001
2009-06-26,31.870001000000002
2009-06-29,32.220001
2009-06-30,31.530001000000002
2009-07-01,31.65
2009-07-02,30.98
2009-07-06,30.67
2009-07-07,30.1
2009-07-08,30.27
2009-07-09,30.92
2009-07-10,30.780001000000002
2009-07-13,31.629998999999998
2009-07-14,31.83
2009-07-15,32.720001
2009-07-16,32.610001000000004
2009-07-17,32.220001
2009-07-20,32.459998999999996
2009-07-21,32.330002
2009-07-22,32.709998999999996
2009-07-23,33.77
2009-07-24,33.48
2009-07-27,33.439999
2009-07-28,33.529999
2009-07-29,33.290001000000004
2009-07-30,34.369999
2009-07-31,34.09
2009-08-03,34.900002
2009-08-04,34.41
2009-08-05,33.52
2009-08-06,32.779999
2009-08-07,32.27
2009-08-10,32.369999
2009-08-11,32.259997999999996
2009-08-12,32.259997999999996
2009-08-13,32.52
2009-08-14,32.130001
2009-08-17,31.719998999999998
2009-08-18,32.450001
2009-08-19,32.360001000000004
2009-08-20,33.029999
2009-08-21,33.119999
2009-08-24,32.790001000000004
2009-08-25,32.52
2009-08-26,32.450001
2009-08-27,32.240002000000004
2009-08-28,32.110001000000004
2009-08-31,31.65
2009-09-01,31.09
2009-09-02,30.98
2009-09-03,31.99
2009-09-04,33.380001
2009-09-08,34.279999
2009-09-09,34.27
2009-09-10,34.959998999999996
2009-09-11,35.43
2009-09-14,34.799999
2009-09-15,35.450001
2009-09-16,35.779999
2009-09-17,36.689999
2009-09-18,37.630001
2009-09-21,37.369999
2009-09-22,37.32
2009-09-23,37.200001
2009-09-24,36.400002
2009-09-25,36.389998999999996
2009-09-28,36.849998
2009-09-29,36.389998999999996
2009-09-30,36.400002
2009-10-01,35.380001
2009-10-02,35.650002
2009-10-05,36.439999
2009-10-06,37.25
2009-10-07,36.91
2009-10-08,36.610001000000004
2009-10-09,36.68
2009-10-12,37.73
2009-10-13,37.169998
2009-10-14,38.119999
2009-10-15,40.040001000000004
2009-10-16,39.450001
2009-10-19,40.080002
2009-10-20,39.630001
2009-10-21,38.950001
2009-10-22,39.060001
2009-10-23,38.459998999999996
2009-10-26,38.130001
2009-10-27,37.759997999999996
2009-10-28,37.279999
2009-10-29,38.240002000000004
2009-10-30,36.82
2009-11-02,37.130001
2009-11-03,38.419998
2009-11-04,38.349998
2009-11-05,38.700001
2009-11-06,38.759997999999996
2009-11-09,39.720001
2009-11-10,39.66
2009-11-11,39.990002000000004
2009-11-12,39.419998
2009-11-13,39.77
2009-11-16,40.52
2009-11-17,41.139998999999996
2009-11-18,40.939999
2009-11-19,40.419998
2009-11-20,40.639998999999996
2009-11-23,40.799999
2009-11-24,40.810001
2009-11-25,41.25
2009-11-27,40.880001
2009-11-30,40.919998
2009-12-01,41.669998
2009-12-02,41.540001000000004
2009-12-03,40.990002000000004
2009-12-04,41.0
2009-12-07,40.32
2009-12-08,39.169998
2009-12-09,39.369999
2009-12-10,40.099998
2009-12-11,40.040001000000004
2009-12-14,40.82
2009-12-15,40.950001
2009-12-16,41.580002
2009-12-17,41.66
2009-12-18,42.119999
2009-12-21,42.66
2009-12-22,43.040001000000004
2009-12-23,42.939999
2009-12-24,43.419998
2009-12-28,43.470001
2009-12-29,43.18
2009-12-30,43.310001
2009-12-31,43.209998999999996
2010-01-04,43.459998999999996
2010-01-05,44.18
2010-01-06,44.41
2010-01-07,44.290001000000004
2010-01-08,44.380001
2010-01-11,43.98
2010-01-12,43.439999
2010-01-13,44.360001000000004
2010-01-14,44.610001000000004
2010-01-15,44.0
2010-01-19,44.189999
2010-01-20,44.330002
2010-01-21,43.98
2010-01-22,42.18
2010-01-25,43.200001
2010-01-26,42.540001000000004
2010-01-27,42.66
2010-01-28,42.32
2010-01-29,42.450001
2010-02-01,43.080002
2010-02-02,43.029999
2010-02-03,42.790001000000004
2010-02-04,41.02
2010-02-05,40.099998
2010-02-08,40.669998
2010-02-09,41.450001
2010-02-10,41.59
2010-02-11,42.52
2010-02-12,42.619999
2010-02-16,43.360001000000004
2010-02-17,43.709998999999996
2010-02-18,43.389998999999996
2010-02-19,43.919998
2010-02-22,43.779999
2010-02-23,42.810001
2010-02-24,42.619999
2010-02-25,42.799999
2010-02-26,42.66
2010-03-01,42.93
2010-03-02,42.779999
2010-03-03,42.98
2010-03-04,42.959998999999996
2010-03-05,43.41
2010-03-08,42.450001
2010-03-09,42.889998999999996
2010-03-10,43.110001000000004
2010-03-11,43.5
2010-03-12,43.380001
2010-03-15,43.34
2010-03-16,44.259997999999996
2010-03-17,44.25
2010-03-18,44.009997999999996
2010-03-19,44.290001000000004
2010-03-22,44.25
2010-03-23,44.57
2010-03-24,44.470001
2010-03-25,42.459998999999996
2010-03-26,41.650002
2010-03-29,42.77
2010-03-30,42.779999
2010-03-31,42.610001000000004
2010-04-01,42.700001
2010-04-05,43.32
2010-04-06,42.810001
2010-04-07,41.830002
2010-04-08,42.029999
2010-04-09,42.619999
2010-04-12,42.349998
2010-04-13,42.150002
2010-04-14,42.110001000000004
2010-04-15,42.029999
2010-04-16,41.970001
2010-04-19,41.540001000000004
2010-04-20,42.18
2010-04-21,42.02
2010-04-22,42.169998
2010-04-23,42.369999
2010-04-26,41.860001000000004
2010-04-27,41.139998999999996
2010-04-28,40.790001000000004
2010-04-29,41.049999
2010-04-30,40.810001
2010-05-03,41.279999
2010-05-04,41.009997999999996
2010-05-05,40.880001
2010-05-06,40.029999
2010-05-07,38.860001000000004
2010-05-10,40.860001000000004
2010-05-11,40.970001
2010-05-12,41.720001
2010-05-13,41.75
2010-05-14,41.18
2010-05-17,41.52
2010-05-18,41.130001
2010-05-19,40.490002000000004
2010-05-20,39.049999
2010-05-21,40.380001
2010-05-24,39.509997999999996
2010-05-25,39.630001
2010-05-26,39.75
2010-05-27,40.990002000000004
2010-05-28,40.529999
2010-06-01,39.84
2010-06-02,41.450001
2010-06-03,42.48
2010-06-04,41.509997999999996
2010-06-07,41.900002
2010-06-08,42.25
2010-06-09,41.970001
2010-06-10,43.189999
2010-06-11,44.220001
2010-06-14,43.669998
2010-06-15,44.389998999999996
2010-06-16,44.700001
2010-06-17,44.970001
2010-06-18,45.07
2010-06-21,45.119999
2010-06-22,44.369999
2010-06-23,44.709998999999996
2010-06-24,43.540001000000004
2010-06-25,43.98
2010-06-28,45.330002
2010-06-29,44.509997999999996
2010-06-30,44.5
2010-07-01,44.09
2010-07-02,43.700001
2010-07-06,45.110001000000004
2010-07-07,46.880001
2010-07-08,46.389998999999996
2010-07-09,46.009997999999996
2010-07-12,45.32
2010-07-13,45.599998
2010-07-14,45.779999
2010-07-15,45.549999
2010-07-16,44.189999
2010-07-19,44.130001
2010-07-20,46.580002
2010-07-21,45.619999
2010-07-22,46.389998999999996
2010-07-23,46.77
2010-07-26,46.299999
2010-07-27,45.610001000000004
2010-07-28,45.709998999999996
2010-07-29,45.529999
2010-07-30,46.240002000000004
2010-08-02,46.689999
2010-08-03,46.459998999999996
2010-08-04,46.939999
2010-08-05,46.959998999999996
2010-08-06,46.75
2010-08-09,46.75
2010-08-10,46.669998
2010-08-11,45.220001
2010-08-12,45.889998999999996
2010-08-13,45.759997999999996
2010-08-16,46.040001000000004
2010-08-17,47.41
2010-08-18,48.02
2010-08-19,47.490002000000004
2010-08-20,47.43
2010-08-23,46.939999
2010-08-24,46.220001
2010-08-25,47.16
2010-08-26,47.099998
2010-08-27,47.360001000000004
2010-08-30,46.459998999999996
2010-08-31,46.860001000000004
2010-09-01,47.25
2010-09-02,47.84
2010-09-03,48.220001
2010-09-07,48.369999
2010-09-08,49.360001000000004
2010-09-09,49.09
2010-09-10,49.07
2010-09-13,49.0
2010-09-14,48.73
2010-09-15,48.880001
2010-09-16,48.360001000000004
2010-09-17,49.27
2010-09-20,50.07
2010-09-21,50.48
2010-09-22,50.5
2010-09-23,50.580002
2010-09-24,51.689999
2010-09-27,51.82
2010-09-28,52.110001000000004
2010-09-29,51.790001000000004
2010-09-30,51.259997999999996
2010-10-01,51.619999
2010-10-04,51.060001
2010-10-05,51.880001
2010-10-06,50.75
2010-10-07,50.41
2010-10-08,50.369999
2010-10-11,50.009997999999996
2010-10-12,50.619999
2010-10-13,50.759997999999996
2010-10-14,51.380001
2010-10-15,50.810001
2010-10-18,50.490002000000004
2010-10-19,49.790001000000004
2010-10-20,50.450001
2010-10-21,50.02
2010-10-22,50.220001
2010-10-25,50.810001
2010-10-26,50.84
2010-10-27,50.700001
2010-10-28,51.740002000000004
2010-10-29,51.610001000000004
2010-11-01,51.790001000000004
2010-11-02,51.880001
2010-11-03,52.130001
2010-11-04,52.41
2010-11-05,51.919998
2010-11-08,52.369999
2010-11-09,52.189999
2010-11-10,53.110001000000004
2010-11-11,53.139998999999996
2010-11-12,52.360001000000004
2010-11-15,51.459998999999996
2010-11-16,50.540001000000004
2010-11-17,51.040001000000004
2010-11-18,51.59
2010-11-19,51.939999
2010-11-22,51.830002
2010-11-23,51.150002
2010-11-24,52.040001000000004
2010-11-26,51.77
2010-11-29,50.82
2010-11-30,50.57
2010-12-01,51.029999
2010-12-02,51.810001
2010-12-03,51.580002
2010-12-06,51.77
2010-12-07,51.759997999999996
2010-12-08,51.07
2010-12-09,50.849998
2010-12-10,50.459998999999996
2010-12-13,50.009997999999996
2010-12-14,50.439999
2010-12-15,50.130001
2010-12-16,49.990002000000004
2010-12-17,49.610001000000004
2010-12-20,51.049999
2010-12-21,50.720001
2010-12-22,50.790001000000004
2010-12-23,50.529999
2010-12-27,50.84
2010-12-28,50.93
2010-12-29,51.18
2010-12-30,51.470001
2010-12-31,51.639998999999996
2011-01-03,51.630001
2011-01-04,51.470001
2011-01-05,50.759997999999996
2011-01-06,50.619999
2011-01-07,50.5
2011-01-10,50.41
2011-01-11,50.470001
2011-01-12,50.700001
2011-01-13,50.75
2011-01-14,49.849998
2011-01-18,49.490002000000004
2011-01-19,49.18
2011-01-20,50.32
2011-01-21,50.52
2011-01-24,51.009997999999996
2011-01-25,51.369999
2011-01-26,51.939999
2011-01-27,52.0
2011-01-28,51.32
2011-01-31,50.860001000000004
2011-02-01,51.779999
2011-02-02,51.91
2011-02-03,52.68
2011-02-04,53.59
2011-02-07,53.66
2011-02-08,54.279999
2011-02-09,54.59
2011-02-10,55.0
2011-02-11,56.73
2011-02-14,56.009997999999996
2011-02-15,55.810001
2011-02-16,55.619999
2011-02-17,54.650002
2011-02-18,54.259997999999996
2011-02-22,52.98
2011-02-23,51.849998
2011-02-24,52.849998
2011-02-25,53.759997999999996
2011-02-28,53.959998999999996
2011-03-01,52.720001
2011-03-02,52.279999
2011-03-03,53.330002
2011-03-04,53.07
2011-03-07,53.080002
2011-03-08,52.119999
2011-03-09,52.189999
2011-03-10,50.779999
2011-03-11,50.810001
2011-03-14,50.220001
2011-03-15,50.02
2011-03-16,50.439999
2011-03-17,51.040001000000004
2011-03-18,50.619999
2011-03-21,46.610001000000004
2011-03-22,48.720001
2011-03-23,49.470001
2011-03-24,49.07
2011-03-25,49.639998999999996
2011-03-28,50.0
2011-03-29,50.509997999999996
2011-03-30,51.740002000000004
2011-03-31,51.82
2011-04-01,52.330002
2011-04-04,51.970001
2011-04-05,50.740002000000004
2011-04-06,50.900002
2011-04-07,50.77
2011-04-08,50.279999
2011-04-11,50.130001
2011-04-12,49.630001
2011-04-13,50.360001000000004
2011-04-14,50.18
2011-04-15,50.580002
2011-04-18,49.560001
2011-04-19,49.52
2011-04-20,51.049999
2011-04-21,51.310001
2011-04-25,51.049999
2011-04-26,51.790001000000004
2011-04-27,52.869999
2011-04-28,52.380001
2011-04-29,52.310001
2011-05-02,51.540001000000004
2011-05-03,52.52
2011-05-04,51.740002000000004
2011-05-05,52.959998999999996
2011-05-06,52.41
2011-05-09,53.07
2011-05-10,53.689999
2011-05-11,53.52
2011-05-12,53.310001
2011-05-13,52.939999
2011-05-16,52.5
2011-05-17,52.200001
2011-05-18,52.16
2011-05-19,52.080002
2011-05-20,53.639998999999996
2011-05-23,53.150002
2011-05-24,54.139998999999996
2011-05-25,54.299999
2011-05-26,55.220001
2011-05-27,54.91
2011-05-31,55.48
2011-06-01,54.130001
2011-06-02,54.380001
2011-06-03,51.209998999999996
2011-06-06,51.77
2011-06-07,51.290001000000004
2011-06-08,50.150002
2011-06-09,49.849998
2011-06-10,50.0
2011-06-13,50.09
2011-06-14,50.709998999999996
2011-06-15,50.720001
2011-06-16,50.119999
2011-06-17,50.200001
2011-06-20,50.68
2011-06-21,51.779999
2011-06-22,51.939999
2011-06-23,52.490002000000004
2011-06-24,51.75
2011-06-27,51.860001000000004
2011-06-28,52.0
2011-06-29,52.27
2011-06-30,52.330002
2011-07-01,54.279999
2011-07-05,53.59
2011-07-06,53.740002000000004
2011-07-07,53.68
2011-07-08,53.48
2011-07-11,53.060001
2011-07-12,52.91
2011-07-13,53.119999
2011-07-14,52.32
2011-07-15,53.23
2011-07-18,52.220001
2011-07-19,52.91
2011-07-20,52.52
2011-07-21,53.07
2011-07-22,53.32
2011-07-25,52.75
2011-07-26,52.740002000000004
2011-07-27,51.220001
2011-07-28,52.599998
2011-07-29,52.529999
2011-08-01,52.5
2011-08-02,50.5
2011-08-03,53.669998
2011-08-04,51.009997999999996
2011-08-05,49.98
2011-08-08,46.349998
2011-08-09,49.200001
2011-08-10,47.369999
2011-08-11,49.349998
2011-08-12,50.200001
2011-08-15,51.48
2011-08-16,51.029999
2011-08-17,50.849998
2011-08-18,48.349998
2011-08-19,48.830002
2011-08-22,48.91
2011-08-23,50.759997999999996
2011-08-24,51.5
2011-08-25,50.509997999999996
2011-08-26,51.860001000000004
2011-08-29,52.240002000000004
2011-08-30,53.200001
2011-08-31,53.860001000000004
2011-09-01,54.259997999999996
2011-09-02,53.139998999999996
2011-09-06,53.049999
2011-09-07,53.5
2011-09-08,53.41
2011-09-09,52.380001
2011-09-12,52.299999
2011-09-13,52.900002
2011-09-14,54.16
2011-09-15,54.860001000000004
2011-09-16,54.900002
2011-09-19,55.209998999999996
2011-09-20,55.150002
2011-09-21,54.099998
2011-09-22,52.299999
2011-09-23,52.290001000000004
2011-09-26,53.5
2011-09-27,54.580002
2011-09-28,53.959998999999996
2011-09-29,53.59
2011-09-30,53.799999
2011-10-03,52.860001000000004
2011-10-04,54.009997999999996
2011-10-05,55.060001
2011-10-06,55.59
2011-10-07,54.93
2011-10-10,55.919998
2011-10-11,55.27
2011-10-12,55.43
2011-10-13,55.150002
2011-10-14,55.830002
2011-10-17,55.07
2011-10-18,55.669998
2011-10-19,54.990002000000004
2011-10-20,55.049999
2011-10-21,56.34
2011-10-24,57.240002000000004
2011-10-25,55.950001
2011-10-26,55.630001
2011-10-27,56.790001000000004
2011-10-28,56.32
2011-10-31,55.099998
2011-11-01,56.919998
2011-11-02,56.700001
2011-11-03,57.419998
2011-11-04,57.919998
2011-11-07,58.330002
2011-11-08,58.360001000000004
2011-11-09,57.18
2011-11-10,56.630001
2011-11-11,58.18
2011-11-14,57.360001000000004
2011-11-15,58.41
2011-11-16,57.169998
2011-11-17,56.93
2011-11-18,56.759997999999996
2011-11-21,55.900002
2011-11-22,56.0
2011-11-23,55.419998
2011-11-25,55.720001
2011-11-28,56.549999
2011-11-29,57.740002000000004
2011-11-30,59.0
2011-12-01,58.599998
2011-12-02,59.080002
2011-12-05,59.130001
2011-12-06,59.240002000000004
2011-12-07,59.299999
2011-12-08,57.82
2011-12-09,58.59
2011-12-12,58.150002
2011-12-13,58.130001
2011-12-14,57.990002000000004
2011-12-15,58.799999
2011-12-16,59.139998999999996
2011-12-19,57.18
2011-12-20,59.799999
2011-12-21,59.389998999999996
2011-12-22,59.990002000000004
2011-12-23,60.439999
2011-12-27,60.700001
2011-12-28,60.07
2011-12-29,60.59
2011-12-30,60.009997999999996
2012-01-03,58.810001
2012-01-04,59.66
2012-01-05,60.349998
2012-01-06,60.25
2012-01-09,60.419998
2012-01-10,61.310001
2012-01-11,62.25
2012-01-12,62.450001
2012-01-13,62.32
2012-01-17,61.830002
2012-01-18,62.419998
2012-01-19,62.200001
2012-01-20,61.509997999999996
2012-01-23,61.810001
2012-01-24,62.470001
2012-01-25,62.970001
2012-01-26,62.150002
2012-01-27,63.009997999999996
2012-01-30,62.860001000000004
2012-01-31,63.509997999999996
2012-02-01,63.349998
2012-02-02,63.23
2012-02-03,63.369999
2012-02-06,63.130001
2012-02-07,63.369999
2012-02-08,63.849998
2012-02-09,63.790001000000004
2012-02-10,63.290001000000004
2012-02-13,64.010002
2012-02-14,64.379997
2012-02-15,63.549999
2012-02-16,62.560001
2012-02-17,62.5
2012-02-21,62.990002000000004
2012-02-22,63.259997999999996
2012-02-23,63.91
2012-02-24,64.160004
2012-02-27,63.099998
2012-02-28,62.27
2012-02-29,62.580002
2012-03-01,63.040001000000004
2012-03-02,62.59
2012-03-05,62.889998999999996
2012-03-06,62.18
2012-03-07,62.18
2012-03-08,62.439999
2012-03-09,62.220001
2012-03-12,62.0
2012-03-13,61.900002
2012-03-14,62.959998999999996
2012-03-15,63.169998
2012-03-16,63.34
2012-03-19,63.849998
2012-03-20,62.93
2012-03-21,62.439999
2012-03-22,61.98
2012-03-23,61.75
2012-03-26,62.27
2012-03-27,62.099998
2012-03-28,62.259997999999996
2012-03-29,62.380001
2012-03-30,63.02
2012-04-02,64.010002
2012-04-03,63.240002000000004
2012-04-04,62.650002
2012-04-05,63.41
2012-04-09,62.299999
2012-04-10,61.619999
2012-04-11,63.09
2012-04-12,63.810001
2012-04-13,63.16
2012-04-16,63.720001
2012-04-17,64.360001
2012-04-18,64.099998
2012-04-19,63.849998
2012-04-20,64.0
2012-04-23,63.130001
2012-04-24,63.529999
2012-04-25,64.739998
2012-04-26,64.860001
2012-04-27,65.099998
2012-04-30,65.58000200000001
2012-05-01,65.43
2012-05-02,65.91999799999999
2012-05-03,67.050003
2012-05-04,66.440002
2012-05-07,67.25
2012-05-08,67.75
2012-05-09,67.0
2012-05-10,67.540001
2012-05-11,67.620003
2012-05-14,67.199997
2012-05-15,67.769997
2012-05-16,66.82
2012-05-17,64.800003
2012-05-18,64.41999799999999
2012-05-21,65.510002
2012-05-22,65.07
2012-05-23,65.18
2012-05-24,65.849998
2012-05-25,65.75
2012-05-29,66.309998
2012-05-30,65.190002
2012-05-31,64.879997
2012-06-01,63.150002
2012-06-04,63.09
2012-06-05,64.089996
2012-06-06,65.790001
2012-06-07,65.339996
2012-06-08,66.300003
2012-06-11,65.639999
2012-06-12,66.389999
2012-06-13,66.220001
2012-06-14,67.199997
2012-06-15,67.760002
2012-06-18,68.620003
2012-06-19,68.989998
2012-06-20,68.470001
2012-06-21,67.129997
2012-06-22,67.860001
2012-06-25,67.360001
2012-06-26,68.550003
2012-06-27,69.629997
2012-06-28,69.68
2012-06-29,69.910004
2012-07-02,71.5
2012-07-03,71.43
2012-07-05,71.220001
2012-07-06,70.790001
2012-07-09,71.82
2012-07-10,69.900002
2012-07-11,70.199997
2012-07-12,71.089996
2012-07-13,72.150002
2012-07-16,72.279999
2012-07-17,73.029999
2012-07-18,70.099998
2012-07-19,70.519997
2012-07-20,70.91999799999999
2012-07-23,69.940002
2012-07-24,69.139999
2012-07-25,69.260002
2012-07-26,71.029999
2012-07-27,72.33000200000001
2012-07-30,72.110001
2012-07-31,72.309998
2012-08-01,71.559998
2012-08-02,72.190002
2012-08-03,73.07
2012-08-06,72.5
2012-08-07,70.519997
2012-08-08,70.040001
2012-08-09,70.279999
2012-08-10,70.510002
2012-08-13,71.209999
2012-08-14,71.379997
2012-08-15,71.199997
2012-08-16,71.050003
2012-08-17,71.220001
2012-08-20,71.309998
2012-08-21,70.16999799999999
2012-08-22,69.870003
2012-08-23,69.209999
2012-08-24,69.440002
2012-08-27,69.5
2012-08-28,69.489998
2012-08-29,69.75
2012-08-30,70.120003
2012-08-31,70.400002
2012-09-04,70.779999
2012-09-05,70.940002
2012-09-06,71.639999
2012-09-07,71.91999799999999
2012-09-10,71.400002
2012-09-11,71.739998
2012-09-12,71.949997
2012-09-13,72.790001
2012-09-14,71.360001
2012-09-17,71.190002
2012-09-18,71.110001
2012-09-19,70.660004
2012-09-20,70.790001
2012-09-21,70.410004
2012-09-24,70.900002
2012-09-25,70.089996
2012-09-26,70.720001
2012-09-27,71.059998
2012-09-28,71.389999
2012-10-01,71.07
2012-10-02,71.660004
2012-10-03,72.660004
2012-10-04,71.91999799999999
2012-10-05,72.82
2012-10-08,72.510002
2012-10-09,71.639999
2012-10-10,72.550003
2012-10-11,71.66999799999999
2012-10-12,72.16999799999999
2012-10-15,75.349998
2012-10-16,74.760002
2012-10-17,74.790001
2012-10-18,75.489998
2012-10-19,73.839996
2012-10-22,73.559998
2012-10-23,73.43
2012-10-24,73.5
2012-10-25,73.32
2012-10-26,73.370003
2012-10-31,75.290001
2012-11-01,74.58000200000001
2012-11-02,74.470001
2012-11-05,73.989998
2012-11-06,73.769997
2012-11-07,75.239998
2012-11-08,74.480003
2012-11-09,74.839996
2012-11-12,74.739998
2012-11-13,74.230003
2012-11-14,73.440002
2012-11-15,72.349998
2012-11-16,73.860001
2012-11-19,73.709999
2012-11-20,73.75
2012-11-21,74.120003
2012-11-23,74.980003
2012-11-26,74.349998
2012-11-27,74.199997
2012-11-28,74.209999
2012-11-29,74.900002
2012-11-30,74.93
2012-12-03,74.879997
2012-12-04,74.83000200000001
2012-12-05,74.610001
2012-12-06,74.980003
2012-12-07,75.449997
2012-12-10,75.120003
2012-12-11,75.209999
2012-12-12,76.190002
2012-12-13,76.089996
2012-12-14,76.66999799999999
2012-12-17,76.900002
2012-12-18,76.800003
2012-12-19,76.129997
2012-12-20,77.260002
2012-12-21,76.769997
2012-12-24,77.0
2012-12-26,76.290001
2012-12-27,76.290001
2012-12-28,75.889999
2012-12-31,77.269997
2013-01-02,79.050003
2013-01-03,77.120003
2013-01-04,77.050003
2013-01-07,76.959999
2013-01-08,77.269997
2013-01-09,77.730003
2013-01-10,78.66999799999999
2013-01-11,78.779999
2013-01-14,78.699997
2013-01-15,79.32
2013-01-16,78.699997
2013-01-17,78.870003
2013-01-18,79.349998
2013-01-22,79.25
2013-01-23,78.970001
2013-01-24,79.629997
2013-01-25,79.900002
2013-01-28,78.879997
2013-01-29,78.620003
2013-01-30,76.949997
2013-01-31,76.150002
2013-02-01,76.650002
2013-02-04,76.459999
2013-02-05,76.730003
2013-02-06,75.949997
2013-02-07,75.889999
2013-02-08,77.059998
2013-02-11,76.379997
2013-02-12,75.589996
2013-02-13,74.0
2013-02-14,73.480003
2013-02-15,75.18
2013-02-19,74.620003
2013-02-20,73.949997
2013-02-21,73.779999
2013-02-22,74.519997
2013-02-25,73.660004
2013-02-26,75.510002
2013-02-27,77.400002
2013-02-28,77.599998
2013-03-01,78.129997
2013-03-04,78.860001
2013-03-05,78.650002
2013-03-06,77.5
2013-03-07,77.559998
2013-03-08,77.139999
2013-03-11,76.900002
2013-03-12,76.029999
2013-03-13,76.120003
2013-03-14,76.410004
2013-03-15,75.559998
2013-03-18,75.050003
2013-03-19,74.529999
2013-03-20,75.32
2013-03-21,76.290001
2013-03-22,76.730003
2013-03-25,76.260002
2013-03-26,75.889999
2013-03-27,76.860001
2013-03-28,76.91999799999999
2013-04-01,77.75
2013-04-02,78.730003
2013-04-03,78.019997
2013-04-04,78.58000200000001
2013-04-05,77.82
2013-04-08,79.0
2013-04-09,79.290001
2013-04-10,79.870003
2013-04-11,80.32
2013-04-12,80.66999799999999
2013-04-15,79.43
2013-04-16,80.589996
2013-04-17,79.779999
2013-04-18,80.059998
2013-04-19,81.050003
2013-04-22,81.019997
2013-04-23,81.900002
2013-04-24,81.0
2013-04-25,83.839996
2013-04-26,82.970001
2013-04-29,83.040001
2013-04-30,83.989998
2013-05-01,83.93
2013-05-02,83.849998
2013-05-03,83.559998
2013-05-06,83.08000200000001
2013-05-07,83.550003
2013-05-08,84.629997
2013-05-09,83.559998
2013-05-10,83.099998
2013-05-13,82.959999
2013-05-14,83.730003
2013-05-15,84.33000200000001
2013-05-16,83.209999
2013-05-17,84.449997
2013-05-20,83.91999799999999
2013-05-21,84.639999
2013-05-22,82.16999799999999
2013-05-23,81.58000200000001
2013-05-24,81.720001
2013-05-28,81.5
2013-05-29,79.440002
2013-05-30,78.769997
2013-05-31,77.839996
2013-06-03,77.41999799999999
2013-06-04,76.629997
2013-06-05,75.870003
2013-06-06,78.480003
2013-06-07,78.769997
2013-06-10,76.449997
2013-06-11,75.82
2013-06-12,74.599998
2013-06-13,76.480003
2013-06-14,77.33000200000001
2013-06-17,76.91999799999999
2013-06-18,77.290001
2013-06-19,74.440002
2013-06-20,70.440002
2013-06-21,71.989998
2013-06-24,71.089996
2013-06-25,72.900002
2013-06-26,73.83000200000001
2013-06-27,74.230003
2013-06-28,73.16999799999999
2013-07-01,72.010002
2013-07-02,72.16999799999999
2013-07-03,72.379997
2013-07-05,71.66999799999999
2013-07-08,72.050003
2013-07-09,72.860001
2013-07-10,75.739998
2013-07-11,77.230003
2013-07-12,77.839996
2013-07-15,76.160004
2013-07-16,74.709999
2013-07-17,73.870003
2013-07-18,74.440002
2013-07-19,75.129997
2013-07-22,74.32
2013-07-23,74.75
2013-07-24,73.940002
2013-07-25,72.309998
2013-07-26,72.58000200000001
2013-07-29,72.41999799999999
2013-07-30,72.66999799999999
2013-07-31,70.790001
2013-08-01,71.279999
2013-08-02,70.5
2013-08-05,70.940002
2013-08-06,70.269997
2013-08-07,69.089996
2013-08-08,68.989998
2013-08-09,70.160004
2013-08-12,69.660004
2013-08-13,69.279999
2013-08-14,69.699997
2013-08-15,69.480003
2013-08-16,68.58000200000001
2013-08-19,68.360001
2013-08-20,69.379997
2013-08-21,69.029999
2013-08-22,68.879997
2013-08-23,70.059998
2013-08-26,69.940002
2013-08-27,70.059998
2013-08-28,69.089996
2013-08-29,69.690002
2013-08-30,69.489998
2013-09-03,69.230003
2013-09-04,69.239998
2013-09-05,68.75
2013-09-06,71.910004
2013-09-09,74.260002
2013-09-10,74.58000200000001
2013-09-11,75.019997
2013-09-12,74.120003
2013-09-13,73.709999
2013-09-16,74.269997
2013-09-17,73.91999799999999
2013-09-18,75.75
2013-09-19,74.82
2013-09-20,73.91999799999999
2013-09-23,72.959999
2013-09-24,72.849998
2013-09-25,73.769997
2013-09-26,74.629997
2013-09-27,74.519997
2013-09-30,74.129997
2013-10-01,74.059998
2013-10-02,73.989998
2013-10-03,73.43
2013-10-04,72.690002
2013-10-07,73.029999
2013-10-08,71.889999
2013-10-09,71.620003
2013-10-10,73.589996
2013-10-11,74.440002
2013-10-14,74.639999
2013-10-15,74.730003
2013-10-16,77.120003
2013-10-17,79.339996
2013-10-18,79.010002
2013-10-21,79.510002
2013-10-22,80.129997
2013-10-23,79.0
2013-10-24,80.379997
2013-10-25,80.82
2013-10-28,80.300003
2013-10-29,80.290001
2013-10-30,80.690002
2013-10-31,79.349998
2013-11-01,79.370003
2013-11-04,79.0
2013-11-05,78.599998
2013-11-06,79.529999
2013-11-07,78.769997
2013-11-08,77.790001
2013-11-11,77.449997
2013-11-12,77.959999
2013-11-13,78.16999799999999
2013-11-14,79.099998
2013-11-15,79.279999
2013-11-18,78.57
2013-11-19,78.099998
2013-11-20,78.129997
2013-11-21,77.589996
2013-11-22,77.279999
2013-11-25,77.0
2013-11-26,78.029999
2013-11-27,78.370003
2013-11-29,77.769997
2013-12-02,78.209999
2013-12-03,77.709999
2013-12-04,77.43
2013-12-05,77.75
2013-12-06,78.08000200000001
2013-12-09,78.839996
2013-12-10,79.209999
2013-12-11,77.809998
2013-12-12,76.690002
2013-12-13,76.760002
2013-12-16,76.089996
2013-12-17,76.389999
2013-12-18,78.220001
2013-12-19,78.110001
2013-12-20,77.949997
2013-12-23,78.41999799999999
2013-12-24,78.709999
2013-12-26,78.839996
2013-12-27,78.82
2013-12-30,79.800003
2013-12-31,79.82
2014-01-02,79.449997
2014-01-03,79.68
2014-01-06,80.190002
2014-01-07,81.300003
2014-01-08,81.940002
2014-01-09,82.099998
2014-01-10,82.639999
2014-01-13,82.139999
2014-01-14,82.660004
2014-01-15,83.260002
2014-01-16,83.269997
2014-01-17,83.150002
2014-01-21,83.629997
2014-01-22,83.41999799999999
2014-01-23,83.279999
2014-01-24,79.620003
2014-01-27,79.25
2014-01-28,80.559998
2014-01-29,79.559998
2014-01-30,81.18
2014-01-31,80.879997
2014-02-03,78.83000200000001
2014-02-04,79.139999
2014-02-05,79.010002
2014-02-06,79.760002
2014-02-07,80.379997
2014-02-10,81.519997
2014-02-11,81.91999799999999
2014-02-12,81.790001
2014-02-13,82.489998
2014-02-14,83.199997
2014-02-18,83.529999
2014-02-19,83.75
2014-02-20,84.510002
2014-02-21,84.050003
2014-02-24,82.980003
2014-02-25,80.160004
2014-02-26,80.83000200000001
2014-02-27,81.459999
2014-02-28,81.470001
2014-03-03,81.459999
2014-03-04,81.540001
2014-03-05,80.800003
2014-03-06,81.91999799999999
2014-03-07,81.309998
2014-03-10,81.18
2014-03-11,81.699997
2014-03-12,80.839996
2014-03-13,80.349998
2014-03-14,80.389999
2014-03-17,81.739998
2014-03-18,81.800003
2014-03-19,80.68
2014-03-20,81.230003
2014-03-21,81.07
2014-03-24,80.900002
2014-03-25,81.709999
2014-03-26,80.809998
2014-03-27,80.66999799999999
2014-03-28,82.129997
2014-03-31,81.870003
2014-04-01,81.610001
2014-04-02,81.269997
2014-04-03,81.25
2014-04-04,80.730003
2014-04-07,80.66999799999999
2014-04-08,81.5
2014-04-09,81.870003
2014-04-10,81.550003
2014-04-11,80.550003
2014-04-14,81.309998
2014-04-15,81.68
2014-04-16,82.379997
2014-04-17,82.650002
2014-04-21,83.089996
2014-04-22,83.93
2014-04-23,84.029999
2014-04-24,83.559998
2014-04-25,83.08000200000001
2014-04-28,83.459999
2014-04-29,83.0
2014-04-30,83.519997
2014-05-01,86.230003
2014-05-02,87.0
2014-05-05,88.400002
2014-05-06,87.199997
2014-05-07,88.349998
2014-05-08,88.25
2014-05-09,88.650002
2014-05-12,88.309998
2014-05-13,88.529999
2014-05-14,88.760002
2014-05-15,88.660004
2014-05-16,88.860001
2014-05-19,87.839996
2014-05-20,88.029999
2014-05-21,88.379997
2014-05-22,88.459999
2014-05-23,88.410004
2014-05-27,89.0
2014-05-28,89.190002
2014-05-29,89.379997
2014-05-30,89.629997
2014-06-02,88.389999
2014-06-03,88.720001
2014-06-04,89.010002
2014-06-05,89.730003
2014-06-06,90.41999799999999
2014-06-09,89.660004
2014-06-10,89.32
2014-06-11,88.769997
2014-06-12,88.239998
2014-06-13,88.440002
2014-06-16,87.93
2014-06-17,88.230003
2014-06-18,88.07
2014-06-19,88.75
2014-06-20,89.099998
2014-06-23,89.089996
2014-06-24,89.25
2014-06-25,89.279999
2014-06-26,88.629997
2014-06-27,89.019997
2014-06-30,89.980003
2014-07-01,89.709999
2014-07-02,89.739998
2014-07-03,90.010002
2014-07-07,90.730003
2014-07-08,90.360001
2014-07-09,90.870003
2014-07-10,91.410004
2014-07-11,91.639999
2014-07-14,91.970001
2014-07-15,91.629997
2014-07-16,92.050003
2014-07-17,90.839996
2014-07-18,92.470001
2014-07-21,91.860001
2014-07-22,92.879997
2014-07-23,92.959999
2014-07-24,92.370003
2014-07-25,92.220001
2014-07-28,92.400002
2014-07-29,92.349998
2014-07-30,96.25
2014-07-31,94.389999
2014-08-01,94.349998
2014-08-04,95.559998
2014-08-05,94.790001
2014-08-06,95.650002
2014-08-07,97.239998
2014-08-08,98.110001
2014-08-11,98.029999
2014-08-12,96.709999
2014-08-13,97.209999
2014-08-14,97.550003
2014-08-15,98.209999
2014-08-18,99.779999
2014-08-19,99.059998
2014-08-20,98.660004
2014-08-21,98.93
2014-08-22,98.129997
2014-08-25,98.900002
2014-08-26,98.599998
2014-08-27,98.800003
2014-08-28,98.779999
2014-08-29,98.599998
2014-09-02,98.779999
2014-09-03,98.110001
2014-09-04,98.599998
2014-09-05,99.629997
2014-09-08,99.360001
2014-09-09,98.559998
2014-09-10,97.470001
2014-09-11,97.83000200000001
2014-09-12,96.010002
2014-09-15,95.139999
2014-09-16,95.470001
2014-09-17,95.629997
2014-09-18,95.879997
2014-09-19,95.160004
2014-09-22,94.309998
2014-09-23,93.93
2014-09-24,94.190002
2014-09-25,93.120003
2014-09-26,93.449997
2014-09-29,93.550003
2014-09-30,93.629997
2014-10-01,93.449997
2014-10-02,93.489998
2014-10-03,93.879997
2014-10-06,93.879997
2014-10-07,93.360001
2014-10-08,95.33000200000001
2014-10-09,94.75
2014-10-10,94.709999
2014-10-13,93.040001
2014-10-14,93.349998
2014-10-15,91.980003
2014-10-16,92.459999
2014-10-17,93.16999799999999
2014-10-20,94.089996
2014-10-21,95.599998
2014-10-22,94.940002
2014-10-23,95.870003
2014-10-24,96.16999799999999
2014-10-27,96.150002
2014-10-28,96.400002
2014-10-29,95.050003
2014-10-30,98.900002
2014-10-31,97.5
2014-11-03,96.860001
2014-11-04,96.879997
2014-11-05,97.650002
2014-11-06,99.550003
2014-11-07,99.470001
2014-11-10,99.300003
2014-11-11,99.5
2014-11-12,99.739998
2014-11-13,99.949997
2014-11-14,99.529999
2014-11-17,99.540001
2014-11-18,100.650002
2014-11-19,100.809998
2014-11-20,100.709999
2014-11-21,102.099998
2014-11-24,102.470001
2014-11-25,104.16999799999999
2014-11-26,104.699997
2014-11-28,105.010002
2014-12-01,103.489998
2014-12-02,101.970001
2014-12-03,101.68
2014-12-04,101.610001
2014-12-05,100.540001
2014-12-08,100.769997
2014-12-09,100.779999
2014-12-10,100.16999799999999
2014-12-11,99.949997
2014-12-12,98.58000200000001
2014-12-15,97.449997
2014-12-16,95.779999
2014-12-17,97.139999
2014-12-18,98.58000200000001
2014-12-19,99.529999
2014-12-22,100.68
2014-12-23,100.650002
2014-12-24,100.75
2014-12-26,100.639999
2014-12-29,100.629997
2014-12-30,100.339996
2014-12-31,98.849998
2015-01-02,99.66999799999999
2015-01-05,98.230003
2015-01-06,97.970001
2015-01-07,99.0
2015-01-08,99.91999799999999
2015-01-09,99.410004
2015-01-12,98.980003
2015-01-13,97.879997
2015-01-14,97.260002
2015-01-15,96.279999
2015-01-16,97.41999799999999
2015-01-20,97.129997
2015-01-21,96.75
2015-01-22,98.83000200000001
2015-01-23,99.599998
2015-01-26,101.760002
2015-01-27,100.389999
2015-01-28,98.879997
2015-01-29,98.41999799999999
2015-01-30,96.949997
2015-02-02,97.849998
2015-02-03,99.089996
2015-02-04,97.849998
2015-02-05,99.589996
2015-02-06,95.730003
2015-02-09,96.699997
2015-02-10,96.370003
2015-02-11,95.959999
2015-02-12,95.970001
2015-02-13,96.400002
2015-02-17,96.220001
2015-02-18,96.199997
2015-02-19,95.260002
2015-02-20,96.529999
2015-02-23,97.33000200000001
2015-02-24,94.650002
2015-02-25,97.849998
2015-02-26,98.879997
2015-02-27,99.139999
2015-03-02,99.400002
2015-03-03,98.279999
2015-03-04,98.559998
2015-03-05,99.239998
2015-03-06,96.610001
2015-03-09,96.58000200000001
2015-03-10,94.57
2015-03-11,94.629997
2015-03-12,96.269997
2015-03-13,94.239998
2015-03-16,94.610001
2015-03-17,94.120003
2015-03-18,95.510002
2015-03-19,94.589996
2015-03-20,97.690002
2015-03-23,97.639999
2015-03-24,97.160004
2015-03-25,95.470001
2015-03-26,95.199997
2015-03-27,96.040001
2015-03-30,96.160004
2015-03-31,94.150002
2015-04-01,96.459999
2015-04-02,96.779999
2015-04-06,98.040001
2015-04-07,96.870003
2015-04-08,96.529999
2015-04-09,95.339996
2015-04-10,95.07
2015-04-13,94.779999
2015-04-14,94.5
2015-04-15,95.16999799999999
2015-04-16,96.760002
2015-04-17,96.099998
2015-04-20,95.839996
2015-04-21,94.980003
2015-04-22,95.91999799999999
2015-04-23,96.040001
2015-04-24,95.32
2015-04-27,95.190002
2015-04-28,95.760002
2015-04-29,93.510002
2015-04-30,94.529999
2015-05-01,93.480003
2015-05-04,94.639999
2015-05-05,93.0
2015-05-06,92.860001
2015-05-07,93.629997
2015-05-08,94.949997
2015-05-11,93.650002
2015-05-12,93.599998
2015-05-13,92.940002
2015-05-14,94.809998
2015-05-15,95.510002
2015-05-18,95.199997
2015-05-19,95.449997
2015-05-20,94.32
2015-05-21,93.900002
2015-05-22,94.349998
2015-05-26,94.610001
2015-05-27,95.160004
2015-05-28,94.599998
2015-05-29,92.790001
2015-06-01,94.230003
2015-06-02,94.150002
2015-06-03,92.68
2015-06-04,94.66999799999999
2015-06-05,92.519997
2015-06-08,92.83000200000001
2015-06-09,92.07
2015-06-10,92.699997
2015-06-11,93.41999799999999
2015-06-12,93.199997
2015-06-15,92.260002
2015-06-16,93.260002
2015-06-17,94.120003
2015-06-18,96.18
2015-06-19,95.970001
2015-06-22,95.790001
2015-06-23,96.25
2015-06-24,95.08000200000001
2015-06-25,94.739998
2015-06-26,94.239998
2015-06-29,92.940002
2015-06-30,93.290001
2015-07-01,94.010002
2015-07-02,94.910004
2015-07-06,94.980003
2015-07-07,95.629997
2015-07-08,94.480003
2015-07-09,94.389999
2015-07-10,95.41999799999999
2015-07-13,95.699997
2015-07-14,95.480003
2015-07-15,95.949997
2015-07-16,97.82
2015-07-17,96.949997
2015-07-20,97.059998
2015-07-21,96.949997
2015-07-22,96.540001
2015-07-23,98.0
2015-07-24,96.790001
2015-07-27,96.480003
2015-07-28,96.68
2015-07-29,96.32
2015-07-30,94.949997
2015-07-31,95.110001
2015-08-03,95.360001
2015-08-04,96.120003
2015-08-05,96.639999
2015-08-06,98.360001
2015-08-07,99.650002
2015-08-10,100.489998
2015-08-11,101.0
2015-08-12,99.970001
2015-08-13,100.25
2015-08-14,101.08000200000001
2015-08-17,101.449997
2015-08-18,100.489998
2015-08-19,100.400002
2015-08-20,98.849998
2015-08-21,96.699997
2015-08-24,91.940002
2015-08-25,89.510002
2015-08-26,91.529999
2015-08-27,93.870003
2015-08-28,93.449997
2015-08-31,92.190002
2015-09-01,90.029999
2015-09-02,91.16999799999999
2015-09-03,91.019997
2015-09-04,89.019997
2015-09-08,90.050003
2015-09-09,88.699997
2015-09-10,88.32
2015-09-11,89.260002
2015-09-14,88.83000200000001
2015-09-15,89.550003
2015-09-16,90.599998
2015-09-17,91.519997
2015-09-18,90.489998
2015-09-21,90.389999
2015-09-22,89.050003
2015-09-23,88.709999
2015-09-24,88.029999
2015-09-25,88.839996
2015-09-28,87.209999
2015-09-29,87.010002
2015-09-30,87.980003
2015-10-01,88.379997
2015-10-02,89.739998
2015-10-05,93.459999
2015-10-06,93.370003
2015-10-07,94.239998
2015-10-08,95.57
2015-10-09,94.940002
2015-10-12,94.800003
2015-10-13,93.699997
2015-10-14,93.059998
2015-10-15,94.650002
2015-10-16,96.129997
2015-10-19,96.790001
2015-10-20,96.910004
2015-10-21,96.059998
2015-10-22,99.470001
2015-10-23,99.16999799999999
2015-10-26,99.529999
2015-10-27,99.269997
2015-10-28,100.870003
2015-10-29,101.959999
2015-10-30,102.230003
2015-11-02,104.059998
2015-11-03,103.279999
2015-11-04,102.230003
2015-11-05,100.870003
2015-11-06,98.029999
2015-11-09,97.110001
2015-11-10,97.129997
2015-11-11,97.620003
2015-11-12,97.349998
2015-11-13,96.379997
2015-11-16,98.050003
2015-11-17,98.349998
2015-11-18,99.660004
2015-11-19,99.629997
2015-11-20,100.489998
2015-11-23,99.940002
2015-11-24,99.260002
2015-11-25,99.089996
2015-11-27,99.68
2015-11-30,99.379997
2015-12-01,101.16999799999999
2015-12-02,99.459999
2015-12-03,97.889999
2015-12-04,97.550003
2015-12-07,97.690002
2015-12-08,96.879997
2015-12-09,95.540001
2015-12-10,95.07
2015-12-11,93.68
2015-12-14,94.040001
2015-12-15,95.610001
2015-12-16,97.5
2015-12-17,96.089996
2015-12-18,94.599998
2015-12-21,95.559998
2015-12-22,96.41999799999999
2015-12-23,98.5
2015-12-24,98.139999
2015-12-28,98.370003
2015-12-29,99.410004
2015-12-30,98.099998
2015-12-31,96.949997
2016-01-04,96.699997
2016-01-05,98.610001
2016-01-06,98.260002
2016-01-07,95.809998
2016-01-08,94.230003
2016-01-11,94.480003
2016-01-12,94.480003
2016-01-13,92.150002
2016-01-14,92.209999
2016-01-15,88.389999
2016-01-19,90.910004
2016-01-20,89.0
2016-01-21,90.019997
2016-01-22,93.25
2016-01-25,91.120003
2016-01-26,92.470001
2016-01-27,92.510002
2016-01-28,92.510002
2016-01-29,94.339996
2016-02-01,93.099998
2016-02-02,91.349998
2016-02-03,90.489998
2016-02-04,91.089996
2016-02-05,88.839996
2016-02-08,85.410004
2016-02-09,85.57
2016-02-10,85.839996
2016-02-11,83.660004
2016-02-12,85.66999799999999
2016-02-16,86.449997
2016-02-17,86.190002
2016-02-18,87.5
2016-02-19,87.32
2016-02-22,89.239998
2016-02-23,88.019997
2016-02-24,89.029999
2016-02-25,89.41999799999999
2016-02-26,90.010002
2016-02-29,92.199997
2016-03-01,94.699997
2016-03-02,94.620003
2016-03-03,95.300003
2016-03-04,95.940002
2016-03-07,95.599998
2016-03-08,94.599998
2016-03-09,94.599998
2016-03-10,94.709999
2016-03-11,98.459999
2016-03-14,98.059998
2016-03-15,98.410004
2016-03-16,99.809998
2016-03-17,101.75
2016-03-18,100.510002
2016-03-21,100.339996
2016-03-22,99.93
2016-03-23,99.58000200000001
2016-03-24,100.349998
2016-03-28,100.239998
2016-03-29,101.91999799999999
2016-03-30,102.309998
2016-03-31,102.370003
2016-04-01,104.5
2016-04-04,104.699997
2016-04-05,104.0
2016-04-06,105.699997
2016-04-07,105.0
2016-04-08,105.709999
2016-04-11,106.010002
2016-04-12,106.16999799999999
2016-04-13,106.230003
2016-04-14,105.199997
2016-04-15,105.779999
2016-04-18,105.540001
2016-04-19,105.5
2016-04-20,104.82
2016-04-21,102.57
2016-04-22,104.190002
2016-04-25,104.18
2016-04-26,104.769997
2016-04-27,104.489998
2016-04-28,104.129997
2016-04-29,104.879997
2016-05-02,105.510002
2016-05-03,104.160004
2016-05-04,105.510002
2016-05-05,106.309998
2016-05-06,106.57
2016-05-09,106.650002
2016-05-10,107.18
2016-05-11,105.730003
2016-05-12,106.559998
2016-05-13,105.699997
2016-05-16,106.480003
2016-05-17,105.360001
2016-05-18,104.550003
2016-05-19,103.769997
2016-05-20,104.010002
2016-05-23,104.160004
2016-05-24,105.300003
2016-05-25,106.16999799999999
2016-05-26,105.300003
2016-05-27,106.059998
2016-05-31,105.779999
2016-06-01,105.470001
2016-06-02,106.559998
2016-06-03,106.970001
2016-06-06,107.199997
2016-06-07,107.870003
2016-06-08,107.559998
2016-06-09,109.07
2016-06-10,108.790001
2016-06-13,108.93
2016-06-14,107.610001
2016-06-15,107.230003
2016-06-16,107.690002
2016-06-17,106.940002
2016-06-20,107.41999799999999
2016-06-21,109.440002
2016-06-22,109.400002
2016-06-23,111.470001
2016-06-24,108.269997
2016-06-27,108.889999
2016-06-28,110.800003
2016-06-29,113.0
2016-06-30,113.610001
2016-07-01,113.599998
2016-07-05,113.83000200000001
2016-07-06,112.400002
2016-07-07,112.199997
2016-07-08,113.660004
2016-07-11,114.66999799999999
2016-07-12,116.099998
2016-07-13,116.010002
2016-07-14,117.0
2016-07-15,116.82
2016-07-18,116.300003
2016-07-19,117.370003
2016-07-20,117.730003
2016-07-21,117.550003
2016-07-22,117.839996
2016-07-25,116.870003
2016-07-26,116.970001
2016-07-27,117.610001
2016-07-28,116.650002
2016-07-29,115.769997
2016-08-01,117.040001
2016-08-02,116.739998
2016-08-03,115.730003
2016-08-04,116.41999799999999
2016-08-05,116.58000200000001
2016-08-08,115.730003
2016-08-09,115.91999799999999
2016-08-10,116.239998
2016-08-11,115.889999
2016-08-12,116.5
2016-08-15,115.790001
2016-08-16,114.120003
2016-08-17,114.559998
2016-08-18,114.349998
2016-08-19,113.610001
2016-08-22,114.620003
2016-08-23,115.220001
2016-08-24,114.57
2016-08-25,114.25
2016-08-26,113.230003
2016-08-29,113.839996
2016-08-30,113.220001
2016-08-31,113.379997
2016-09-01,113.82
2016-09-02,115.089996
2016-09-06,117.150002
2016-09-07,116.83000200000001
2016-09-08,116.25
2016-09-09,110.190002
2016-09-12,111.269997
2016-09-13,108.110001
2016-09-14,108.370003
2016-09-15,109.08000200000001
2016-09-16,108.0
2016-09-19,109.199997
2016-09-20,108.650002
2016-09-21,110.099998
2016-09-22,112.279999
2016-09-23,112.989998
2016-09-26,112.690002
2016-09-27,112.58000200000001
2016-09-28,112.629997
2016-09-29,113.480003
2016-09-30,113.33000200000001
2016-10-03,112.25
2016-10-04,110.610001
2016-10-05,107.440002
2016-10-06,108.510002
2016-10-07,108.510002
2016-10-10,109.43
2016-10-11,108.940002
2016-10-12,111.540001
2016-10-13,112.699997
2016-10-14,113.349998
2016-10-17,113.339996
2016-10-18,114.150002
2016-10-19,115.32
2016-10-20,114.83000200000001
2016-10-21,115.709999
2016-10-24,116.75
2016-10-25,116.75
2016-10-26,115.66999799999999
2016-10-27,115.400002
2016-10-28,116.129997
2016-10-31,117.190002
2016-11-01,115.150002
2016-11-02,112.910004
2016-11-03,113.269997
2016-11-04,112.980003
2016-11-07,115.190002
2016-11-08,115.93
2016-11-09,109.220001
2016-11-10,105.709999
2016-11-11,105.709999
2016-11-14,102.57
2016-11-15,103.489998
2016-11-16,105.43
2016-11-17,105.540001
2016-11-18,105.089996
2016-11-21,105.910004
2016-11-22,107.980003
2016-11-23,106.779999
2016-11-25,107.300003
2016-11-28,106.110001
2016-11-29,106.050003
2016-11-30,102.269997
2016-12-01,100.980003
2016-12-02,102.57
2016-12-05,102.040001
2016-12-06,100.849998
2016-12-07,102.199997
2016-12-08,102.389999
2016-12-09,102.910004
2016-12-12,103.889999
2016-12-13,106.129997
2016-12-14,106.5
2016-12-15,106.059998
2016-12-16,105.800003
2016-12-19,106.949997
2016-12-20,106.980003
2016-12-21,106.599998
2016-12-22,106.599998
2016-12-23,106.029999
2016-12-27,106.290001
2016-12-28,105.839996
2016-12-29,106.389999
2016-12-30,105.68
