2008-12-31,32.73
2009-01-02,33.610001000000004
2009-01-05,32.900002
2009-01-06,32.84
2009-01-07,31.91
2009-01-08,32.139998999999996
2009-01-09,31.389999
2009-01-12,30.559998999999998
2009-01-13,30.559998999999998
2009-01-14,29.620001000000002
2009-01-15,30.1
2009-01-16,30.25
2009-01-20,28.33
2009-01-21,29.34
2009-01-22,28.379998999999998
2009-01-23,28.15
2009-01-26,27.84
2009-01-27,25.719998999999998
2009-01-28,25.92
2009-01-29,25.280001000000002
2009-01-30,24.23
2009-02-02,24.07
2009-02-03,24.35
2009-02-04,24.129998999999998
2009-02-05,24.26
2009-02-06,24.77
2009-02-09,24.719998999999998
2009-02-10,23.34
2009-02-11,23.57
2009-02-12,23.23
2009-02-13,22.75
2009-02-17,21.33
2009-02-18,21.360001
2009-02-19,21.27
2009-02-20,21.09
2009-02-23,20.16
2009-02-24,20.959999
2009-02-25,20.389999
2009-02-26,20.42
2009-02-27,20.15
2009-03-02,18.73
2009-03-03,18.209999
2009-03-04,19.030001000000002
2009-03-05,17.75
2009-03-06,17.4
2009-03-09,17.26
2009-03-10,18.68
2009-03-11,18.58
2009-03-12,19.290001
2009-03-13,19.25
2009-03-16,19.82
2009-03-17,20.52
2009-03-18,21.469998999999998
2009-03-19,21.610001
2009-03-20,21.15
2009-03-23,22.99
2009-03-24,22.610001
2009-03-25,22.950001
2009-03-26,24.0
2009-03-27,23.190001000000002
2009-03-30,22.040001
2009-03-31,22.34
2009-04-01,22.75
2009-04-02,24.4
2009-04-03,24.68
2009-04-06,24.379998999999998
2009-04-07,23.940001000000002
2009-04-08,24.709999
2009-04-09,26.209999
2009-04-13,25.940001000000002
2009-04-14,25.4
2009-04-15,27.059998999999998
2009-04-16,27.42
2009-04-17,27.84
2009-04-20,26.790001
2009-04-21,27.870001000000002
2009-04-22,28.35
2009-04-23,28.66
2009-04-24,29.76
2009-04-27,29.450001
2009-04-28,28.030001000000002
2009-04-29,28.389999
2009-04-30,28.74
2009-05-01,28.48
2009-05-04,28.42
2009-05-05,28.25
2009-05-06,28.35
2009-05-07,27.610001
2009-05-08,29.09
2009-05-11,28.059998999999998
2009-05-12,27.73
2009-05-13,26.42
2009-05-14,27.139999
2009-05-15,26.68
2009-05-18,27.58
2009-05-19,27.450001
2009-05-20,27.23
2009-05-21,26.450001
2009-05-22,26.610001
2009-05-26,27.73
2009-05-27,26.940001000000002
2009-05-28,27.290001
2009-05-29,27.559998999999998
2009-06-01,28.18
2009-06-02,27.870001000000002
2009-06-03,27.35
2009-06-04,27.99
2009-06-05,28.209999
2009-06-08,27.940001000000002
2009-06-09,28.1
2009-06-10,27.67
2009-06-11,27.940001000000002
2009-06-12,27.940001000000002
2009-06-15,27.02
2009-06-16,25.75
2009-06-17,25.41
2009-06-18,25.879998999999998
2009-06-19,25.940001000000002
2009-06-22,24.91
2009-06-23,24.65
2009-06-24,24.889999
2009-06-25,25.540001
2009-06-26,25.389999
2009-06-29,25.700001
2009-06-30,25.68
2009-07-01,26.190001000000002
2009-07-02,24.9
2009-07-06,25.379998999999998
2009-07-07,24.6
2009-07-08,24.33
2009-07-09,24.42
2009-07-10,24.23
2009-07-13,24.450001
2009-07-14,24.77
2009-07-15,25.610001
2009-07-16,26.219998999999998
2009-07-17,26.299999
2009-07-20,26.959999
2009-07-21,26.68
2009-07-22,26.700001
2009-07-23,27.98
2009-07-24,28.549999
2009-07-27,29.110001
2009-07-28,29.59
2009-07-29,29.809998999999998
2009-07-30,26.65
2009-07-31,26.73
2009-08-03,27.190001000000002
2009-08-04,27.23
2009-08-05,27.129998999999998
2009-08-06,27.120001000000002
2009-08-07,27.48
2009-08-10,27.469998999999998
2009-08-11,27.200001
2009-08-12,27.57
2009-08-13,27.43
2009-08-14,28.41
2009-08-17,28.23
2009-08-18,29.190001000000002
2009-08-19,29.709999
2009-08-20,30.35
2009-08-21,31.299999
2009-08-24,31.200001
2009-08-25,31.370001000000002
2009-08-26,31.440001000000002
2009-08-27,31.59
2009-08-28,31.48
2009-08-31,30.9
2009-09-01,30.040001
2009-09-02,29.879998999999998
2009-09-03,30.0
2009-09-04,30.26
2009-09-08,30.67
2009-09-09,31.32
2009-09-10,31.9
2009-09-11,32.610001000000004
2009-09-14,34.549999
2009-09-15,35.029999
2009-09-16,35.560001
2009-09-17,35.349998
2009-09-18,35.48
2009-09-21,35.209998999999996
2009-09-22,35.650002
2009-09-23,35.349998
2009-09-24,35.349998
2009-09-25,34.619999
2009-09-28,36.360001000000004
2009-09-29,36.560001
2009-09-30,36.009997999999996
2009-10-01,34.73
2009-10-02,33.950001
2009-10-05,34.810001
2009-10-06,35.34
2009-10-07,35.18
2009-10-08,35.75
2009-10-09,36.290001000000004
2009-10-12,36.400002
2009-10-13,36.810001
2009-10-14,37.759997999999996
2009-10-15,38.119999
2009-10-16,37.799999
2009-10-19,38.220001
2009-10-20,38.599998
2009-10-21,38.09
2009-10-22,38.32
2009-10-23,37.790001000000004
2009-10-26,36.84
2009-10-27,36.98
2009-10-28,35.610001000000004
2009-10-29,36.5
2009-10-30,35.650002
2009-11-02,36.200001
2009-11-03,36.630001
2009-11-04,36.43
2009-11-05,37.540001000000004
2009-11-06,37.75
2009-11-09,39.200001
2009-11-10,38.779999
2009-11-11,39.279999
2009-11-12,38.689999
2009-11-13,39.209998999999996
2009-11-16,39.919998
2009-11-17,40.02
2009-11-18,39.48
2009-11-19,38.400002
2009-11-20,38.029999
2009-11-23,38.700001
2009-11-24,38.490002000000004
2009-11-25,39.290001000000004
2009-11-27,37.689999
2009-11-30,37.560001
2009-12-01,37.959998999999996
2009-12-02,37.830002
2009-12-03,37.889998999999996
2009-12-04,38.950001
2009-12-07,38.419998
2009-12-08,37.849998
2009-12-09,37.709998999999996
2009-12-10,37.75
2009-12-11,37.889998999999996
2009-12-14,38.369999
2009-12-15,37.619999
2009-12-16,37.259997999999996
2009-12-17,36.419998
2009-12-18,36.299999
2009-12-21,36.98
2009-12-22,37.139998999999996
2009-12-23,37.200001
2009-12-24,37.220001
2009-12-28,37.150002
2009-12-29,37.509997999999996
2009-12-30,36.93
2009-12-31,36.490002000000004
2010-01-04,36.849998
2010-01-05,37.09
2010-01-06,37.009997999999996
2010-01-07,37.360001000000004
2010-01-08,38.07
2010-01-11,38.709998999999996
2010-01-12,38.310001
2010-01-13,39.75
2010-01-14,39.790001000000004
2010-01-15,39.48
2010-01-19,40.07
2010-01-20,39.610001000000004
2010-01-21,38.66
2010-01-22,38.619999
2010-01-25,38.580002
2010-01-26,38.380001
2010-01-27,38.439999
2010-01-28,38.099998
2010-01-29,32.509997999999996
2010-02-01,33.34
2010-02-02,33.540001000000004
2010-02-03,33.139998999999996
2010-02-04,32.709998999999996
2010-02-05,32.77
2010-02-08,32.509997999999996
2010-02-09,32.540001000000004
2010-02-10,32.169998
2010-02-11,32.34
2010-02-12,32.09
2010-02-16,32.599998
2010-02-17,32.099998
2010-02-18,32.049999
2010-02-19,31.799999
2010-02-22,32.040001000000004
2010-02-23,31.52
2010-02-24,31.73
2010-02-25,31.51
2010-02-26,31.6
2010-03-01,31.84
2010-03-02,31.67
2010-03-03,31.43
2010-03-04,30.790001
2010-03-05,31.15
2010-03-08,31.379998999999998
2010-03-09,32.07
2010-03-10,32.360001000000004
2010-03-11,33.040001000000004
2010-03-12,33.310001
2010-03-15,33.610001000000004
2010-03-16,34.049999
2010-03-17,34.630001
2010-03-18,34.790001000000004
2010-03-19,35.029999
2010-03-22,35.389998999999996
2010-03-23,35.740002000000004
2010-03-24,35.060001
2010-03-25,34.98
2010-03-26,35.450001
2010-03-29,36.080002
2010-03-30,36.169998
2010-03-31,36.41
2010-04-01,36.400002
2010-04-05,36.549999
2010-04-06,37.130001
2010-04-07,37.310001
2010-04-08,37.220001
2010-04-09,37.389998999999996
2010-04-12,37.380001
2010-04-13,37.459998999999996
2010-04-14,37.880001
2010-04-15,38.080002
2010-04-16,37.360001000000004
2010-04-19,36.98
2010-04-20,37.66
2010-04-21,38.099998
2010-04-22,38.57
2010-04-23,39.32
2010-04-26,39.299999
2010-04-27,41.389998999999996
2010-04-28,40.27
2010-04-29,40.400002
2010-04-30,39.029999
2010-05-03,39.16
2010-05-04,38.150002
2010-05-05,38.259997999999996
2010-05-06,36.490002000000004
2010-05-07,35.650002
2010-05-10,37.689999
2010-05-11,37.650002
2010-05-12,37.66
2010-05-13,36.93
2010-05-14,35.849998
2010-05-17,36.34
2010-05-18,35.619999
2010-05-19,35.43
2010-05-20,33.709998999999996
2010-05-21,34.110001000000004
2010-05-24,33.950001
2010-05-25,33.639998999999996
2010-05-26,33.380001
2010-05-27,34.639998999999996
2010-05-28,34.18
2010-06-01,33.049999
2010-06-02,33.77
2010-06-03,34.099998
2010-06-04,32.099998
2010-06-07,31.32
2010-06-08,31.379998999999998
2010-06-09,31.67
2010-06-10,33.220001
2010-06-11,34.049999
2010-06-14,34.400002
2010-06-15,35.57
2010-06-16,35.73
2010-06-17,35.209998999999996
2010-06-18,35.189999
2010-06-21,34.549999
2010-06-22,34.040001000000004
2010-06-23,33.950001
2010-06-24,33.709998999999996
2010-06-25,34.369999
2010-06-28,34.189999
2010-06-29,32.389998999999996
2010-06-30,32.130001
2010-07-01,32.110001000000004
2010-07-02,31.870001000000002
2010-07-06,31.67
2010-07-07,33.459998999999996
2010-07-08,33.990002000000004
2010-07-09,34.619999
2010-07-12,34.759997999999996
2010-07-13,34.970001
2010-07-14,34.880001
2010-07-15,34.669998
2010-07-16,33.560001
2010-07-19,33.869999
2010-07-20,34.450001
2010-07-21,34.029999
2010-07-22,35.150002
2010-07-23,37.139998999999996
2010-07-26,38.040001000000004
2010-07-27,37.91
2010-07-28,36.169998
2010-07-29,36.200001
2010-07-30,35.849998
2010-08-02,36.93
2010-08-03,36.560001
2010-08-04,36.560001
2010-08-05,36.43
2010-08-06,36.18
2010-08-09,36.459998999999996
2010-08-10,36.060001
2010-08-11,34.689999
2010-08-12,34.439999
2010-08-13,34.139998999999996
2010-08-16,34.169998
2010-08-17,34.860001000000004
2010-08-18,34.889998999999996
2010-08-19,34.049999
2010-08-20,33.810001
2010-08-23,33.369999
2010-08-24,32.73
2010-08-25,32.330002
2010-08-26,32.16
2010-08-27,32.990002000000004
2010-08-30,32.389998999999996
2010-08-31,32.52
2010-09-01,33.779999
2010-09-02,34.27
2010-09-03,34.889998999999996
2010-09-07,34.310001
2010-09-08,34.439999
2010-09-09,34.490002000000004
2010-09-10,34.610001000000004
2010-09-13,35.389998999999996
2010-09-14,35.32
2010-09-15,35.470001
2010-09-16,35.639998999999996
2010-09-17,36.150002
2010-09-20,36.889998999999996
2010-09-21,36.560001
2010-09-22,36.02
2010-09-23,35.529999
2010-09-24,36.459998999999996
2010-09-27,36.360001000000004
2010-09-28,36.73
2010-09-29,37.18
2010-09-30,37.119999
2010-10-01,37.240002000000004
2010-10-04,36.68
2010-10-05,37.73
2010-10-06,37.740002000000004
2010-10-07,37.59
2010-10-08,38.040001000000004
2010-10-11,38.290001000000004
2010-10-12,38.18
2010-10-13,38.419998
2010-10-14,38.150002
2010-10-15,38.240002000000004
2010-10-18,38.279999
2010-10-19,37.990002000000004
2010-10-20,39.02
2010-10-21,38.98
2010-10-22,38.900002
2010-10-25,39.509997999999996
2010-10-26,39.16
2010-10-27,37.990002000000004
2010-10-28,36.779999
2010-10-29,36.349998
2010-11-01,35.799999
2010-11-02,36.310001
2010-11-03,36.380001
2010-11-04,37.790001000000004
2010-11-05,37.990002000000004
2010-11-08,37.43
2010-11-09,37.009997999999996
2010-11-10,37.060001
2010-11-11,37.099998
2010-11-12,36.439999
2010-11-15,36.740002000000004
2010-11-16,36.040001000000004
2010-11-17,36.259997999999996
2010-11-18,37.07
2010-11-19,37.720001
2010-11-22,37.720001
2010-11-23,37.52
2010-11-24,38.41
2010-11-26,38.169998
2010-11-29,37.779999
2010-11-30,37.540001000000004
2010-12-01,38.59
2010-12-02,39.68
2010-12-03,39.849998
2010-12-06,39.990002000000004
2010-12-07,40.75
2010-12-08,40.759997999999996
2010-12-09,41.099998
2010-12-10,41.380001
2010-12-13,41.389998999999996
2010-12-14,41.700001
2010-12-15,41.73
2010-12-16,42.189999
2010-12-17,42.299999
2010-12-20,42.139998999999996
2010-12-21,42.209998999999996
2010-12-22,42.470001
2010-12-23,42.43
2010-12-27,42.490002000000004
2010-12-28,42.240002000000004
2010-12-29,42.459998999999996
2010-12-30,42.439999
2010-12-31,42.34
2011-01-03,41.830002
2011-01-04,41.889998999999996
2011-01-05,41.610001000000004
2011-01-06,41.119999
2011-01-07,40.98
2011-01-10,40.990002000000004
2011-01-11,41.060001
2011-01-12,41.830002
2011-01-13,41.509997999999996
2011-01-14,42.09
2011-01-18,42.400002
2011-01-19,41.57
2011-01-20,41.41
2011-01-21,41.490002000000004
2011-01-24,41.880001
2011-01-25,42.009997999999996
2011-01-26,42.330002
2011-01-27,42.130001
2011-01-28,41.389998999999996
2011-01-31,42.09
2011-02-01,41.799999
2011-02-02,41.110001000000004
2011-02-03,39.150002
2011-02-04,38.779999
2011-02-07,39.200001
2011-02-08,39.389998999999996
2011-02-09,40.099998
2011-02-10,39.759997999999996
2011-02-11,40.279999
2011-02-14,40.41
2011-02-15,40.509997999999996
2011-02-16,40.950001
2011-02-17,41.080002
2011-02-18,41.099998
2011-02-22,39.970001
2011-02-23,39.23
2011-02-24,39.119999
2011-02-25,39.360001000000004
2011-02-28,39.919998
2011-03-01,39.779999
2011-03-02,40.52
2011-03-03,41.709998999999996
2011-03-04,41.5
2011-03-07,41.209998999999996
2011-03-08,41.490002000000004
2011-03-09,41.549999
2011-03-10,40.779999
2011-03-11,41.580002
2011-03-14,41.689999
2011-03-15,40.990002000000004
2011-03-16,40.07
2011-03-17,40.169998
2011-03-18,41.099998
2011-03-21,41.720001
2011-03-22,41.470001
2011-03-23,41.32
2011-03-24,41.200001
2011-03-25,41.200001
2011-03-28,40.959998999999996
2011-03-29,41.029999
2011-03-30,42.119999
2011-03-31,41.959998999999996
2011-04-01,42.09
2011-04-04,42.16
2011-04-05,42.48
2011-04-06,42.610001000000004
2011-04-07,42.509997999999996
2011-04-08,42.049999
2011-04-11,41.939999
2011-04-12,41.299999
2011-04-13,41.119999
2011-04-14,41.139998999999996
2011-04-15,41.849998
2011-04-18,41.02
2011-04-19,41.099998
2011-04-20,41.700001
2011-04-21,41.59
2011-04-25,41.630001
2011-04-26,43.110001000000004
2011-04-27,43.099998
2011-04-28,42.5
2011-04-29,41.740002000000004
2011-05-02,42.220001
2011-05-03,42.139998999999996
2011-05-04,41.720001
2011-05-05,42.02
2011-05-06,42.330002
2011-05-09,42.549999
2011-05-10,42.790001000000004
2011-05-11,42.32
2011-05-12,42.34
2011-05-13,41.799999
2011-05-16,41.900002
2011-05-17,41.790001000000004
2011-05-18,42.18
2011-05-19,42.529999
2011-05-20,41.529999
2011-05-23,40.98
2011-05-24,40.790001000000004
2011-05-25,41.18
2011-05-26,41.650002
2011-05-27,41.720001
2011-05-31,42.34
2011-06-01,41.34
2011-06-02,41.380001
2011-06-03,40.34
2011-06-06,38.439999
2011-06-07,37.0
2011-06-08,37.27
2011-06-09,36.98
2011-06-10,36.380001
2011-06-13,36.700001
2011-06-14,37.259997999999996
2011-06-15,36.470001
2011-06-16,36.330002
2011-06-17,36.650002
2011-06-20,36.799999
2011-06-21,37.380001
2011-06-22,37.049999
2011-06-23,37.779999
2011-06-24,37.189999
2011-06-27,37.439999
2011-06-28,37.939999
2011-06-29,38.09
2011-06-30,38.630001
2011-07-01,39.02
2011-07-05,38.57
2011-07-06,38.450001
2011-07-07,39.59
2011-07-08,39.119999
2011-07-11,38.490002000000004
2011-07-12,38.310001
2011-07-13,38.330002
2011-07-14,38.18
2011-07-15,38.41
2011-07-18,37.810001
2011-07-19,32.650002
2011-07-20,32.860001000000004
2011-07-21,33.450001
2011-07-22,33.689999
2011-07-25,33.34
2011-07-26,33.029999
2011-07-27,31.65
2011-07-28,31.540001
2011-07-29,31.549999
2011-08-01,31.450001
2011-08-02,30.110001
2011-08-03,29.99
2011-08-04,28.99
2011-08-05,29.120001000000002
2011-08-08,26.299999
2011-08-09,26.99
2011-08-10,26.02
2011-08-11,27.08
2011-08-12,27.42
2011-08-15,27.66
2011-08-16,27.25
2011-08-17,27.450001
2011-08-18,26.27
2011-08-19,26.049999
2011-08-22,25.299999
2011-08-23,26.530001000000002
2011-08-24,27.33
2011-08-25,26.92
2011-08-26,27.42
2011-08-29,28.799999
2011-08-30,29.059998999999998
2011-08-31,29.110001
2011-09-01,28.370001000000002
2011-09-02,27.110001
2011-09-06,26.309998999999998
2011-09-07,27.42
2011-09-08,26.860001
2011-09-09,25.950001
2011-09-12,25.780001000000002
2011-09-13,26.379998999999998
2011-09-14,27.049999
2011-09-15,27.690001000000002
2011-09-16,27.780001000000002
2011-09-19,27.389999
2011-09-20,27.290001
2011-09-21,25.92
2011-09-22,25.059998999999998
2011-09-23,25.860001
2011-09-26,26.219998999999998
2011-09-27,26.379998999999998
2011-09-28,25.690001000000002
2011-09-29,26.48
2011-09-30,25.08
2011-10-03,23.969998999999998
2011-10-04,25.35
2011-10-05,26.4
2011-10-06,26.58
2011-10-07,26.4
2011-10-10,27.059998999999998
2011-10-11,26.709999
2011-10-12,27.110001
2011-10-13,26.889999
2011-10-14,27.540001
2011-10-17,26.07
2011-10-18,27.030001000000002
2011-10-19,25.440001000000002
2011-10-20,25.549999
2011-10-21,26.4
2011-10-24,27.25
2011-10-25,26.27
2011-10-26,25.4
2011-10-27,27.799999
2011-10-28,27.440001000000002
2011-10-31,26.6
2011-11-01,25.6
2011-11-02,26.15
2011-11-03,26.92
2011-11-04,26.610001
2011-11-07,26.34
2011-11-08,26.530001000000002
2011-11-09,25.43
2011-11-10,25.629998999999998
2011-11-11,26.030001000000002
2011-11-14,26.540001
2011-11-15,27.030001000000002
2011-11-16,26.42
2011-11-17,26.059998999999998
2011-11-18,26.049999
2011-11-21,25.219998999999998
2011-11-22,24.870001000000002
2011-11-23,24.08
2011-11-25,24.25
2011-11-28,24.9
2011-11-29,25.290001
2011-11-30,26.209999
2011-12-01,26.9
2011-12-02,26.969998999999998
2011-12-05,27.299999
2011-12-06,27.719998999999998
2011-12-07,27.82
2011-12-08,27.1
2011-12-09,28.559998999999998
2011-12-12,28.059998999999998
2011-12-13,27.440001000000002
2011-12-14,27.120001000000002
2011-12-15,27.280001000000002
2011-12-16,27.469998999999998
2011-12-19,26.799999
2011-12-20,27.91
2011-12-21,27.950001
2011-12-22,28.35
2011-12-23,28.639999
2011-12-27,28.620001000000002
2011-12-28,28.389999
2011-12-29,28.77
2011-12-30,28.68
2012-01-03,29.309998999999998
2012-01-04,29.43
2012-01-05,29.23
2012-01-06,29.59
2012-01-09,29.459999
2012-01-10,29.65
2012-01-11,29.799999
2012-01-12,29.74
2012-01-13,28.799999
2012-01-17,28.42
2012-01-18,28.9
2012-01-19,29.34
2012-01-20,29.219998999999998
2012-01-23,28.93
2012-01-24,28.610001
2012-01-25,28.700001
2012-01-26,29.24
2012-01-27,28.780001000000002
2012-01-30,28.700001
2012-01-31,27.15
2012-02-01,28.530001000000002
2012-02-02,28.790001
2012-02-03,28.559998999999998
2012-02-06,28.84
2012-02-07,29.440001000000002
2012-02-08,29.77
2012-02-09,29.75
2012-02-10,29.200001
2012-02-13,29.889999
2012-02-14,29.35
2012-02-15,29.18
2012-02-16,29.84
2012-02-17,30.24
2012-02-21,30.33
2012-02-22,30.360001
2012-02-23,30.85
2012-02-24,30.799999
2012-02-27,31.030001000000002
2012-02-28,30.860001
2012-02-29,30.5
2012-03-01,29.91
2012-03-02,29.969998999999998
2012-03-05,29.49
2012-03-06,28.5
2012-03-07,28.309998999999998
2012-03-08,28.77
2012-03-09,29.15
2012-03-12,29.059998999999998
2012-03-13,29.620001000000002
2012-03-14,29.389999
2012-03-15,29.809998999999998
2012-03-16,29.91
2012-03-19,29.9
2012-03-20,29.41
2012-03-21,29.27
2012-03-22,28.68
2012-03-23,29.110001
2012-03-26,29.809998999999998
2012-03-27,30.360001
2012-03-28,30.139999
2012-03-29,30.17
2012-03-30,30.129998999999998
2012-04-02,30.02
2012-04-03,29.889999
2012-04-04,29.77
2012-04-05,29.860001
2012-04-09,29.68
2012-04-10,28.799999
2012-04-11,29.68
2012-04-12,30.639999
2012-04-13,30.32
2012-04-16,30.389999
2012-04-17,31.17
2012-04-18,31.139999
2012-04-19,30.889999
2012-04-20,31.07
2012-04-23,30.870001000000002
2012-04-24,31.280001000000002
2012-04-25,31.530001000000002
2012-04-26,32.349998
2012-04-27,32.389998999999996
2012-04-30,31.98
2012-05-01,32.360001000000004
2012-05-02,32.419998
2012-05-03,32.27
2012-05-04,31.450001
2012-05-07,31.290001
2012-05-08,31.0
2012-05-09,30.780001000000002
2012-05-10,30.68
2012-05-11,30.73
2012-05-14,30.200001
2012-05-15,29.889999
2012-05-16,29.51
2012-05-17,28.91
2012-05-18,28.68
2012-05-21,29.09
2012-05-22,29.0
2012-05-23,29.41
2012-05-24,29.33
2012-05-25,29.450001
2012-05-29,30.43
2012-05-30,29.200001
2012-05-31,29.110001
2012-06-01,28.120001000000002
2012-06-04,27.360001
2012-06-05,27.370001000000002
2012-06-06,28.209999
2012-06-07,28.09
2012-06-08,28.32
2012-06-11,27.82
2012-06-12,27.700001
2012-06-13,27.02
2012-06-14,27.059998999999998
2012-06-15,27.809998999999998
2012-06-18,27.76
2012-06-19,28.389999
2012-06-20,28.059998999999998
2012-06-21,27.4
2012-06-22,27.51
2012-06-25,26.549999
2012-06-26,26.379998999999998
2012-06-27,26.629998999999998
2012-06-28,26.73
2012-06-29,27.34
2012-07-02,27.219998999999998
2012-07-03,27.77
2012-07-05,27.41
2012-07-06,27.370001000000002
2012-07-09,27.43
2012-07-10,27.51
2012-07-11,27.799999
2012-07-12,27.370001000000002
2012-07-13,28.02
2012-07-16,28.139999
2012-07-17,28.59
2012-07-18,29.120001000000002
2012-07-19,29.309998999999998
2012-07-20,28.74
2012-07-23,28.24
2012-07-24,30.309998999999998
2012-07-25,29.91
2012-07-26,30.309998999999998
2012-07-27,30.870001000000002
2012-07-30,31.32
2012-07-31,30.790001
2012-08-01,30.719998999999998
2012-08-02,30.540001
2012-08-03,31.120001000000002
2012-08-06,31.23
2012-08-07,31.48
2012-08-08,31.620001000000002
2012-08-09,31.57
2012-08-10,31.77
2012-08-13,31.559998999999998
2012-08-14,31.459999
2012-08-15,31.290001
2012-08-16,31.84
2012-08-17,32.040001000000004
2012-08-20,31.959999
2012-08-21,31.889999
2012-08-22,31.610001
2012-08-23,31.33
2012-08-24,31.5
2012-08-27,31.02
2012-08-28,31.07
2012-08-29,31.370001000000002
2012-08-30,31.0
2012-08-31,31.23
2012-09-04,29.6
2012-09-05,29.860001
2012-09-06,30.809998999999998
2012-09-07,30.76
2012-09-10,30.610001
2012-09-11,30.690001000000002
2012-09-12,30.639999
2012-09-13,30.950001
2012-09-14,31.84
2012-09-17,31.440001000000002
2012-09-18,31.17
2012-09-19,31.280001000000002
2012-09-20,30.85
2012-09-21,31.16
2012-09-24,31.280001000000002
2012-09-25,31.200001
2012-09-26,31.26
2012-09-27,31.67
2012-09-28,31.82
2012-10-01,31.889999
2012-10-02,31.809998999999998
2012-10-03,31.450001
2012-10-04,30.07
2012-10-05,30.049999
2012-10-08,30.02
2012-10-09,29.9
2012-10-10,29.879998999999998
2012-10-11,30.040001
2012-10-12,29.549999
2012-10-15,30.08
2012-10-16,30.41
2012-10-17,31.120001000000002
2012-10-18,30.84
2012-10-19,30.34
2012-10-22,30.08
2012-10-23,29.75
2012-10-24,32.25
2012-10-25,32.459998999999996
2012-10-26,32.25
2012-10-31,32.380001
2012-11-01,32.860001000000004
2012-11-02,33.200001
2012-11-05,33.709998999999996
2012-11-06,34.060001
2012-11-07,33.330002
2012-11-08,32.98
2012-11-09,32.98
2012-11-12,32.799999
2012-11-13,32.549999
2012-11-14,32.23
2012-11-15,31.76
2012-11-16,31.99
2012-11-19,32.369999
2012-11-20,33.060001
2012-11-21,33.23
2012-11-23,33.790001000000004
2012-11-26,33.849998
2012-11-27,33.650002
2012-11-28,33.700001
2012-11-29,33.630001
2012-11-30,33.450001
2012-12-03,33.099998
2012-12-04,33.290001000000004
2012-12-05,33.25
2012-12-06,33.48
2012-12-07,33.549999
2012-12-10,33.880001
2012-12-11,34.09
2012-12-12,34.02
2012-12-13,33.919998
2012-12-14,34.0
2012-12-17,34.09
2012-12-18,34.759997999999996
2012-12-19,34.73
2012-12-20,34.970001
2012-12-21,34.77
2012-12-24,34.759997999999996
2012-12-26,34.759997999999996
2012-12-27,34.889998999999996
2012-12-28,34.400002
2012-12-31,34.919998
2013-01-02,35.48
2013-01-03,35.73
2013-01-04,36.439999
2013-01-07,36.68
2013-01-08,35.970001
2013-01-09,36.200001
2013-01-10,36.049999
2013-01-11,35.860001000000004
2013-01-14,35.959998999999996
2013-01-15,35.959998999999996
2013-01-16,35.849998
2013-01-17,35.98
2013-01-18,35.93
2013-01-22,35.799999
2013-01-23,35.990002000000004
2013-01-24,35.939999
2013-01-25,36.0
2013-01-28,36.009997999999996
2013-01-29,36.139998999999996
2013-01-30,38.439999
2013-01-31,38.509997999999996
2013-02-01,38.709998999999996
2013-02-04,38.369999
2013-02-05,38.759997999999996
2013-02-06,39.189999
2013-02-07,39.099998
2013-02-08,39.25
2013-02-11,39.209998999999996
2013-02-12,39.43
2013-02-13,39.610001000000004
2013-02-14,39.689999
2013-02-15,39.73
2013-02-19,40.07
2013-02-20,39.639998999999996
2013-02-21,39.310001
2013-02-22,39.599998
2013-02-25,38.799999
2013-02-26,39.82
2013-02-27,40.720001
2013-02-28,40.849998
2013-03-01,40.880001
2013-03-04,41.130001
2013-03-05,41.799999
2013-03-06,41.700001
2013-03-07,41.779999
2013-03-08,42.16
2013-03-11,42.630001
2013-03-12,42.880001
2013-03-13,43.009997999999996
2013-03-14,43.580002
2013-03-15,43.27
2013-03-18,43.400002
2013-03-19,42.900002
2013-03-20,43.099998
2013-03-21,42.759997999999996
2013-03-22,42.950001
2013-03-25,42.849998
2013-03-26,42.91
2013-03-27,42.790001000000004
2013-03-28,43.07
2013-04-01,42.389998999999996
2013-04-02,42.200001
2013-04-03,41.57
2013-04-04,41.82
2013-04-05,41.509997999999996
2013-04-08,42.459998999999996
2013-04-09,43.07
2013-04-10,43.119999
2013-04-11,43.419998
2013-04-12,42.810001
2013-04-15,41.25
2013-04-16,41.66
2013-04-17,40.779999
2013-04-18,40.130001
2013-04-19,40.810001
2013-04-22,40.889998999999996
2013-04-23,41.290001000000004
2013-04-24,42.25
2013-04-25,41.549999
2013-04-26,41.450001
2013-04-29,41.709998999999996
2013-04-30,41.450001
2013-05-01,40.689999
2013-05-02,41.299999
2013-05-03,42.389998999999996
2013-05-06,42.540001000000004
2013-05-07,43.02
2013-05-08,43.470001
2013-05-09,42.91
2013-05-10,43.439999
2013-05-13,42.869999
2013-05-14,43.509997999999996
2013-05-15,44.360001000000004
2013-05-16,44.189999
2013-05-17,44.279999
2013-05-20,44.459998999999996
2013-05-21,44.290001000000004
2013-05-22,43.419998
2013-05-23,43.68
2013-05-24,43.66
2013-05-28,44.369999
2013-05-29,43.77
2013-05-30,44.009997999999996
2013-05-31,43.5
2013-06-03,43.259997999999996
2013-06-04,43.099998
2013-06-05,42.299999
2013-06-06,42.790001000000004
2013-06-07,43.389998999999996
2013-06-10,43.549999
2013-06-11,42.970001
2013-06-12,42.689999
2013-06-13,43.200001
2013-06-14,43.040001000000004
2013-06-17,43.439999
2013-06-18,44.110001000000004
2013-06-19,43.400002
2013-06-20,41.869999
2013-06-21,41.669998
2013-06-24,41.080002
2013-06-25,42.09
2013-06-26,42.16
2013-06-27,42.73
2013-06-28,42.759997999999996
2013-07-01,43.52
2013-07-02,43.380001
2013-07-03,43.540001000000004
2013-07-05,44.439999
2013-07-08,44.93
2013-07-09,45.0
2013-07-10,44.400002
2013-07-11,44.75
2013-07-12,44.700001
2013-07-15,44.759997999999996
2013-07-16,44.060001
2013-07-17,44.25
2013-07-18,45.0
2013-07-19,44.790001000000004
2013-07-22,44.400002
2013-07-23,44.619999
2013-07-24,43.93
2013-07-25,44.200001
2013-07-26,44.150002
2013-07-29,44.16
2013-07-30,44.34
2013-07-31,44.73
2013-08-01,46.099998
2013-08-02,45.73
2013-08-05,45.43
2013-08-06,44.720001
2013-08-07,44.860001000000004
2013-08-08,45.900002
2013-08-09,45.860001000000004
2013-08-12,45.509997999999996
2013-08-13,46.150002
2013-08-14,45.27
2013-08-15,44.060001
2013-08-16,44.27
2013-08-19,44.299999
2013-08-20,44.349998
2013-08-21,43.959998999999996
2013-08-22,44.41
2013-08-23,44.23
2013-08-26,44.450001
2013-08-27,43.18
2013-08-28,43.259997999999996
2013-08-29,43.610001000000004
2013-08-30,42.759997999999996
2013-09-03,42.889998999999996
2013-09-04,43.0
2013-09-05,43.16
2013-09-06,42.98
2013-09-09,43.810001
2013-09-10,44.75
2013-09-11,44.779999
2013-09-12,43.959998999999996
2013-09-13,44.139998999999996
2013-09-16,44.259997999999996
2013-09-17,44.18
2013-09-18,44.439999
2013-09-19,44.27
2013-09-20,44.139998999999996
2013-09-23,43.689999
2013-09-24,43.759997999999996
2013-09-25,43.470001
2013-09-26,43.889998999999996
2013-09-27,43.57
2013-09-30,43.52
2013-10-01,43.279999
2013-10-02,42.91
2013-10-03,42.82
2013-10-04,43.049999
2013-10-07,42.700001
2013-10-08,42.279999
2013-10-09,42.279999
2013-10-10,43.369999
2013-10-11,43.07
2013-10-14,43.150002
2013-10-15,42.830002
2013-10-16,43.290001000000004
2013-10-17,44.110001000000004
2013-10-18,44.639998999999996
2013-10-21,44.0
2013-10-22,44.09
2013-10-23,43.779999
2013-10-24,44.049999
2013-10-25,47.740002000000004
2013-10-28,47.84
2013-10-29,47.290001000000004
2013-10-30,47.240002000000004
2013-10-31,47.119999
2013-11-01,47.369999
2013-11-04,47.549999
2013-11-05,46.950001
2013-11-06,46.990002000000004
2013-11-07,46.169998
2013-11-08,47.57
2013-11-11,47.299999
2013-11-12,47.41
2013-11-13,47.849998
2013-11-14,47.970001
2013-11-15,48.279999
2013-11-18,48.279999
2013-11-19,48.040001000000004
2013-11-20,48.099998
2013-11-21,49.119999
2013-11-22,49.369999
2013-11-25,48.959998999999996
2013-11-26,48.73
2013-11-27,49.080002
2013-11-29,48.900002
2013-12-02,49.360001000000004
2013-12-03,49.029999
2013-12-04,49.09
2013-12-05,48.549999
2013-12-06,49.66
2013-12-09,49.330002
2013-12-10,49.009997999999996
2013-12-11,48.130001
2013-12-12,48.060001
2013-12-13,48.66
2013-12-16,49.060001
2013-12-17,49.110001000000004
2013-12-18,49.630001
2013-12-19,49.330002
2013-12-20,49.580002
2013-12-23,49.66
2013-12-24,49.889998999999996
2013-12-26,50.650002
2013-12-27,50.48
2013-12-30,50.209998999999996
2013-12-31,50.189999
2014-01-02,49.610001000000004
2014-01-03,49.549999
2014-01-06,49.43
2014-01-07,49.619999
2014-01-08,49.459998999999996
2014-01-09,49.880001
2014-01-10,50.880001
2014-01-13,50.360001000000004
2014-01-14,51.27
2014-01-15,51.259997999999996
2014-01-16,51.23
2014-01-17,51.150002
2014-01-21,51.310001
2014-01-22,52.139998999999996
2014-01-23,51.240002000000004
2014-01-24,49.130001
2014-01-27,48.91
2014-01-28,49.27
2014-01-29,48.93
2014-01-30,49.720001
2014-01-31,49.27
2014-02-03,47.810001
2014-02-04,47.580002
2014-02-05,46.990002000000004
2014-02-06,47.580002
2014-02-07,47.889998999999996
2014-02-10,49.060001
2014-02-11,49.240002000000004
2014-02-12,49.259997999999996
2014-02-13,49.450001
2014-02-14,49.400002
2014-02-18,49.52
2014-02-19,49.240002000000004
2014-02-20,49.299999
2014-02-21,48.889998999999996
2014-02-24,48.790001000000004
2014-02-25,48.84
2014-02-26,49.509997999999996
2014-02-27,49.110001000000004
2014-02-28,49.82
2014-03-03,49.400002
2014-03-04,51.790001000000004
2014-03-05,51.060001
2014-03-06,51.09
2014-03-07,51.560001
2014-03-10,51.209998999999996
2014-03-11,50.580002
2014-03-12,50.669998
2014-03-13,50.279999
2014-03-14,50.48
2014-03-17,50.48
2014-03-18,50.939999
2014-03-19,50.549999
2014-03-20,50.869999
2014-03-21,51.150002
2014-03-24,50.57
2014-03-25,50.470001
2014-03-26,49.540001000000004
2014-03-27,49.549999
2014-03-28,49.98
2014-03-31,50.669998
2014-04-01,51.110001000000004
2014-04-02,51.650002
2014-04-03,51.73
2014-04-04,51.130001
2014-04-07,50.490002000000004
2014-04-08,50.66
2014-04-09,51.200001
2014-04-10,49.169998
2014-04-11,48.630001
2014-04-14,49.16
2014-04-15,49.549999
2014-04-16,50.240002000000004
2014-04-17,50.68
2014-04-21,50.98
2014-04-22,51.759997999999996
2014-04-23,49.459998999999996
2014-04-24,49.009997999999996
2014-04-25,48.619999
2014-04-28,48.580002
2014-04-29,48.490002000000004
2014-04-30,48.66
2014-05-01,48.48
2014-05-02,48.389998999999996
2014-05-05,48.450001
2014-05-06,47.900002
2014-05-07,48.860001000000004
2014-05-08,48.709998999999996
2014-05-09,48.619999
2014-05-12,48.959998999999996
2014-05-13,48.419998
2014-05-14,48.119999
2014-05-15,47.43
2014-05-16,47.16
2014-05-19,47.310001
2014-05-20,46.66
2014-05-21,47.009997999999996
2014-05-22,48.240002000000004
2014-05-23,48.200001
2014-05-27,48.610001000000004
2014-05-28,48.82
2014-05-29,49.209998999999996
2014-05-30,50.700001
2014-06-02,49.939999
2014-06-03,49.43
2014-06-04,49.5
2014-06-05,49.619999
2014-06-06,49.759997999999996
2014-06-09,50.080002
2014-06-10,50.18
2014-06-11,49.689999
2014-06-12,49.48
2014-06-13,49.740002000000004
2014-06-16,50.209998999999996
2014-06-17,50.610001000000004
2014-06-18,50.869999
2014-06-19,50.990002000000004
2014-06-20,51.389998999999996
2014-06-23,50.919998
2014-06-24,50.970001
2014-06-25,50.830002
2014-06-26,51.41
2014-06-27,51.48
2014-06-30,51.25
2014-07-01,51.380001
2014-07-02,51.0
2014-07-03,51.490002000000004
2014-07-07,50.869999
2014-07-08,51.080002
2014-07-09,50.889998999999996
2014-07-10,50.849998
2014-07-11,50.490002000000004
2014-07-14,50.98
2014-07-15,50.889998999999996
2014-07-16,51.040001000000004
2014-07-17,50.68
2014-07-18,50.98
2014-07-21,50.630001
2014-07-22,50.52
2014-07-23,50.599998
2014-07-24,50.900002
2014-07-25,49.240002000000004
2014-07-28,48.950001
2014-07-29,48.029999
2014-07-30,47.849998
2014-07-31,47.209998999999996
2014-08-01,47.310001
2014-08-04,47.73
2014-08-05,47.360001000000004
2014-08-06,47.209998999999996
2014-08-07,47.139998999999996
2014-08-08,47.57
2014-08-11,47.759997999999996
2014-08-12,47.830002
2014-08-13,47.98
2014-08-14,48.049999
2014-08-15,47.880001
2014-08-18,48.380001
2014-08-19,49.099998
2014-08-20,48.790001000000004
2014-08-21,48.529999
2014-08-22,48.0
2014-08-25,48.169998
2014-08-26,48.02
2014-08-27,47.900002
2014-08-28,48.110001000000004
2014-08-29,48.130001
2014-09-02,48.150002
2014-09-03,48.439999
2014-09-04,48.669998
2014-09-05,48.880001
2014-09-08,48.759997999999996
2014-09-09,48.490002000000004
2014-09-10,48.310001
2014-09-11,48.709998999999996
2014-09-12,48.259997999999996
2014-09-15,48.43
2014-09-16,48.200001
2014-09-17,47.700001
2014-09-18,47.91
2014-09-19,47.790001000000004
2014-09-22,47.720001
2014-09-23,46.790001000000004
2014-09-24,46.959998999999996
2014-09-25,46.18
2014-09-26,46.41
2014-09-29,45.450001
2014-09-30,44.650002
2014-10-01,43.959998999999996
2014-10-02,43.759997999999996
2014-10-03,43.919998
2014-10-06,44.07
2014-10-07,42.950001
2014-10-08,43.57
2014-10-09,42.639998999999996
2014-10-10,41.959998999999996
2014-10-13,41.279999
2014-10-14,41.84
2014-10-15,41.779999
2014-10-16,42.560001
2014-10-17,43.130001
2014-10-20,43.43
2014-10-21,44.650002
2014-10-22,44.060001
2014-10-23,44.18
2014-10-24,46.369999
2014-10-27,45.25
2014-10-28,45.990002000000004
2014-10-29,45.400002
2014-10-30,46.009997999999996
2014-10-31,46.849998
2014-11-03,46.560001
2014-11-04,46.610001000000004
2014-11-05,46.93
2014-11-06,47.369999
2014-11-07,47.740002000000004
2014-11-10,48.040001000000004
2014-11-11,47.959998999999996
2014-11-12,48.099998
2014-11-13,48.09
2014-11-14,47.540001000000004
2014-11-17,47.779999
2014-11-18,47.970001
2014-11-19,47.939999
2014-11-20,47.869999
2014-11-21,48.27
2014-11-24,49.150002
2014-11-25,49.049999
2014-11-26,49.189999
2014-11-28,49.509997999999996
2014-12-01,49.130001
2014-12-02,49.919998
2014-12-03,50.34
2014-12-04,49.619999
2014-12-05,49.84
2014-12-08,49.400002
2014-12-09,49.740002000000004
2014-12-10,49.82
2014-12-11,50.220001
2014-12-12,50.130001
2014-12-15,50.52
2014-12-16,50.130001
2014-12-17,50.209998999999996
2014-12-18,51.080002
2014-12-19,51.970001
2014-12-22,51.84
2014-12-23,52.23
2014-12-24,52.150002
2014-12-26,52.619999
2014-12-29,52.669998
2014-12-30,52.639998999999996
2014-12-31,51.880001
2015-01-02,51.790001000000004
2015-01-05,51.150002
2015-01-06,51.66
2015-01-07,52.169998
2015-01-08,53.720001
2015-01-09,53.02
2015-01-12,53.389998999999996
2015-01-13,53.360001000000004
2015-01-14,53.529999
2015-01-15,52.389998999999996
2015-01-16,52.720001
2015-01-20,53.599998
2015-01-21,53.099998
2015-01-22,53.889998999999996
2015-01-23,52.580002
2015-01-26,52.98
2015-01-27,52.380001
2015-01-28,51.900002
2015-01-29,52.759997999999996
2015-01-30,52.27
2015-02-02,51.200001
2015-02-03,51.830002
2015-02-04,51.5
2015-02-05,52.34
2015-02-06,52.400002
2015-02-09,51.98
2015-02-10,53.32
2015-02-11,53.189999
2015-02-12,53.650002
2015-02-13,53.790001000000004
2015-02-17,53.990002000000004
2015-02-18,54.080002
2015-02-19,53.799999
2015-02-20,54.080002
2015-02-23,54.490002000000004
2015-02-24,54.639998999999996
2015-02-25,54.43
2015-02-26,54.299999
2015-02-27,53.549999
2015-03-02,53.93
2015-03-03,53.259997999999996
2015-03-04,53.23
2015-03-05,53.0
2015-03-06,52.25
2015-03-09,52.41
2015-03-10,51.650002
2015-03-11,51.689999
2015-03-12,52.330002
2015-03-13,52.009997999999996
2015-03-16,52.689999
2015-03-17,52.23
2015-03-18,52.830002
2015-03-19,53.0
2015-03-20,53.490002000000004
2015-03-23,53.299999
2015-03-24,52.970001
2015-03-25,52.41
2015-03-26,52.150002
2015-03-27,52.360001000000004
2015-03-30,53.66
2015-03-31,52.91
2015-04-01,52.98
2015-04-02,53.0
2015-04-06,53.400002
2015-04-07,53.310001
2015-04-08,53.860001000000004
2015-04-09,53.720001
2015-04-10,54.040001000000004
2015-04-13,53.93
2015-04-14,53.07
2015-04-15,52.48
2015-04-16,51.889998999999996
2015-04-17,51.07
2015-04-20,51.43
2015-04-21,51.5
2015-04-22,51.779999
2015-04-23,51.509997999999996
2015-04-24,51.91
2015-04-27,51.959998999999996
2015-04-28,51.84
2015-04-29,54.610001000000004
2015-04-30,55.59
2015-05-01,56.16
2015-05-04,56.639998999999996
2015-05-05,56.869999
2015-05-06,57.720001
2015-05-07,57.700001
2015-05-08,58.200001
2015-05-11,58.310001
2015-05-12,58.259997999999996
2015-05-13,59.830002
2015-05-14,60.509997999999996
2015-05-15,60.52
2015-05-18,60.209998999999996
2015-05-19,61.0
2015-05-20,61.029999
2015-05-21,61.959998999999996
2015-05-22,62.580002
2015-05-26,62.080002
2015-05-27,63.18
2015-05-28,62.810001
2015-05-29,61.91
2015-06-01,61.880001
2015-06-02,60.77
2015-06-03,61.139998999999996
2015-06-04,60.560001
2015-06-05,60.799999
2015-06-08,60.689999
2015-06-09,61.23
2015-06-10,62.049999
2015-06-11,62.169998
2015-06-12,62.09
2015-06-15,61.07
2015-06-16,61.799999
2015-06-17,62.450001
2015-06-18,62.619999
2015-06-19,62.23
2015-06-22,62.360001000000004
2015-06-23,62.150002
2015-06-24,61.650002
2015-06-25,61.400002
2015-06-26,62.200001
2015-06-29,61.02
2015-06-30,60.939999
2015-07-01,62.209998999999996
2015-07-02,62.169998
2015-07-06,61.580002
2015-07-07,61.950001
2015-07-08,60.689999
2015-07-09,60.630001
2015-07-10,61.599998
2015-07-13,62.380001
2015-07-14,63.07
2015-07-15,63.52
2015-07-16,62.959998999999996
2015-07-17,61.82
2015-07-20,62.029999
2015-07-21,61.560001
2015-07-22,61.900002
2015-07-23,61.220001
2015-07-24,60.110001000000004
2015-07-27,59.790001000000004
2015-07-28,61.130001
2015-07-29,60.860001000000004
2015-07-30,61.599998
2015-07-31,60.849998
2015-08-03,60.540001000000004
2015-08-04,60.310001
2015-08-05,61.369999
2015-08-06,61.869999
2015-08-07,63.040001000000004
2015-08-10,64.650002
2015-08-11,64.290001
2015-08-12,63.68
2015-08-13,63.689999
2015-08-14,63.970001
2015-08-17,64.489998
2015-08-18,63.779999
2015-08-19,63.529999
2015-08-20,62.0
2015-08-21,60.25
2015-08-24,57.23
2015-08-25,55.91
2015-08-26,58.02
2015-08-27,59.110001000000004
2015-08-28,59.57
2015-08-31,58.080002
2015-09-01,56.299999
2015-09-02,57.48
2015-09-03,58.0
2015-09-04,57.439999
2015-09-08,59.110001000000004
2015-09-09,58.529999
2015-09-10,58.889998999999996
2015-09-11,58.709998999999996
2015-09-14,58.68
2015-09-15,59.23
2015-09-16,60.209998999999996
2015-09-17,60.290001000000004
2015-09-18,59.16
2015-09-21,58.73
2015-09-22,57.290001000000004
2015-09-23,57.259997999999996
2015-09-24,56.82
2015-09-25,56.73
2015-09-28,55.669998
2015-09-29,55.59
2015-09-30,56.57
2015-10-01,58.150002
2015-10-02,59.48
2015-10-05,59.34
2015-10-06,58.610001000000004
2015-10-07,58.790001000000004
2015-10-08,59.150002
2015-10-09,59.610001000000004
2015-10-12,59.490002000000004
2015-10-13,59.25
2015-10-14,58.630001
2015-10-15,59.34
2015-10-16,59.869999
2015-10-19,60.18
2015-10-20,60.77
2015-10-21,60.41
2015-10-22,62.849998
2015-10-23,63.91
2015-10-26,63.580002
2015-10-27,63.150002
2015-10-28,64.260002
2015-10-29,65.18
2015-10-30,64.970001
2015-11-02,65.690002
2015-11-03,65.110001
2015-11-04,64.459999
2015-11-05,64.83000200000001
2015-11-06,65.089996
2015-11-09,65.349998
2015-11-10,64.010002
2015-11-11,65.239998
2015-11-12,62.880001
2015-11-13,62.369999
2015-11-16,63.34
2015-11-17,63.580002
2015-11-18,65.379997
2015-11-19,66.0
2015-11-20,65.949997
2015-11-23,65.709999
2015-11-24,66.110001
2015-11-25,66.16999799999999
2015-11-27,66.16999799999999
2015-11-30,65.959999
2015-12-01,66.18
2015-12-02,65.309998
2015-12-03,64.0
2015-12-04,65.559998
2015-12-07,65.089996
2015-12-08,64.230003
2015-12-09,63.619999
2015-12-10,63.700001
2015-12-11,62.939999
2015-12-14,62.82
2015-12-15,63.299999
2015-12-16,64.559998
2015-12-17,63.07
2015-12-18,62.060001
2015-12-21,62.900002
2015-12-22,63.07
2015-12-23,63.939999
2015-12-24,64.059998
2015-12-28,63.990002000000004
2015-12-29,63.59
2015-12-30,63.34
2015-12-31,62.66
2016-01-04,61.200001
2016-01-05,61.669998
2016-01-06,60.950001
2016-01-07,59.119999
2016-01-08,59.689999
2016-01-11,59.709998999999996
2016-01-12,59.900002
2016-01-13,58.669998
2016-01-14,59.93
2016-01-15,58.939999
2016-01-19,58.970001
2016-01-20,59.02
2016-01-21,58.889998999999996
2016-01-22,60.740002000000004
2016-01-25,58.16
2016-01-26,59.610001000000004
2016-01-27,59.700001
2016-01-28,59.349998
2016-01-29,60.889998999999996
2016-02-01,61.029999
2016-02-02,59.860001000000004
2016-02-03,63.740002000000004
2016-02-04,64.370003
2016-02-05,63.200001
2016-02-08,61.330002
2016-02-09,62.889998999999996
2016-02-10,63.040001000000004
2016-02-11,62.279999
2016-02-12,63.98
2016-02-16,64.83000200000001
2016-02-17,64.199997
2016-02-18,64.18
2016-02-19,64.589996
2016-02-22,65.029999
2016-02-23,63.990002000000004
2016-02-24,64.779999
2016-02-25,66.239998
2016-02-26,66.449997
2016-02-29,65.120003
2016-03-01,66.790001
2016-03-02,67.449997
2016-03-03,68.239998
2016-03-04,67.860001
2016-03-07,67.940002
2016-03-08,68.18
2016-03-09,69.099998
2016-03-10,69.629997
2016-03-11,69.849998
2016-03-14,69.230003
2016-03-15,69.010002
2016-03-16,69.199997
2016-03-17,69.800003
2016-03-18,70.459999
2016-03-21,70.970001
2016-03-22,71.440002
2016-03-23,71.349998
2016-03-24,70.989998
2016-03-28,71.269997
2016-03-29,72.43
2016-03-30,72.400002
2016-03-31,72.110001
2016-04-01,72.860001
2016-04-04,72.82
2016-04-05,72.059998
2016-04-06,73.019997
2016-04-07,71.57
2016-04-08,71.720001
2016-04-11,71.360001
2016-04-12,71.610001
2016-04-13,72.309998
2016-04-14,72.010002
2016-04-15,72.589996
2016-04-18,73.389999
2016-04-19,73.389999
2016-04-20,73.019997
2016-04-21,72.809998
2016-04-22,73.519997
2016-04-25,72.790001
2016-04-26,72.739998
2016-04-27,74.470001
2016-04-28,73.440002
2016-04-29,72.610001
2016-05-02,74.349998
2016-05-03,75.16999799999999
2016-05-04,73.980003
2016-05-05,74.059998
2016-05-06,74.870003
2016-05-09,75.190002
2016-05-10,76.449997
2016-05-11,75.800003
2016-05-12,76.370003
2016-05-13,75.58000200000001
2016-05-16,76.739998
2016-05-17,75.32
2016-05-18,74.440002
2016-05-19,74.620003
2016-05-20,73.309998
2016-05-23,73.449997
2016-05-24,74.5
2016-05-25,74.910004
2016-05-26,74.370003
2016-05-27,74.66999799999999
2016-05-31,74.379997
2016-06-01,74.160004
2016-06-02,75.279999
2016-06-03,75.75
2016-06-06,76.0
2016-06-07,76.019997
2016-06-08,76.459999
2016-06-09,76.57
2016-06-10,77.110001
2016-06-13,75.709999
2016-06-14,75.879997
2016-06-15,75.660004
2016-06-16,75.889999
2016-06-17,75.040001
2016-06-20,76.220001
2016-06-21,76.33000200000001
2016-06-22,76.360001
2016-06-23,77.120003
2016-06-24,73.620003
2016-06-27,71.110001
2016-06-28,72.0
2016-06-29,72.82
2016-06-30,74.75
2016-07-01,72.620003
2016-07-05,71.129997
2016-07-06,71.82
2016-07-07,72.16999799999999
2016-07-08,73.300003
2016-07-11,72.989998
2016-07-12,72.959999
2016-07-13,73.18
2016-07-14,73.360001
2016-07-15,73.529999
2016-07-18,73.809998
2016-07-19,72.910004
2016-07-20,73.43
2016-07-21,72.360001
2016-07-22,72.599998
2016-07-25,72.260002
2016-07-26,76.370003
2016-07-27,78.550003
2016-07-28,78.150002
2016-07-29,77.889999
2016-08-01,78.150002
2016-08-02,77.849998
2016-08-03,77.239998
2016-08-04,77.389999
2016-08-05,78.459999
2016-08-08,78.720001
2016-08-09,78.730003
2016-08-10,78.690002
2016-08-11,78.300003
2016-08-12,78.190002
2016-08-15,78.16999799999999
2016-08-16,77.300003
2016-08-17,77.290001
2016-08-18,76.949997
2016-08-19,77.449997
2016-08-22,77.160004
2016-08-23,78.160004
2016-08-24,77.370003
2016-08-25,77.900002
2016-08-26,76.93
2016-08-29,77.370003
2016-08-30,77.5
2016-08-31,77.440002
2016-09-01,77.339996
2016-09-02,78.139999
2016-09-06,78.110001
2016-09-07,78.33000200000001
2016-09-08,77.620003
2016-09-09,75.33000200000001
2016-09-12,76.290001
2016-09-13,75.610001
2016-09-14,75.519997
2016-09-15,76.839996
2016-09-16,76.410004
2016-09-19,77.449997
2016-09-20,77.620003
2016-09-21,78.150002
2016-09-22,78.839996
2016-09-23,78.25
2016-09-26,77.459999
2016-09-27,77.779999
2016-09-28,78.309998
2016-09-29,77.050003
2016-09-30,77.790001
2016-10-03,78.040001
2016-10-04,75.75
2016-10-05,76.050003
2016-10-06,77.199997
2016-10-07,76.400002
2016-10-10,76.209999
2016-10-11,75.559998
2016-10-12,76.08000200000001
2016-10-13,75.720001
2016-10-14,76.449997
2016-10-17,76.510002
2016-10-18,76.440002
2016-10-19,76.650002
2016-10-20,75.93
2016-10-21,75.5
2016-10-24,75.900002
2016-10-25,75.769997
2016-10-26,70.959999
2016-10-27,70.360001
2016-10-28,68.610001
2016-10-31,69.790001
2016-11-01,69.190002
2016-11-02,68.989998
2016-11-03,70.449997
2016-11-04,70.68
2016-11-07,71.610001
2016-11-08,71.260002
2016-11-09,71.040001
2016-11-10,70.279999
2016-11-11,69.550003
2016-11-14,70.75
2016-11-15,71.16999799999999
2016-11-16,71.379997
2016-11-17,71.940002
2016-11-18,70.58000200000001
2016-11-21,70.25
2016-11-22,71.68
2016-11-23,71.220001
2016-11-25,71.709999
2016-11-28,72.57
2016-11-29,72.949997
2016-11-30,72.059998
2016-12-01,71.18
2016-12-02,71.720001
2016-12-05,72.709999
2016-12-06,73.209999
2016-12-07,73.309998
2016-12-08,73.68
2016-12-09,72.620003
2016-12-12,72.709999
2016-12-13,72.550003
2016-12-14,71.779999
2016-12-15,71.730003
2016-12-16,71.940002
2016-12-19,71.279999
2016-12-20,71.519997
2016-12-21,71.57
2016-12-22,71.370003
2016-12-23,71.43
2016-12-27,71.690002
2016-12-28,70.790001
2016-12-29,70.620003
2016-12-30,70.220001
