2008-12-31,18.768911
2009-01-02,19.397993
2009-01-05,18.856506
2009-01-06,19.079472
2009-01-07,18.346870000000003
2009-01-08,18.506132
2009-01-09,17.964643
2009-01-12,17.789457000000002
2009-01-13,17.773531
2009-01-14,17.853161
2009-01-15,18.100016
2009-01-16,18.498169
2009-01-20,17.813347
2009-01-21,18.561872
2009-01-22,18.227425
2009-01-23,18.307055
2009-01-26,18.752987
2009-01-27,18.633541
2009-01-28,19.262621
2009-01-29,17.598343
2009-01-30,16.754261
2009-02-02,17.240005
2009-02-03,17.566492
2009-02-04,17.677975
2009-02-05,18.068163000000002
2009-02-06,18.999842
2009-02-09,18.912247
2009-02-10,18.219461
2009-02-11,18.601688
2009-02-12,18.681318
2009-02-13,18.537982999999997
2009-02-17,17.996496
2009-02-18,17.861124
2009-02-19,17.295748
2009-02-20,17.662048000000002
2009-02-23,16.746298
2009-02-24,17.271857999999998
2009-02-25,16.9613
2009-02-26,16.531294
2009-02-27,16.38796
2009-03-02,15.997770000000001
2009-03-03,16.395924
2009-03-04,17.478897
2009-03-05,16.9613
2009-03-06,17.3276
2009-03-09,16.825928
2009-03-10,18.107979
2009-03-11,18.737060999999997
2009-03-12,19.302437
2009-03-13,18.386685999999997
2009-03-16,18.147795000000002
2009-03-17,18.84058
2009-03-18,18.880395999999998
2009-03-19,19.007803
2009-03-20,17.916866
2009-03-23,19.151138
2009-03-24,17.916866
2009-03-25,18.195572
2009-03-26,18.633541
2009-03-27,18.084089000000002
2009-03-30,17.534639000000002
2009-03-31,18.028349
2009-04-01,18.808726999999998
2009-04-02,19.270584
2009-04-03,19.39003
2009-04-06,19.238731
2009-04-07,18.689281
2009-04-08,20.146521
2009-04-09,20.417263000000002
2009-04-13,20.648191
2009-04-14,20.417263000000002
2009-04-15,20.457079
2009-04-16,21.452461
2009-04-17,21.229495999999997
2009-04-20,20.735785999999997
2009-04-21,21.157826999999997
2009-04-22,20.727823
2009-04-23,19.971332999999998
2009-04-24,20.576525
2009-04-27,20.425226000000002
2009-04-28,20.576525
2009-04-29,20.425226000000002
2009-04-30,22.718586
2009-05-01,21.906354999999998
2009-05-04,22.583214
2009-05-05,22.376175
2009-05-06,22.137283
2009-05-07,21.786909
2009-05-08,21.858576
2009-05-11,22.161173
2009-05-12,22.097467
2009-05-13,21.380793
2009-05-14,21.73913
2009-05-15,21.993948
2009-05-18,22.415989
2009-05-19,22.543398
2009-05-20,22.503584
2009-05-21,23.881191
2009-05-22,23.674152
2009-05-26,25.433987
2009-05-27,24.072304000000003
2009-05-28,24.183785999999998
2009-05-29,25.011944
2009-06-01,25.139353
2009-06-02,25.378244
2009-06-03,25.680841
2009-06-04,25.561396
2009-06-05,25.457876000000002
2009-06-08,25.195095000000002
2009-06-09,26.055104999999998
2009-06-10,26.477146
2009-06-11,26.588628999999997
2009-06-12,27.154004999999998
2009-06-15,26.692148
2009-06-16,26.349737
2009-06-17,26.851409999999998
2009-06-18,26.094919
2009-06-19,25.824175
2009-06-22,24.605829
2009-06-23,24.701385000000002
2009-06-24,24.988056
2009-06-25,25.505653
2009-06-26,25.433987
2009-06-29,25.513617
2009-06-30,25.394171
2009-07-01,25.688805
2009-07-02,24.812867999999998
2009-07-06,24.263417999999998
2009-07-07,24.096193
2009-07-08,24.50231
2009-07-09,25.019907
2009-07-10,25.641026
2009-07-13,25.720654999999997
2009-07-14,25.744545000000002
2009-07-15,26.90715
2009-07-16,27.591972
2009-07-17,27.862717
2009-07-20,28.308646999999997
2009-07-21,27.767159999999997
2009-07-22,27.631788
2009-07-23,29.144768
2009-07-24,28.292723
2009-07-27,27.950309999999998
2009-07-28,28.563465
2009-07-29,28.308646999999997
2009-07-30,28.26087
2009-07-31,28.348463
2009-08-03,29.096991
2009-08-04,28.929765999999997
2009-08-05,28.730690000000003
2009-08-06,28.563465
2009-08-07,28.921803000000004
2009-08-10,28.181238
2009-08-11,27.751234000000004
2009-08-12,28.611244
2009-08-13,28.7068
2009-08-14,28.348463
2009-08-17,27.114190999999998
2009-08-18,27.472527000000003
2009-08-19,27.703457
2009-08-20,27.671604
2009-08-21,28.173277000000002
2009-08-24,28.014015
2009-08-25,28.316609999999997
2009-08-26,28.595318
2009-08-27,28.88995
2009-08-28,28.595318
2009-08-31,28.396241999999997
2009-09-01,27.671604
2009-09-02,27.568084999999996
2009-09-03,27.79105
2009-09-04,28.682910999999997
2009-09-08,28.483835
2009-09-09,28.627171
2009-09-10,28.937728999999997
2009-09-11,28.770504
2009-09-14,29.343845
2009-09-15,29.168657
2009-09-16,29.885332000000002
2009-09-17,30.259596000000002
2009-09-18,29.638477
2009-09-21,29.447365
2009-09-22,29.479215999999997
2009-09-23,28.778467
2009-09-24,29.980888
2009-09-25,29.781813
2009-09-28,30.729415999999997
2009-09-29,30.63386
2009-09-30,31.23905
2009-10-01,30.323299
2009-10-02,30.21978
2009-10-05,31.223125
2009-10-06,31.915910999999998
2009-10-07,31.509794
2009-10-08,32.839622
2009-10-09,33.245739
2009-10-12,33.986305
2009-10-13,34.034081
2009-10-14,33.58815
2009-10-15,33.866859000000005
2009-10-16,33.412964
2009-10-19,33.715561
2009-10-20,33.134258
2009-10-21,32.935181
2009-10-22,31.661093
2009-10-23,31.326645000000003
2009-10-26,30.968307
2009-10-27,30.586081
2009-10-28,29.861442999999998
2009-10-29,30.546265000000002
2009-10-30,29.272177000000003
2009-11-02,29.734034
2009-11-03,30.339226
2009-11-04,29.686256
2009-11-05,30.530338
2009-11-06,30.960344
2009-11-09,31.398312
2009-11-10,31.055901000000002
2009-11-11,31.207199
2009-11-12,30.801083000000002
2009-11-13,31.382385
2009-11-16,31.262939000000003
2009-11-17,31.565535999999998
2009-11-18,31.111643
2009-11-19,30.347189
2009-11-20,30.132187
2009-11-23,30.761269
2009-11-24,30.363115000000004
2009-11-25,30.824972
2009-11-27,30.164040000000004
2009-11-30,30.402931
2009-12-01,30.928492
2009-12-02,30.984234000000004
2009-12-03,30.673674
2009-12-04,31.430164
2009-12-07,31.055901000000002
2009-12-08,30.466634999999997
2009-12-09,30.625896
2009-12-10,30.848862
2009-12-11,30.482560999999997
2009-12-14,30.817009000000002
2009-12-15,30.848862
2009-12-16,31.533684
2009-12-17,30.928492
2009-12-18,31.406275
2009-12-21,32.04332
2009-12-22,32.640549
2009-12-23,33.500557
2009-12-24,33.564262
2009-12-28,33.699635
2009-12-29,33.612041
2009-12-30,33.58815
2009-12-31,33.134258
2010-01-04,34.113712
2010-01-05,34.1376
2010-01-06,34.002228
2010-01-07,33.970379
2010-01-08,34.894093
2010-01-11,33.835007
2010-01-12,33.444817
2010-01-13,33.835007
2010-01-14,34.296864
2010-01-15,34.416309000000005
2010-01-19,34.973721000000005
2010-01-20,34.169453000000004
2010-01-21,34.089825
2010-01-22,32.967033
2010-01-25,32.767956
2010-01-26,33.508522
2010-01-27,33.42889
2010-01-28,34.010193
2010-01-29,33.086479
2010-02-01,33.691669
2010-02-02,33.723521999999996
2010-02-03,33.811115
2010-02-04,32.951107
2010-02-05,33.277592
2010-02-08,33.53241
2010-02-09,34.392418
2010-02-10,34.161491
2010-02-11,34.296864
2010-02-12,34.36853
2010-02-16,34.734829
2010-02-17,34.949833
2010-02-18,35.96114
2010-02-19,35.626694
2010-02-22,35.125019
2010-02-23,34.965759000000006
2010-02-24,34.838347999999996
2010-02-25,34.097786
2010-02-26,34.249084
2010-03-01,34.838347999999996
2010-03-02,34.495937
2010-03-03,34.925945
2010-03-04,35.029465
2010-03-05,35.523174
2010-03-08,35.825768
2010-03-09,36.614109
2010-03-10,37.123745
2010-03-11,37.633381
2010-03-12,38.28635
2010-03-15,39.018951
2010-03-16,38.979137
2010-03-17,37.768753000000004
2010-03-18,38.270424
2010-03-19,38.493389
2010-03-22,38.373943
2010-03-23,38.222649
2010-03-24,38.644688
2010-03-25,38.254498
2010-03-26,38.294315000000005
2010-03-29,38.206722
2010-03-30,38.214684000000005
2010-03-31,37.800606
2010-04-01,37.346709999999995
2010-04-05,37.68116
2010-04-06,37.62542
2010-04-07,37.593567
2010-04-08,37.442268
2010-04-09,38.421721999999995
2010-04-12,38.8358
2010-04-13,38.270424
2010-04-14,38.262463000000004
2010-04-15,38.724319
2010-04-16,38.596909000000004
2010-04-19,37.999683000000005
2010-04-20,39.369328
2010-04-21,39.679885999999996
2010-04-22,38.46154
2010-04-23,38.580985999999996
2010-04-26,38.923396999999994
2010-04-27,37.832458
2010-04-28,38.007645000000004
2010-04-29,38.047459
2010-04-30,37.45023
2010-05-03,38.143017
2010-05-04,37.243190999999996
2010-05-05,36.622074
2010-05-06,35.395763
2010-05-07,34.734829
2010-05-10,37.394489
2010-05-11,37.147636
2010-05-12,37.935978000000006
2010-05-13,38.246536
2010-05-14,37.036152
2010-05-17,36.868927
2010-05-18,36.048733
2010-05-19,35.634655
2010-05-20,35.037426
2010-05-21,35.57095
2010-05-24,35.140945
2010-05-25,34.36853
2010-05-26,34.113712
2010-05-27,35.07724
2010-05-28,34.726867999999996
2010-06-01,34.36853
2010-06-02,35.363911
2010-06-03,35.722248
2010-06-04,34.480011
2010-06-07,33.930561
2010-06-08,33.381111
2010-06-09,33.986305
2010-06-10,34.86224
2010-06-11,35.013538
2010-06-14,34.933907
2010-06-15,35.849659
2010-06-16,35.897434000000004
2010-06-17,36.422996999999995
2010-06-18,36.701706
2010-06-21,36.797259999999994
2010-06-22,36.24781
2010-06-23,36.24781
2010-06-24,35.324096999999995
2010-06-25,35.929287
2010-06-28,35.539097
2010-06-29,34.121674
2010-06-30,33.627968
2010-07-01,34.073898
2010-07-02,33.53241
2010-07-06,34.36853
2010-07-07,35.427616
2010-07-08,35.594840999999995
2010-07-09,35.531136
2010-07-12,35.865584999999996
2010-07-13,36.375217
2010-07-14,36.614109
2010-07-15,37.13171
2010-07-16,36.120399
2010-07-19,36.868927
2010-07-20,37.044117
2010-07-21,35.841694
2010-07-22,37.123745
2010-07-23,38.103203
2010-07-26,38.143017
2010-07-27,38.23061
2010-07-28,37.689121
2010-07-29,45.126614000000004
2010-07-30,43.812709999999996
2010-08-02,44.457718
2010-08-03,45.015128999999995
2010-08-04,46.185699
2010-08-05,45.922916
2010-08-06,46.440517
2010-08-09,46.456444
2010-08-10,46.090140999999996
2010-08-11,44.465678999999994
2010-08-12,44.768276
2010-08-13,45.19828
2010-08-16,45.381432000000004
2010-08-17,46.607738
2010-08-18,46.759037
2010-08-19,46.13792
2010-08-20,47.149227
2010-08-23,46.432552
2010-08-24,46.528110999999996
2010-08-25,46.098106
2010-08-26,46.344959
2010-08-27,46.727184
2010-08-30,46.233478999999996
2010-08-31,46.13792
2010-09-01,48.080906
2010-09-02,48.988693
2010-09-03,49.323139000000005
2010-09-07,49.100173999999996
2010-09-08,50.581303000000005
2010-09-09,50.0
2010-09-10,50.716675
2010-09-13,52.301323
2010-09-14,53.670967000000005
2010-09-15,53.320591
2010-09-16,53.376335
2010-09-17,54.315975
2010-09-20,55.813026
2010-09-21,55.112278
2010-09-22,53.57540899999999
2010-09-23,54.491161
2010-09-24,56.179329
2010-09-27,55.327282
2010-09-28,56.58544499999999
2010-09-29,55.908584999999995
2010-09-30,54.339863
2010-10-01,54.100970999999994
2010-10-04,53.678928000000006
2010-10-05,55.74136
2010-10-06,47.897755
2010-10-07,48.144608000000005
2010-10-08,47.507565
2010-10-11,44.346233000000005
2010-10-12,45.739769
2010-10-13,46.751076
2010-10-14,46.918301
2010-10-15,47.133301
2010-10-18,46.607738
2010-10-19,45.19828
2010-10-20,45.166428
2010-10-21,46.520145
2010-10-22,48.415352
2010-10-25,48.877209
2010-10-26,50.294632
2010-10-27,52.006687
2010-10-28,51.568721999999994
2010-10-29,51.067046999999995
2010-11-01,51.130753000000006
2010-11-02,52.110209999999995
2010-11-03,52.054466
2010-11-04,52.492435
2010-11-05,52.006687
2010-11-08,52.062431
2010-11-09,51.457237
2010-11-10,52.866699
2010-11-11,53.193183999999995
2010-11-12,51.592609
2010-11-15,50.899826000000004
2010-11-16,49.577957
2010-11-17,50.49371
2010-11-18,51.712055
2010-11-19,52.500397
2010-11-22,54.164677000000005
2010-11-23,52.795033
2010-11-24,54.650420999999994
2010-11-26,54.738014
2010-11-29,53.655041000000004
2010-11-30,52.898552
2010-12-01,54.865425
2010-12-02,55.438763
2010-12-03,55.948399
2010-12-06,55.390987
2010-12-07,56.442108
2010-12-08,55.97229
2010-12-09,55.900619999999996
2010-12-10,56.442108
2010-12-13,55.008759
2010-12-14,54.578754
2010-12-15,53.89393199999999
2010-12-16,55.080425
2010-12-17,55.112278
2010-12-20,54.849499
2010-12-21,55.54228199999999
2010-12-22,54.507088
2010-12-23,54.682274
2010-12-27,55.008759
2010-12-28,54.546902
2010-12-29,54.706161
2010-12-30,54.451347
2010-12-31,54.475235
2011-01-03,54.116898
2011-01-04,53.408188
2011-01-05,54.116898
2011-01-06,54.865425
2011-01-07,54.483196
2011-01-10,55.534321
2011-01-11,54.132824
2011-01-12,54.220417000000005
2011-01-13,53.885967
2011-01-14,54.188564
2011-01-18,54.061156999999994
2011-01-19,53.981525
2011-01-20,52.046504999999996
2011-01-21,51.942986
2011-01-24,51.520943
2011-01-25,49.331103999999996
2011-01-26,50.573341
2011-01-27,51.624462
2011-01-28,50.772415
2011-01-31,50.310558
2011-02-01,51.807613
2011-02-02,52.380951
2011-02-03,51.903168
2011-02-04,52.87466
2011-02-07,52.81892
2011-02-08,52.293358000000005
2011-02-09,51.895206
2011-02-10,54.650420999999994
2011-02-11,55.590061
2011-02-14,57.947124
2011-02-15,57.254341000000004
2011-02-16,57.66841899999999
2011-02-17,57.65249300000001
2011-02-18,57.835643999999995
2011-02-22,55.263577000000005
2011-02-23,53.702819999999996
2011-02-24,54.339863
2011-02-25,56.481922
2011-02-28,55.868770999999995
2011-03-01,54.626534
2011-03-02,55.661728000000004
2011-03-03,56.139511
2011-03-04,57.238415
2011-03-07,56.696926
2011-03-08,57.724159
2011-03-09,57.971016000000006
2011-03-10,56.059883
2011-03-11,57.12693
2011-03-14,56.58544499999999
2011-03-15,55.215796999999995
2011-03-16,53.941711
2011-03-17,53.957638
2011-03-18,53.065773
2011-03-21,54.411530000000006
2011-03-22,53.225037
2011-03-23,54.085044999999994
2011-03-24,56.012104
2011-03-25,55.852844
2011-03-28,55.430801
2011-03-29,55.773212
2011-03-30,57.525085
2011-03-31,58.496574
2011-04-01,59.929924
2011-04-04,60.049369999999996
2011-04-05,60.24048199999999
2011-04-06,58.27360899999999
2011-04-07,59.014175
2011-04-08,58.464725
2011-04-11,59.611404
2011-04-12,58.647873
2011-04-13,59.571587
2011-04-14,58.982323
2011-04-15,59.29288100000001
2011-04-18,57.923237
2011-04-19,57.803791000000004
2011-04-20,60.423634
2011-04-21,60.813824
2011-04-25,62.008281999999994
2011-04-26,61.466793
2011-04-27,61.976429
2011-04-28,67.980568
2011-04-29,67.16037800000001
2011-05-02,65.74295
2011-05-03,64.827202
2011-05-04,64.17423199999999
2011-05-05,64.580345
2011-05-06,65.10591099999999
2011-05-09,65.01035300000001
2011-05-10,66.80204
2011-05-11,65.567764
2011-05-12,66.873703
2011-05-13,66.67462900000001
2011-05-16,64.61219799999999
2011-05-17,64.946648
2011-05-18,65.942032
2011-05-19,66.125175
2011-05-20,67.112595
2011-05-23,65.37665600000001
2011-05-24,65.01831800000001
2011-05-25,65.64739200000001
2011-05-26,68.792801
2011-05-27,69.40596
2011-05-31,69.772255
2011-06-01,67.550568
2011-06-02,68.561874
2011-06-03,66.539261
2011-06-06,65.416466
2011-06-07,65.281097
2011-06-08,63.951267
2011-06-09,64.890907
2011-06-10,63.712376
2011-06-13,63.545151000000004
2011-06-14,64.930725
2011-06-15,61.649944
2011-06-16,60.367893
2011-06-17,59.077877
2011-06-20,59.555659999999996
2011-06-21,61.482718999999996
2011-06-22,60.598819999999996
2011-06-23,61.434940000000005
2011-06-24,60.710304
2011-06-27,62.86032900000001
2011-06-28,63.146999
2011-06-29,62.35069300000001
2011-06-30,63.704411
2011-07-01,64.32553100000001
2011-07-05,64.54849200000001
2011-07-06,65.472206
2011-07-07,65.846474
2011-07-08,66.0774
2011-07-11,63.059402
2011-07-12,60.813824
2011-07-13,60.423634
2011-07-14,59.245102
2011-07-15,60.89345600000001
2011-07-18,59.866222
2011-07-19,61.657906000000004
2011-07-20,59.953815000000006
2011-07-21,58.831024
2011-07-22,59.937889
2011-07-25,59.308806999999995
2011-07-26,59.332694999999994
2011-07-27,56.489887
2011-07-28,57.986942000000006
2011-07-29,57.365821999999994
2011-08-01,56.434146999999996
2011-08-02,55.199870999999995
2011-08-03,56.402294
2011-08-04,52.030578999999996
2011-08-05,51.290015999999994
2011-08-08,46.329033
2011-08-09,49.291290000000004
2011-08-10,47.197006
2011-08-11,49.163879
2011-08-12,48.375538
2011-08-15,49.386845
2011-08-16,47.507565
2011-08-17,46.743111
2011-08-18,41.376015
2011-08-19,40.062111
2011-08-22,41.224716
2011-08-23,43.366779
2011-08-24,43.860489
2011-08-25,42.849178
2011-08-26,43.964008
2011-08-29,45.970695
2011-08-30,46.432552
2011-08-31,48.12072
2011-09-01,47.276638
2011-09-02,45.668098
2011-09-06,44.704571
2011-09-07,46.153847
2011-09-08,44.839943
2011-09-09,42.666031
2011-09-12,43.573818
2011-09-13,43.908264
2011-09-14,45.062908
2011-09-15,45.986622
2011-09-16,46.376812
2011-09-19,44.632903999999996
2011-09-20,43.669373
2011-09-21,43.796783000000005
2011-09-22,41.559166
2011-09-23,42.299728
2011-09-26,44.25864
2011-09-27,46.145882
2011-09-28,45.875141
2011-09-29,45.277912
2011-09-30,43.42252
2011-10-03,42.164356
2011-10-04,44.561237
2011-10-05,44.561237
2011-10-06,44.306419
2011-10-07,43.749004
2011-10-10,46.185699
2011-10-11,48.72591
2011-10-12,49.466476
2011-10-13,49.641663
2011-10-14,50.183151
2011-10-17,49.538143
2011-10-18,51.361683
2011-10-19,51.106865
2011-10-20,50.971493
2011-10-21,51.313904
2011-10-24,52.651695
2011-10-25,51.990765
2011-10-26,51.138718
2011-10-27,60.001591000000005
2011-10-28,58.424907999999995
2011-10-31,57.994904000000005
2011-11-01,55.828953000000006
2011-11-02,56.983596999999996
2011-11-03,59.348620999999994
2011-11-04,59.109730000000006
2011-11-07,58.60009399999999
2011-11-08,59.149547999999996
2011-11-09,56.362476
2011-11-10,56.60933299999999
2011-11-11,58.918617000000005
2011-11-14,59.388439
2011-11-15,60.479374
2011-11-16,59.953815000000006
2011-11-17,57.69230699999999
2011-11-18,56.171364000000004
2011-11-21,54.889313
2011-11-22,54.284121999999996
2011-11-23,52.142059
2011-11-25,51.337790999999996
2011-11-28,54.459309
2011-11-29,52.80299399999999
2011-11-30,56.848225
2011-12-01,56.816371999999994
2011-12-02,56.362476
2011-12-05,58.138237
2011-12-06,58.313427000000004
2011-12-07,57.445454000000005
2011-12-08,55.598026000000004
2011-12-09,56.744705
2011-12-12,54.785793000000005
2011-12-13,52.850773
2011-12-14,50.907787
2011-12-15,50.875935
2011-12-16,51.027233
2011-12-19,48.988693
2011-12-20,50.469822
2011-12-21,46.551998
2011-12-22,48.82943
2011-12-23,49.402771
2011-12-27,49.354991999999996
2011-12-28,48.399426
2011-12-29,48.845356
2011-12-30,48.35165
2012-01-03,49.339065999999995
2012-01-04,49.267399
2012-01-05,50.684822
2012-01-06,49.386845
2012-01-09,49.609809999999996
2012-01-10,51.051125
2012-01-11,51.815575
2012-01-12,52.110209999999995
2012-01-13,51.640388
2012-01-17,52.293358000000005
2012-01-18,53.798374
2012-01-19,55.24765
2012-01-20,54.244305000000004
2012-01-23,54.244305000000004
2012-01-24,54.021339000000005
2012-01-25,53.83819200000001
2012-01-26,51.759834000000005
2012-01-27,51.871319
2012-01-30,51.791686999999996
2012-01-31,51.919094
2012-02-01,52.97818
2012-02-02,53.57540899999999
2012-02-03,54.769867000000005
2012-02-06,55.303391000000005
2012-02-07,56.29081
2012-02-08,56.784518999999996
2012-02-09,57.318043
2012-02-10,56.903965
2012-02-13,58.623985
2012-02-14,58.823063
2012-02-15,59.053989
2012-02-16,60.160854
2012-02-17,59.539733999999996
2012-02-21,58.623985
2012-02-22,58.393055000000004
2012-02-23,58.751392
2012-02-24,59.85029599999999
2012-02-27,59.913998
2012-02-28,59.603439
2012-02-29,59.515845999999996
2012-03-01,60.726231000000006
2012-03-02,60.065296
2012-03-05,58.536392000000006
2012-03-06,57.190636
2012-03-07,57.190636
2012-03-08,59.921963
2012-03-09,60.73419200000001
2012-03-12,61.490685
2012-03-13,63.473484
2012-03-14,62.302914
2012-03-15,63.059402
2012-03-16,62.271060999999996
2012-03-19,62.271060999999996
2012-03-20,61.1642
2012-03-21,62.486065
2012-03-22,62.4781
2012-03-23,61.85698299999999
2012-03-26,64.102562
2012-03-27,63.194775
2012-03-28,62.430325
2012-03-29,62.414398
2012-03-30,62.836437
2012-04-02,63.664597
2012-04-03,63.290333
2012-04-04,62.127728000000005
2012-04-05,62.334766
2012-04-09,60.336040000000004
2012-04-10,58.695652
2012-04-11,58.966395999999996
2012-04-12,59.611404
2012-04-13,59.818443
2012-04-16,60.16881600000001
2012-04-17,62.087914000000005
2012-04-18,62.255134999999996
2012-04-19,62.271060999999996
2012-04-20,61.936615
2012-04-23,61.196049
2012-04-24,59.34066
2012-04-25,61.450867
2012-04-26,69.08743299999999
2012-04-27,68.307053
2012-04-30,68.171684
2012-05-01,69.517441
2012-05-02,69.469658
2012-05-03,68.028351
2012-05-04,65.973885
2012-05-07,66.045547
2012-05-08,64.954613
2012-05-09,65.185539
2012-05-10,62.39050699999999
2012-05-11,63.274406000000006
2012-05-14,62.2631
2012-05-15,62.74884399999999
2012-05-16,61.434940000000005
2012-05-17,59.913998
2012-05-18,59.579552
2012-05-21,61.912724
2012-05-22,62.629397999999995
2012-05-23,63.250519
2012-05-24,60.272335
2012-05-25,60.065296
2012-05-29,60.407706999999995
2012-05-30,58.89473
2012-05-31,58.19398100000001
2012-06-01,56.37044100000001
2012-06-04,57.556934
2012-06-05,58.671764
2012-06-06,61.275681000000006
2012-06-07,60.447525
2012-06-08,61.411053
2012-06-11,59.866222
2012-06-12,61.132346999999996
2012-06-13,60.39974599999999
2012-06-14,61.116420999999995
2012-06-15,63.799969
2012-06-18,64.062752
2012-06-19,64.47683
2012-06-20,64.413124
2012-06-21,62.151615
2012-06-22,63.815895
2012-06-25,62.294952
2012-06-26,63.545151000000004
2012-06-27,64.118492
2012-06-28,62.207359
2012-06-29,66.84185
2012-07-02,66.881668
2012-07-03,68.179649
2012-07-05,66.71444699999999
2012-07-06,61.673832
2012-07-09,60.965121999999994
2012-07-10,60.630672
2012-07-11,59.866222
2012-07-12,60.4953
2012-07-13,61.020863
2012-07-16,60.813824
2012-07-17,60.981049
2012-07-18,64.890907
2012-07-19,65.798691
2012-07-20,64.301643
2012-07-23,61.92865
2012-07-24,61.124382
2012-07-25,59.810478
2012-07-26,59.10176800000001
2012-07-27,61.960503
2012-07-30,58.329353000000005
2012-07-31,57.875457999999995
2012-08-01,55.207836
2012-08-02,55.271542000000004
2012-08-03,57.68434499999999
2012-08-06,57.883418999999996
2012-08-07,59.213249
2012-08-08,58.321388
2012-08-09,60.160854
2012-08-10,60.726231000000006
2012-08-13,60.503265
2012-08-14,60.097149
2012-08-15,59.770664000000004
2012-08-16,61.196049
2012-08-17,62.175506999999996
2012-08-20,61.124382
2012-08-21,61.522537
2012-08-22,61.85698299999999
2012-08-23,61.355312
2012-08-24,61.315495
2012-08-27,61.450867
2012-08-28,61.347347
2012-08-29,62.087914000000005
2012-08-30,61.29956800000001
2012-08-31,61.864948
2012-09-04,62.111801
2012-09-05,61.809204
2012-09-06,65.097946
2012-09-07,64.17423199999999
2012-09-10,63.97515500000001
2012-09-11,63.847747999999996
2012-09-12,63.927376
2012-09-13,63.951267
2012-09-14,65.08998100000001
2012-09-17,64.667938
2012-09-18,64.301643
2012-09-19,64.76349599999999
2012-09-20,64.683868
2012-09-21,64.652016
2012-09-24,61.315495
2012-09-25,59.937889
2012-09-26,59.093803
2012-09-27,60.375854000000004
2012-09-28,60.94123100000001
2012-10-01,60.431599
2012-10-02,60.113075
2012-10-03,59.89011
2012-10-04,59.44418
2012-10-05,56.991558
2012-10-08,56.219143
2012-10-09,54.260231000000005
2012-10-10,54.706161
2012-10-11,53.846153
2012-10-12,53.909859
2012-10-15,53.185219
2012-10-16,54.666348
2012-10-17,51.799648
2012-10-18,51.688168
2012-10-19,51.090939
2012-10-22,50.8839
2012-10-23,50.812233
2012-10-24,51.027233
2012-10-25,50.238892
2012-10-26,50.023888
2012-10-31,49.195732
2012-11-01,50.740562
2012-11-02,49.984074
2012-11-05,50.103519
2012-11-06,51.250198
2012-11-07,49.45055
2012-11-08,48.224239000000004
2012-11-09,47.913681
2012-11-12,47.212933
2012-11-13,46.129954999999995
2012-11-14,45.660137
2012-11-15,46.002548
2012-11-16,47.149227
2012-11-19,48.702023
2012-11-20,47.905716
2012-11-21,49.291290000000004
2012-11-23,49.187767
2012-11-26,49.50629
2012-11-27,48.001274
2012-11-28,48.45517
2012-11-29,49.808887
2012-11-30,48.702023
2012-12-03,47.977385999999996
2012-12-04,48.590538
2012-12-05,47.698677
2012-12-06,47.818123
2012-12-07,49.39481
2012-12-10,49.816849
2012-12-11,52.221691
2012-12-12,50.947601
2012-12-13,51.186493
2012-12-14,51.775760999999996
2012-12-17,52.699474
2012-12-18,53.535594999999994
2012-12-19,52.914478
2012-12-20,52.21373
2012-12-21,52.675587
2012-12-24,51.998726
2012-12-26,52.157986
2012-12-27,51.863354
2012-12-28,51.202419
2012-12-31,52.253544
2013-01-02,54.284121999999996
2013-01-03,52.45262099999999
2013-01-04,52.994106
2013-01-07,54.276157
2013-01-08,54.515049
2013-01-09,56.338589
2013-01-10,56.123585
2013-01-11,56.911930000000005
2013-01-14,56.306736
2013-01-15,55.518393999999994
2013-01-16,54.841533999999996
2013-01-17,54.634494999999994
2013-01-18,53.870045
2013-01-22,53.806339
2013-01-23,54.825607
2013-01-24,55.287468000000004
2013-01-25,56.975632
2013-01-28,56.864151
2013-01-29,54.730053000000005
2013-01-30,53.33651700000001
2013-01-31,58.25768299999999
2013-02-01,58.950469999999996
2013-02-04,57.875457999999995
2013-02-05,58.377129000000004
2013-02-06,57.851569999999995
2013-02-07,57.238415
2013-02-08,58.058609
2013-02-11,57.65249300000001
2013-02-12,58.60009399999999
2013-02-13,57.64453100000001
2013-02-14,57.341933999999995
2013-02-15,57.827679
2013-02-19,58.496574
2013-02-20,57.469341
2013-02-21,56.856186
2013-02-22,58.058609
2013-02-25,56.704891
2013-02-26,56.346554000000005
2013-02-27,56.56951899999999
2013-02-28,56.458034999999995
2013-03-01,56.824332999999996
2013-03-04,58.042683
2013-03-05,58.799170999999994
2013-03-06,59.189362
2013-03-07,59.133621
2013-03-08,59.268993
2013-03-11,59.44418
2013-03-12,58.966395999999996
2013-03-13,59.364548
2013-03-14,59.84233100000001
2013-03-15,58.759356999999994
2013-03-18,57.485268000000005
2013-03-19,56.776557999999994
2013-03-20,57.7799
2013-03-21,57.341933999999995
2013-03-22,56.545628
2013-03-25,55.828953000000006
2013-03-26,56.529701
2013-03-27,56.856186
2013-03-28,57.453415
2013-04-01,56.880077
2013-04-02,56.943779000000006
2013-04-03,56.099697
2013-04-04,55.52636
2013-04-05,54.865425
2013-04-08,54.180603000000005
2013-04-09,53.527634
2013-04-10,54.745979000000005
2013-04-11,55.048576000000004
2013-04-12,56.05191800000001
2013-04-15,54.913204
2013-04-16,56.617293999999994
2013-04-17,55.000797
2013-04-18,53.615227000000004
2013-04-19,53.487816
2013-04-22,53.471889000000004
2013-04-23,54.005413
2013-04-24,53.878006000000006
2013-04-25,50.119446
2013-04-26,49.211658
2013-04-29,49.490364
2013-04-30,49.498329
2013-05-01,49.538143
2013-05-02,49.960186
2013-05-03,50.557415
2013-05-06,51.0989
2013-05-07,51.059086
2013-05-08,51.417423
2013-05-09,52.197803
2013-05-10,53.002070999999994
2013-05-13,52.396877
2013-05-14,52.396877
2013-05-15,51.895206
2013-05-16,53.217071999999995
2013-05-17,53.225037
2013-05-20,52.707436
2013-05-21,52.850773
2013-05-22,51.290015999999994
2013-05-23,50.684822
2013-05-24,50.509636
2013-05-28,51.385571
2013-05-29,51.154644
2013-05-30,52.014652000000005
2013-05-31,51.266125
2013-06-03,50.437969
2013-06-04,49.697403
2013-06-05,50.039814
2013-06-06,50.015926
2013-06-07,50.652969
2013-06-10,50.461857
2013-06-11,50.0
2013-06-12,49.331103999999996
2013-06-13,49.339065999999995
2013-06-14,48.757763
2013-06-17,48.853321
2013-06-18,49.530178
2013-06-19,48.773689000000005
2013-06-20,48.789615999999995
2013-06-21,47.770344
2013-06-24,46.615704
2013-06-25,46.615704
2013-06-26,47.491638
2013-06-27,48.407391
2013-06-28,48.06498
2013-07-01,48.72591
2013-07-02,48.654243
2013-07-03,49.291290000000004
2013-07-05,50.453896
2013-07-08,50.414078
2013-07-09,51.090939
2013-07-10,51.990765
2013-07-11,53.201145
2013-07-12,53.678928000000006
2013-07-15,53.002070999999994
2013-07-16,52.938366
2013-07-17,52.086319
2013-07-18,51.568721999999994
2013-07-19,51.815575
2013-07-22,52.556141000000004
2013-07-23,52.611881000000004
2013-07-24,53.742633999999995
2013-07-25,54.132824
2013-07-26,53.973564
2013-07-29,54.929131000000005
2013-07-30,56.195255
2013-07-31,57.349895
2013-08-01,57.978977
2013-08-02,58.225834
2013-08-05,58.201942
2013-08-06,57.891383999999995
2013-08-07,57.318043
2013-08-08,57.978977
2013-08-09,58.098423
2013-08-12,58.401019999999995
2013-08-13,58.663799
2013-08-14,58.568245
2013-08-15,57.787865000000004
2013-08-16,57.01545
2013-08-19,56.935818000000005
2013-08-20,57.12693
2013-08-21,57.095078
2013-08-22,58.313427000000004
2013-08-23,57.899345
2013-08-26,57.333968999999996
2013-08-27,56.012104
2013-08-28,55.948399
2013-08-29,56.681
2013-08-30,56.354515
2013-09-03,56.696926
2013-09-04,56.776557999999994
2013-09-05,56.59340699999999
2013-09-06,56.84026
2013-09-09,57.302116000000005
2013-09-10,57.222488
2013-09-11,57.732124
2013-09-12,58.703617
2013-09-13,58.759356999999994
2013-09-16,58.639912
2013-09-17,58.926581999999996
2013-09-18,59.683071
2013-09-19,60.781971
2013-09-20,60.582896999999996
2013-09-23,59.229176
2013-09-24,57.564899
2013-09-25,57.13489499999999
2013-09-26,57.381747999999995
2013-09-27,56.378403000000006
2013-09-30,56.227107999999994
2013-10-01,56.481922
2013-10-02,56.362476
2013-10-03,54.841533999999996
2013-10-04,56.123585
2013-10-07,56.099697
2013-10-08,53.83819200000001
2013-10-09,53.081699
2013-10-10,46.782928000000005
2013-10-11,47.045708000000005
2013-10-14,46.615704
2013-10-15,45.500877
2013-10-16,45.556618
2013-10-17,45.58847
2013-10-18,45.596432
2013-10-21,45.309761
2013-10-22,45.118649
2013-10-23,44.64883
2013-10-24,46.814780999999996
2013-10-25,46.169773
2013-10-28,45.938843
2013-10-29,45.556618
2013-10-30,45.405319
2013-10-31,45.214207
2013-11-01,45.246059
2013-11-04,45.914955
2013-11-05,45.684025
2013-11-06,47.563305
2013-11-07,47.539417
2013-11-08,47.611084000000005
2013-11-11,47.961459999999995
2013-11-12,48.534797999999995
2013-11-13,46.201626
2013-11-14,43.764931
2013-11-15,45.309761
2013-11-18,45.524765
2013-11-19,45.031055
2013-11-20,45.707916
2013-11-21,46.695335
2013-11-22,46.982002
2013-11-25,46.870521999999994
2013-11-26,46.798854999999996
2013-11-27,46.918301
2013-11-29,47.23682
2013-12-02,46.321071999999994
2013-12-03,46.313107
2013-12-04,47.778309
2013-12-05,46.830704
2013-12-06,47.802197
2013-12-09,47.244785
2013-12-10,46.95015
2013-12-11,46.129954999999995
2013-12-12,45.691990000000004
2013-12-13,46.177734
2013-12-16,46.751076
2013-12-17,46.129954999999995
2013-12-18,47.165154
2013-12-19,47.07756
2013-12-20,49.155918
2013-12-23,48.757763
2013-12-24,48.717949
2013-12-26,48.765728
2013-12-27,49.108139
2013-12-30,50.119446
2013-12-31,50.366299
2014-01-02,49.761108
2014-01-03,49.753147
2014-01-06,48.582577
2014-01-07,47.857941
2014-01-08,48.789615999999995
2014-01-09,48.057014
2014-01-10,47.881828000000006
2014-01-13,46.814780999999996
2014-01-14,47.826088
2014-01-15,50.151299
2014-01-16,48.853321
2014-01-17,48.128681
2014-01-21,48.964802
2014-01-22,48.733875
2014-01-23,47.51553
2014-01-24,46.902374
2014-01-27,46.29718
2014-01-28,46.767002000000005
2014-01-29,45.867176
2014-01-30,42.435101
2014-01-31,43.056221
2014-02-03,41.981209
2014-02-04,42.697884
2014-02-05,42.976589000000004
2014-02-06,43.183628000000006
2014-02-07,44.019749
2014-02-10,44.123267999999996
2014-02-11,44.632903999999996
2014-02-12,44.792164
2014-02-13,45.899029
2014-02-14,45.500877
2014-02-18,45.771618
2014-02-19,45.580505
2014-02-20,48.248127000000004
2014-02-21,47.619049
2014-02-24,47.467751
2014-02-25,47.977385999999996
2014-02-26,48.407391
2014-02-27,48.510909999999996
2014-02-28,47.818123
2014-03-03,47.634975
2014-03-04,48.399426
2014-03-05,49.816849
2014-03-06,48.678135
2014-03-07,48.56665
2014-03-10,48.375538
2014-03-11,48.041088
2014-03-12,48.295906
2014-03-13,47.794235
2014-03-14,47.619049
2014-03-17,48.407391
2014-03-18,48.813507
2014-03-19,49.251472
2014-03-20,49.66555
2014-03-21,49.386845
2014-03-24,48.686096
2014-03-25,48.494984
2014-03-26,46.313107
2014-03-27,46.368846999999995
2014-03-28,45.763657
2014-03-31,45.739769
2014-04-01,46.567924
2014-04-02,46.759037
2014-04-03,45.437172
2014-04-04,45.015128999999995
2014-04-07,43.892338
2014-04-08,44.911609999999996
2014-04-09,45.429207
2014-04-10,43.979935
2014-04-11,43.446407
2014-04-14,43.541965000000005
2014-04-15,43.876415
2014-04-16,44.52142
2014-04-17,44.593086
2014-04-21,45.039021000000005
2014-04-22,45.835322999999995
2014-04-23,44.585125
2014-04-24,47.778309
2014-04-25,47.316452000000005
2014-04-28,46.806816
2014-04-29,46.480331
2014-04-30,47.228859
2014-05-01,47.173119
2014-05-02,46.982002
2014-05-05,47.189040999999996
2014-05-06,47.069595
2014-05-07,47.881828000000006
2014-05-08,47.857941
2014-05-09,47.73053
2014-05-12,48.606464
2014-05-13,48.072941
2014-05-14,47.929607
2014-05-15,48.431278000000006
2014-05-16,48.152573
2014-05-19,48.558689
2014-05-20,48.558689
2014-05-21,48.805541999999996
2014-05-22,48.909061
2014-05-23,48.924988
2014-05-27,48.67017
2014-05-28,48.463131
2014-05-29,49.100173999999996
2014-05-30,49.347031
2014-06-02,48.893135
2014-06-03,48.447205
2014-06-04,48.216278
2014-06-05,48.733875
2014-06-06,49.418696999999995
2014-06-09,49.976112
2014-06-10,51.082972999999996
2014-06-11,51.43335
2014-06-12,50.676860999999995
2014-06-13,50.700748
2014-06-16,51.122791
2014-06-17,51.568721999999994
2014-06-18,51.887240999999996
2014-06-19,51.727982
2014-06-20,51.704094
2014-06-23,51.807613
2014-06-24,51.226310999999995
2014-06-25,51.441311
2014-06-26,51.250198
2014-06-27,51.122791
2014-06-30,49.808887
2014-07-01,50.294632
2014-07-02,50.565376
2014-07-03,50.597229
2014-07-07,50.525562
2014-07-08,49.856667
2014-07-09,50.023888
2014-07-10,49.968146999999995
2014-07-11,50.023888
2014-07-14,50.485744
2014-07-15,50.645008000000004
2014-07-16,50.501671
2014-07-17,50.437969
2014-07-18,50.660934000000005
2014-07-21,50.485744
2014-07-22,51.027233
2014-07-23,51.043159
2014-07-24,53.209109999999995
2014-07-25,53.647076
2014-07-28,54.658386
2014-07-29,55.080425
2014-07-30,54.93709200000001
2014-07-31,53.933746
2014-08-01,53.670967000000005
2014-08-04,54.053192
2014-08-05,54.132824
2014-08-06,54.530975
2014-08-07,54.674313
2014-08-08,54.459309
2014-08-11,54.93709200000001
2014-08-12,54.634494999999994
2014-08-13,55.175982999999995
2014-08-14,55.040611
2014-08-15,54.905239
2014-08-18,55.446728
2014-08-19,55.351169999999996
2014-08-20,55.335243000000006
2014-08-21,55.820992000000004
2014-08-22,55.813026
2014-08-25,55.781174
2014-08-26,55.621914000000004
2014-08-27,55.725432999999995
2014-08-28,55.52636
2014-08-29,55.948399
2014-09-02,56.187290000000004
2014-09-03,56.274882999999996
2014-09-04,56.274882999999996
2014-09-05,56.402294
2014-09-08,57.063225
2014-09-09,56.617293999999994
2014-09-10,57.047302
2014-09-11,57.493233
2014-09-12,57.310081000000004
2014-09-15,57.055264
2014-09-16,56.991558
2014-09-17,56.919891
2014-09-18,57.875457999999995
2014-09-19,57.047302
2014-09-22,56.155437
2014-09-23,56.195255
2014-09-24,56.999522999999996
2014-09-25,55.868770999999995
2014-09-26,56.147476
2014-09-29,56.545628
2014-09-30,56.808411
2014-10-01,54.801719999999996
2014-10-02,54.897278
2014-10-03,55.422836
2014-10-06,54.785793000000005
2014-10-07,53.774487
2014-10-08,54.268195999999996
2014-10-09,53.567448
2014-10-10,52.285396999999996
2014-10-13,51.536869
2014-10-14,51.712055
2014-10-15,51.712055
2014-10-16,50.971493
2014-10-17,51.393536
2014-10-20,51.903168
2014-10-21,52.556141000000004
2014-10-22,51.584648
2014-10-23,49.243511
2014-10-24,50.637043
2014-10-27,50.398151
2014-10-28,51.035198
2014-10-29,50.199078
2014-10-30,50.748528
2014-10-31,51.146679
2014-11-03,51.290015999999994
2014-11-04,51.497054999999996
2014-11-05,51.290015999999994
2014-11-06,52.548176
2014-11-07,52.810959
2014-11-10,53.201145
2014-11-11,53.089664
2014-11-12,52.747253
2014-11-13,52.43669499999999
2014-11-14,52.627807999999995
2014-11-17,52.341136999999996
2014-11-18,51.807613
2014-11-19,51.457237
2014-11-20,51.672241
2014-11-21,51.974838
2014-11-24,52.070393
2014-11-25,52.44465600000001
2014-11-26,52.420769
2014-11-28,52.80299399999999
2014-12-01,52.580029
2014-12-02,52.707436
2014-12-03,52.054466
2014-12-04,52.380951
2014-12-05,52.731327
2014-12-08,51.043159
2014-12-09,51.186493
2014-12-10,49.888515000000005
2014-12-11,49.617775
2014-12-12,47.778309
2014-12-15,48.001274
2014-12-16,47.507565
2014-12-17,48.765728
2014-12-18,50.398151
2014-12-19,50.270744
2014-12-22,50.645008000000004
2014-12-23,51.497054999999996
2014-12-24,51.345757
2014-12-26,51.465202000000005
2014-12-29,51.64835
2014-12-30,51.226310999999995
2014-12-31,50.804268
2015-01-02,50.54945
2015-01-05,49.426659
2015-01-06,48.041088
2015-01-07,48.757763
2015-01-08,48.980728000000006
2015-01-09,48.662209000000004
2015-01-12,48.694061
2015-01-13,46.886448
2015-01-14,45.811436
2015-01-15,45.373466
2015-01-16,46.488293
2015-01-20,46.958115
2015-01-21,46.84663
2015-01-22,47.818123
2015-01-23,48.550724
2015-01-26,48.542763
2015-01-27,47.865902
2015-01-28,47.133301
2015-01-29,48.383499
2015-01-30,47.189040999999996
2015-02-02,47.937569
2015-02-03,49.147953
2015-02-04,48.717949
2015-02-05,49.100173999999996
2015-02-06,49.50629
2015-02-09,49.681477
2015-02-10,50.461857
2015-02-11,50.748528
2015-02-12,50.732601
2015-02-13,51.369644
2015-02-17,51.090939
2015-02-18,50.740562
2015-02-19,51.194458000000004
2015-02-20,51.696129
2015-02-23,50.222965
2015-02-24,50.684822
2015-02-25,51.067046999999995
2015-02-26,50.541489
2015-02-27,50.708709999999996
2015-03-02,50.700748
2015-03-03,49.705368
2015-03-04,49.370917999999996
2015-03-05,49.386845
2015-03-06,48.702023
2015-03-09,49.012581
2015-03-10,47.595158000000005
2015-03-11,47.308487
2015-03-12,48.295906
2015-03-13,47.993313
2015-03-16,49.076285999999996
2015-03-17,49.100173999999996
2015-03-18,49.649623999999996
2015-03-19,50.151299
2015-03-20,50.796307
2015-03-23,50.931678999999995
2015-03-24,50.804268
2015-03-25,50.047779
2015-03-26,50.469822
2015-03-27,50.652969
2015-03-30,50.979454
2015-03-31,50.860008
2015-04-01,50.047779
2015-04-02,49.514256
2015-04-06,50.294632
2015-04-07,50.374264000000004
2015-04-08,51.258163
2015-04-09,51.489090000000004
2015-04-10,50.804268
2015-04-13,50.54945
2015-04-14,50.971493
2015-04-15,52.157986
2015-04-16,52.070393
2015-04-17,50.979454
2015-04-20,50.836121
2015-04-21,51.138718
2015-04-22,51.576683
2015-04-23,53.623188
2015-04-24,53.34448199999999
2015-04-27,53.312630000000006
2015-04-28,53.758559999999996
2015-04-29,54.562828
2015-04-30,53.47985500000001
2015-05-01,53.304665
2015-05-04,53.193183999999995
2015-05-05,52.771141
2015-05-06,52.42873
2015-05-07,52.516323
2015-05-08,53.025959
2015-05-11,52.87466
2015-05-12,52.651695
2015-05-13,52.564102
2015-05-14,53.153369999999995
2015-05-15,52.245579
2015-05-18,52.492435
2015-05-19,52.404841999999995
2015-05-20,52.540215
2015-05-21,52.707436
2015-05-22,52.245579
2015-05-26,52.078358
2015-05-27,52.476509
2015-05-28,52.142059
2015-05-29,51.767796000000004
2015-06-01,52.37299
2015-06-02,53.360409
2015-06-03,52.771141
2015-06-04,52.587993999999995
2015-06-05,52.78706700000001
2015-06-08,52.548176
2015-06-09,51.321865
2015-06-10,52.532249
2015-06-11,56.05191800000001
2015-06-12,57.262302000000005
2015-06-15,55.757286
2015-06-16,56.012104
2015-06-17,55.820992000000004
2015-06-18,56.330627
2015-06-19,56.147476
2015-06-22,56.57748
2015-06-23,57.875457999999995
2015-06-24,57.079151
2015-06-25,57.023410999999996
2015-06-26,56.505814
2015-06-29,55.574135
2015-06-30,55.868770999999995
2015-07-01,55.24765
2015-07-02,55.398949
2015-07-06,54.769867000000005
2015-07-07,54.499123
2015-07-08,54.069118
2015-07-09,54.857459999999996
2015-07-10,55.072464000000004
2015-07-13,55.836918000000004
2015-07-14,56.450072999999996
2015-07-15,55.621914000000004
2015-07-16,56.04395699999999
2015-07-17,55.510433
2015-07-20,55.223763
2015-07-21,55.446728
2015-07-22,55.207836
2015-07-23,55.470615
2015-07-24,55.168022
2015-07-27,54.634494999999994
2015-07-28,55.446728
2015-07-29,59.937889
2015-07-30,60.328079
2015-07-31,60.208633
2015-08-03,60.415672
2015-08-04,60.566970999999995
2015-08-05,61.283646
2015-08-06,60.296227
2015-08-07,59.929924
2015-08-10,60.622710999999995
2015-08-11,59.882149
2015-08-12,60.853638000000004
2015-08-13,61.156234999999995
2015-08-14,61.753464
2015-08-17,61.904762
2015-08-18,62.183468000000005
2015-08-19,61.809204
2015-08-20,60.407706999999995
2015-08-21,58.854912
2015-08-24,53.36837
2015-08-25,52.715401
2015-08-26,54.475235
2015-08-27,55.414875
2015-08-28,54.6982
2015-08-31,54.236343000000005
2015-09-01,52.078358
2015-09-02,53.663002
2015-09-03,54.04523100000001
2015-09-04,54.061156999999994
2015-09-08,55.613953
2015-09-09,54.889313
2015-09-10,55.661728000000004
2015-09-11,56.107662
2015-09-14,56.298775
2015-09-15,57.533046999999996
2015-09-16,58.106388
2015-09-17,58.201942
2015-09-18,57.572860999999996
2015-09-21,58.058609
2015-09-22,57.453415
2015-09-23,57.65249300000001
2015-09-24,58.106388
2015-09-25,57.270267000000004
2015-09-28,55.15209599999999
2015-09-29,53.846153
2015-09-30,55.168022
2015-10-01,55.820992000000004
2015-10-02,56.991558
2015-10-05,57.891383999999995
2015-10-06,57.047302
2015-10-07,57.67638
2015-10-08,59.356586
2015-10-09,60.535118000000004
2015-10-12,60.296227
2015-10-13,59.388439
2015-10-14,58.576206000000006
2015-10-15,59.603439
2015-10-16,60.097149
2015-10-19,60.415672
2015-10-20,60.455486
2015-10-21,57.270267000000004
2015-10-22,64.166267
2015-10-23,64.61219799999999
2015-10-26,65.440353
2015-10-27,65.480171
2015-10-28,67.025002
2015-10-29,65.06609300000001
2015-10-30,65.37665600000001
2015-11-02,65.894249
2015-11-03,65.097946
2015-11-04,65.870361
2015-11-05,65.392578
2015-11-06,65.31295
2015-11-09,64.030899
2015-11-10,64.572388
2015-11-11,64.413124
2015-11-12,63.903488
2015-11-13,62.040133999999995
2015-11-16,63.242554000000005
2015-11-17,62.446251000000004
2015-11-18,56.171364000000004
2015-11-19,57.827679
2015-11-20,59.762703
2015-11-23,60.38381999999999
2015-11-24,61.21994
2015-11-25,60.805862
2015-11-27,61.196049
2015-11-30,61.052715
2015-12-01,61.976429
2015-12-02,61.466793
2015-12-03,60.041408999999994
2015-12-04,60.686417000000006
2015-12-07,60.996975
2015-12-08,62.525879
2015-12-09,60.957156999999995
2015-12-10,61.188087
2015-12-11,59.786591
2015-12-14,60.089188
2015-12-15,62.39050699999999
2015-12-16,63.04348
2015-12-17,61.84105699999999
2015-12-18,59.491958999999994
2015-12-21,59.324734
2015-12-22,59.969742000000004
2015-12-23,60.559006000000004
2015-12-24,60.686417000000006
2015-12-28,60.503265
2015-12-29,61.681796999999996
2015-12-30,61.283646
2015-12-31,60.24048199999999
2016-01-04,59.061951
2016-01-05,58.568245
2016-01-06,58.918617000000005
2016-01-07,56.481922
2016-01-08,55.48654200000001
2016-01-11,54.841533999999996
2016-01-12,56.37044100000001
2016-01-13,53.567448
2016-01-14,53.655041000000004
2016-01-15,52.795033
2016-01-19,52.611881000000004
2016-01-20,52.954292
2016-01-21,52.094284
2016-01-22,53.702819999999996
2016-01-25,52.595955000000004
2016-01-26,54.300049
2016-01-27,52.476509
2016-01-28,54.554867
2016-01-29,56.107662
2016-02-01,56.458034999999995
2016-02-02,52.771141
2016-02-03,54.220417000000005
2016-02-04,53.463928
2016-02-05,50.923714000000004
2016-02-08,50.302597
2016-02-09,49.633701
2016-02-10,49.593884
2016-02-11,49.673515
2016-02-12,51.210384000000005
2016-02-16,52.293358000000005
2016-02-17,55.120243
2016-02-18,54.58671999999999
2016-02-19,55.168022
2016-02-22,55.653767
2016-02-23,54.753941000000005
2016-02-24,55.406914
2016-02-25,57.023410999999996
2016-02-26,56.96767
2016-02-29,56.258956999999995
2016-03-01,59.786591
2016-03-02,58.950469999999996
2016-03-03,58.886765000000004
2016-03-04,59.245102
2016-03-07,59.94585
2016-03-08,58.89473
2016-03-09,59.770664000000004
2016-03-10,60.272335
2016-03-11,60.89345600000001
2016-03-14,61.180122
2016-03-15,61.283646
2016-03-16,61.371239
2016-03-17,61.458831999999994
2016-03-18,61.371239
2016-03-21,62.127728000000005
2016-03-22,62.071987
2016-03-23,61.036789
2016-03-24,61.060677
2016-03-28,60.996975
2016-03-29,62.111801
2016-03-30,61.944576
2016-03-31,62.573657999999995
2016-04-01,63.338112
2016-04-04,63.123107999999995
2016-04-05,62.517918
2016-04-06,63.226627
2016-04-07,61.522537
2016-04-08,62.509953
2016-04-11,62.549769999999995
2016-04-12,62.231246999999996
2016-04-13,63.46551899999999
2016-04-14,64.349419
2016-04-15,64.14238
2016-04-18,64.795349
2016-04-19,63.815895
2016-04-20,64.118492
2016-04-21,66.913521
2016-04-22,66.013695
2016-04-25,65.926102
2016-04-26,66.244621
2016-04-27,66.810005
2016-04-28,65.336838
2016-04-29,65.169617
2016-05-02,65.83054399999999
2016-05-03,64.25386
2016-05-04,63.863673999999996
2016-05-05,63.911449
2016-05-06,64.691833
2016-05-09,64.827202
2016-05-10,66.459625
2016-05-11,65.806656
2016-05-12,66.037582
2016-05-13,65.488136
2016-05-16,66.085365
2016-05-17,65.535912
2016-05-18,65.886284
2016-05-19,65.488136
2016-05-20,66.260551
2016-05-23,66.634811
2016-05-24,68.394646
2016-05-25,66.20481099999999
2016-05-26,67.574455
2016-05-27,68.084091
2016-05-31,67.622231
2016-06-01,68.33094799999999
2016-06-02,68.872429
2016-06-03,67.916862
2016-06-06,68.569839
2016-06-07,69.509476
2016-06-08,70.21818499999999
2016-06-09,69.820038
2016-06-10,68.49816899999999
2016-06-13,68.107979
2016-06-14,67.95668
2016-06-15,67.279823
2016-06-16,67.224083
2016-06-17,66.73833499999999
2016-06-20,67.79741700000001
2016-06-21,67.877052
2016-06-22,67.77352900000001
2016-06-23,68.760948
2016-06-24,64.14238
2016-06-27,61.331421
2016-06-28,63.107181999999995
2016-06-29,64.206085
2016-06-30,63.776077
2016-07-01,63.99108100000001
2016-07-05,63.115147
2016-07-06,63.362
2016-07-07,64.25386
2016-07-08,66.523331
2016-07-11,66.284439
2016-07-12,66.865746
2016-07-13,66.96129599999999
2016-07-14,67.598343
2016-07-15,67.558525
2016-07-18,67.47093199999999
2016-07-19,67.757607
2016-07-20,68.474281
2016-07-21,67.861122
2016-07-22,69.34225500000001
2016-07-25,70.297821
2016-07-26,71.133942
2016-07-27,70.058929
2016-07-28,70.918938
2016-07-29,70.974678
2016-08-01,68.975952
2016-08-02,66.46759
2016-08-03,67.534637
2016-08-04,66.85778
2016-08-05,67.685936
2016-08-08,67.646126
2016-08-09,67.789459
2016-08-10,68.171684
2016-08-11,69.421883
2016-08-12,69.40596
2016-08-15,69.644852
2016-08-16,68.99984
2016-08-17,69.270584
2016-08-18,69.987259
2016-08-19,69.756332
2016-08-22,69.644852
2016-08-23,70.321709
2016-08-24,70.12262700000001
2016-08-25,70.297821
2016-08-26,70.178375
2016-08-29,70.50486
2016-08-30,69.979294
2016-08-31,69.43780500000001
2016-09-01,69.501511
2016-09-02,69.262619
2016-09-06,69.708549
2016-09-07,69.453735
2016-09-08,68.673355
2016-09-09,66.260551
2016-09-12,66.929451
2016-09-13,66.387962
2016-09-14,66.276474
2016-09-15,66.778152
2016-09-16,66.069435
2016-09-19,66.387962
2016-09-20,66.244621
2016-09-21,67.295746
2016-09-22,67.813347
2016-09-23,67.614273
2016-09-26,67.335564
2016-09-27,67.88501
2016-09-28,68.506134
2016-09-29,67.638161
2016-09-30,67.861122
2016-10-03,67.017044
2016-10-04,66.977226
2016-10-05,67.654083
2016-10-06,67.614273
2016-10-07,67.128525
2016-10-10,67.44704399999999
2016-10-11,66.14907099999999
2016-10-12,66.35611
2016-10-13,66.403885
2016-10-14,66.602959
2016-10-17,66.228699
2016-10-18,67.940758
2016-10-19,68.72113
2016-10-20,68.752983
2016-10-21,67.8452
2016-10-24,68.617615
2016-10-25,67.606308
2016-10-26,66.810005
2016-10-27,66.379997
2016-10-28,67.30371099999999
2016-10-31,67.52668
2016-11-01,67.677971
2016-11-02,66.73037
2016-11-03,66.45166800000001
2016-11-04,66.292404
2016-11-07,68.100014
2016-11-08,67.877052
2016-11-09,68.442429
2016-11-10,69.05558
2016-11-11,68.123901
2016-11-14,66.523331
2016-11-15,68.52205699999999
2016-11-16,69.01576999999999
2016-11-17,70.058929
2016-11-18,69.135216
2016-11-21,70.058929
2016-11-22,70.409302
2016-11-23,69.820038
2016-11-25,70.321709
2016-11-28,69.644852
2016-11-29,70.027077
2016-11-30,69.06354499999999
2016-12-01,68.060204
2016-12-02,68.179649
2016-12-05,70.863197
2016-12-06,69.772255
2016-12-07,70.93486
2016-12-08,71.667465
2016-12-09,71.125977
2016-12-12,70.767639
2016-12-13,72.025803
2016-12-14,72.025803
2016-12-15,73.068962
2016-12-16,72.216911
2016-12-19,72.82210500000001
2016-12-20,73.045074
2016-12-21,73.307854
2016-12-22,72.025803
2016-12-23,72.33635699999999
2016-12-27,72.43988
2016-12-28,71.731171
2016-12-29,71.683388
2016-12-30,71.118011
