2008-12-31,26.049999
2009-01-02,26.85
2009-01-05,27.48
2009-01-06,27.0
2009-01-07,25.610001
2009-01-08,24.65
2009-01-09,23.43
2009-01-12,24.33
2009-01-13,25.73
2009-01-14,25.0
2009-01-15,28.17
2009-01-16,30.33
2009-01-20,27.34
2009-01-21,28.700001
2009-01-22,27.440001000000002
2009-01-23,27.75
2009-01-26,27.57
2009-01-27,27.52
2009-01-28,28.450001
2009-01-29,27.969998999999998
2009-01-30,27.360001
2009-02-02,27.41
2009-02-03,27.99
2009-02-04,33.91
2009-02-05,34.580002
2009-02-06,34.240002000000004
2009-02-09,35.130001
2009-02-10,34.549999
2009-02-11,34.849998
2009-02-12,35.5
2009-02-13,35.91
2009-02-17,35.540001000000004
2009-02-18,33.869999
2009-02-19,32.700001
2009-02-20,33.080002
2009-02-23,32.200001
2009-02-24,33.389998999999996
2009-02-25,33.970001
2009-02-26,32.16
2009-02-27,31.33
2009-03-02,30.190001000000002
2009-03-03,30.799999
2009-03-04,32.310001
2009-03-05,32.0
2009-03-06,31.98
2009-03-09,32.369999
2009-03-10,34.0
2009-03-11,33.849998
2009-03-12,36.349998
2009-03-13,35.720001
2009-03-16,34.549999
2009-03-17,36.07
2009-03-18,36.349998
2009-03-19,36.400002
2009-03-20,35.41
2009-03-23,38.869999
2009-03-24,37.700001
2009-03-25,38.060001
2009-03-26,38.07
2009-03-27,37.220001
2009-03-30,36.860001000000004
2009-03-31,37.240002000000004
2009-04-01,35.68
2009-04-02,36.490002000000004
2009-04-03,35.02
2009-04-06,34.830002
2009-04-07,34.310001
2009-04-08,34.610001000000004
2009-04-09,35.0
2009-04-13,34.82
2009-04-14,34.630001
2009-04-15,34.27
2009-04-16,36.18
2009-04-17,37.450001
2009-04-20,36.360001000000004
2009-04-21,37.16
2009-04-22,35.48
2009-04-23,34.279999
2009-04-24,35.540001000000004
2009-04-27,35.459998999999996
2009-04-28,35.77
2009-04-29,37.869999
2009-04-30,37.349998
2009-05-01,38.139998999999996
2009-05-04,38.040001000000004
2009-05-05,36.869999
2009-05-06,36.040001000000004
2009-05-07,36.43
2009-05-08,36.290001000000004
2009-05-11,37.09
2009-05-12,36.52
2009-05-13,35.27
2009-05-14,35.450001
2009-05-15,35.639998999999996
2009-05-18,36.75
2009-05-19,37.23
2009-05-20,36.549999
2009-05-21,35.639998999999996
2009-05-22,35.630001
2009-05-26,35.91
2009-05-27,35.650002
2009-05-28,35.830002
2009-05-29,36.709998999999996
2009-06-01,37.889998999999996
2009-06-02,38.049999
2009-06-03,38.75
2009-06-04,38.84
2009-06-05,38.720001
2009-06-08,37.93
2009-06-09,38.32
2009-06-10,37.849998
2009-06-11,39.529999
2009-06-12,38.080002
2009-06-15,37.18
2009-06-16,36.369999
2009-06-17,36.220001
2009-06-18,36.349998
2009-06-19,36.869999
2009-06-22,35.93
2009-06-23,35.93
2009-06-24,36.630001
2009-06-25,37.790001000000004
2009-06-26,38.16
2009-06-29,38.73
2009-06-30,38.939999
2009-07-01,38.139998999999996
2009-07-02,33.459998999999996
2009-07-06,32.939999
2009-07-07,31.620001000000002
2009-07-08,31.1
2009-07-09,32.5
2009-07-10,32.150002
2009-07-13,31.950001
2009-07-14,31.950001
2009-07-15,32.09
2009-07-16,32.25
2009-07-17,31.870001000000002
2009-07-20,32.040001000000004
2009-07-21,32.939999
2009-07-22,35.380001
2009-07-23,35.150002
2009-07-24,35.52
2009-07-27,36.0
2009-07-28,36.66
2009-07-29,36.990002000000004
2009-07-30,36.560001
2009-07-31,36.139998999999996
2009-08-03,37.060001
2009-08-04,37.48
2009-08-05,36.82
2009-08-06,36.099998
2009-08-07,36.610001000000004
2009-08-10,36.110001000000004
2009-08-11,35.720001
2009-08-12,36.369999
2009-08-13,37.139998999999996
2009-08-14,36.349998
2009-08-17,35.52
2009-08-18,35.279999
2009-08-19,35.720001
2009-08-20,35.779999
2009-08-21,35.560001
2009-08-24,35.279999
2009-08-25,35.139998999999996
2009-08-26,35.240002000000004
2009-08-27,35.060001
2009-08-28,35.25
2009-08-31,35.27
2009-09-01,35.689999
2009-09-02,35.330002
2009-09-03,35.389998999999996
2009-09-04,35.959998999999996
2009-09-08,37.279999
2009-09-09,38.709998999999996
2009-09-10,38.150002
2009-09-11,37.509997999999996
2009-09-14,37.290001000000004
2009-09-15,37.290001000000004
2009-09-16,38.110001000000004
2009-09-17,40.349998
2009-09-18,41.220001
2009-09-21,41.23
2009-09-22,40.279999
2009-09-23,40.02
2009-09-24,40.360001000000004
2009-09-25,40.66
2009-09-28,41.279999
2009-09-29,42.099998
2009-09-30,42.5
2009-10-01,41.310001
2009-10-02,42.02
2009-10-05,42.91
2009-10-06,43.139998999999996
2009-10-07,42.450001
2009-10-08,42.220001
2009-10-09,43.09
2009-10-12,41.959998999999996
2009-10-13,42.02
2009-10-14,43.389998999999996
2009-10-15,43.43
2009-10-16,43.630001
2009-10-19,43.740002000000004
2009-10-20,42.23
2009-10-21,41.77
2009-10-22,41.73
2009-10-23,40.869999
2009-10-26,41.02
2009-10-27,41.66
2009-10-28,33.369999
2009-10-29,32.82
2009-10-30,32.099998
2009-11-02,32.279999
2009-11-03,32.84
2009-11-04,32.150002
2009-11-05,33.040001000000004
2009-11-06,32.639998999999996
2009-11-09,32.880001
2009-11-10,32.990002000000004
2009-11-11,33.27
2009-11-12,32.93
2009-11-13,32.619999
2009-11-16,32.25
2009-11-17,31.26
2009-11-18,29.18
2009-11-19,28.209999
2009-11-20,26.809998999999998
2009-11-23,26.5
2009-11-24,27.99
2009-11-25,28.700001
2009-11-27,28.620001000000002
2009-11-30,28.92
2009-12-01,29.73
2009-12-02,29.18
2009-12-03,28.98
2009-12-04,28.32
2009-12-07,28.34
2009-12-08,27.709999
2009-12-09,27.23
2009-12-10,27.58
2009-12-11,27.09
2009-12-14,28.4
2009-12-15,28.23
2009-12-16,27.91
2009-12-17,27.26
2009-12-18,27.879998999999998
2009-12-21,28.360001
2009-12-22,29.15
2009-12-23,29.709999
2009-12-24,30.139999
2009-12-28,30.469998999999998
2009-12-29,30.68
2009-12-30,30.67
2009-12-31,30.68
2010-01-04,30.549999
2010-01-05,30.35
2010-01-06,32.220001
2010-01-07,32.77
2010-01-08,33.150002
2010-01-11,33.82
2010-01-12,39.169998
2010-01-13,40.509997999999996
2010-01-14,39.029999
2010-01-15,39.02
2010-01-19,38.09
2010-01-20,37.689999
2010-01-21,37.540001000000004
2010-01-22,36.5
2010-01-25,36.450001
2010-01-26,36.279999
2010-01-27,37.040001000000004
2010-01-28,36.299999
2010-01-29,36.689999
2010-02-01,37.240002000000004
2010-02-02,37.830002
2010-02-03,37.849998
2010-02-04,36.619999
2010-02-05,35.48
2010-02-08,35.669998
2010-02-09,35.830002
2010-02-10,35.59
2010-02-11,36.630001
2010-02-12,37.009997999999996
2010-02-16,37.18
2010-02-17,36.73
2010-02-18,36.639998999999996
2010-02-19,36.599998
2010-02-22,36.369999
2010-02-23,36.009997999999996
2010-02-24,36.139998999999996
2010-02-25,36.470001
2010-02-26,36.32
2010-03-01,37.990002000000004
2010-03-02,38.02
2010-03-03,38.880001
2010-03-04,38.27
2010-03-05,38.82
2010-03-08,38.669998
2010-03-09,39.0
2010-03-10,39.439999
2010-03-11,40.299999
2010-03-12,40.509997999999996
2010-03-15,39.98
2010-03-16,40.150002
2010-03-17,39.849998
2010-03-18,39.650002
2010-03-19,39.849998
2010-03-22,40.189999
2010-03-23,40.02
2010-03-24,39.299999
2010-03-25,39.02
2010-03-26,39.169998
2010-03-29,39.200001
2010-03-30,39.169998
2010-03-31,38.900002
2010-04-01,39.299999
2010-04-05,39.259997999999996
2010-04-06,39.200001
2010-04-07,38.939999
2010-04-08,38.25
2010-04-09,38.509997999999996
2010-04-12,38.110001000000004
2010-04-13,38.220001
2010-04-14,38.57
2010-04-15,38.490002000000004
2010-04-16,38.380001
2010-04-19,37.349998
2010-04-20,37.490002000000004
2010-04-21,37.169998
2010-04-22,37.23
2010-04-23,37.119999
2010-04-26,36.91
2010-04-27,36.93
2010-04-28,37.639998999999996
2010-04-29,42.52
2010-04-30,41.830002
2010-05-03,41.790001000000004
2010-05-04,41.540001000000004
2010-05-05,42.02
2010-05-06,40.709998999999996
2010-05-07,39.919998
2010-05-10,41.889998999999996
2010-05-11,42.16
2010-05-12,42.82
2010-05-13,42.169998
2010-05-14,41.939999
2010-05-17,41.490002000000004
2010-05-18,41.34
2010-05-19,40.580002
2010-05-20,39.470001
2010-05-21,39.299999
2010-05-24,39.029999
2010-05-25,39.630001
2010-05-26,40.509997999999996
2010-05-27,42.25
2010-05-28,42.040001000000004
2010-06-01,41.490002000000004
2010-06-02,42.93
2010-06-03,43.41
2010-06-04,41.599998
2010-06-07,42.450001
2010-06-08,42.139998999999996
2010-06-09,42.669998
2010-06-10,43.950001
2010-06-11,44.990002000000004
2010-06-14,44.450001
2010-06-15,44.799999
2010-06-16,45.009997999999996
2010-06-17,44.84
2010-06-18,44.509997999999996
2010-06-21,44.580002
2010-06-22,43.91
2010-06-23,43.740002000000004
2010-06-24,43.619999
2010-06-25,44.619999
2010-06-28,45.060001
2010-06-29,43.369999
2010-06-30,43.529999
2010-07-01,42.810001
2010-07-02,43.09
2010-07-06,42.470001
2010-07-07,43.82
2010-07-08,44.439999
2010-07-09,44.720001
2010-07-12,43.599998
2010-07-13,44.650002
2010-07-14,44.25
2010-07-15,44.82
2010-07-16,43.630001
2010-07-19,43.889998999999996
2010-07-20,43.349998
2010-07-21,42.509997999999996
2010-07-22,43.040001000000004
2010-07-23,42.5
2010-07-26,42.75
2010-07-27,41.259997999999996
2010-07-28,44.049999
2010-07-29,44.049999
2010-07-30,44.830002
2010-08-02,45.400002
2010-08-03,44.919998
2010-08-04,46.040001000000004
2010-08-05,46.509997999999996
2010-08-06,47.209998999999996
2010-08-09,47.220001
2010-08-10,46.41
2010-08-11,45.93
2010-08-12,45.43
2010-08-13,45.759997999999996
2010-08-16,45.43
2010-08-17,45.84
2010-08-18,46.0
2010-08-19,44.900002
2010-08-20,45.0
2010-08-23,44.709998999999996
2010-08-24,43.509997999999996
2010-08-25,43.900002
2010-08-26,43.509997999999996
2010-08-27,44.029999
2010-08-30,43.369999
2010-08-31,42.889998999999996
2010-09-01,43.889998999999996
2010-09-02,44.759997999999996
2010-09-03,44.610001000000004
2010-09-07,44.580002
2010-09-08,45.0
2010-09-09,45.009997999999996
2010-09-10,45.040001000000004
2010-09-13,44.540001000000004
2010-09-14,46.02
2010-09-15,46.98
2010-09-16,48.950001
2010-09-17,48.299999
2010-09-20,49.23
2010-09-21,49.650002
2010-09-22,49.41
2010-09-23,49.59
2010-09-24,50.169998
2010-09-27,49.52
2010-09-28,49.950001
2010-09-29,50.0
2010-09-30,49.200001
2010-10-01,49.09
2010-10-04,49.77
2010-10-05,51.16
2010-10-06,50.779999
2010-10-07,49.389998999999996
2010-10-08,49.130001
2010-10-11,48.880001
2010-10-12,49.759997999999996
2010-10-13,49.490002000000004
2010-10-14,48.540001000000004
2010-10-15,48.740002000000004
2010-10-18,49.5
2010-10-19,49.830002
2010-10-20,50.799999
2010-10-21,50.279999
2010-10-22,50.900002
2010-10-25,51.220001
2010-10-26,51.650002
2010-10-27,54.91
2010-10-28,54.52
2010-10-29,54.310001
2010-11-01,54.119999
2010-11-02,54.759997999999996
2010-11-03,55.889998999999996
2010-11-04,55.970001
2010-11-05,56.290001000000004
2010-11-08,57.18
2010-11-09,56.75
2010-11-10,56.73
2010-11-11,56.900002
2010-11-12,56.52
2010-11-15,57.68
2010-11-16,56.959998999999996
2010-11-17,57.900002
2010-11-18,58.77
2010-11-19,59.91
2010-11-22,60.869999
2010-11-23,60.200001
2010-11-24,61.209998999999996
2010-11-26,61.0
2010-11-29,60.669998
2010-11-30,60.119999
2010-12-01,61.790001000000004
2010-12-02,62.18
2010-12-03,62.860001000000004
2010-12-06,62.900002
2010-12-07,62.23
2010-12-08,62.099998
2010-12-09,62.950001
2010-12-10,63.130001
2010-12-13,64.709999
2010-12-14,65.5
2010-12-15,64.360001
2010-12-16,63.259997999999996
2010-12-17,63.759997999999996
2010-12-20,64.57
2010-12-21,64.300003
2010-12-22,64.0
2010-12-23,63.610001000000004
2010-12-27,63.950001
2010-12-28,63.59
2010-12-29,64.040001
2010-12-30,63.98
2010-12-31,63.34
2011-01-03,64.339996
2011-01-04,64.230003
2011-01-05,66.0
2011-01-06,67.0
2011-01-07,65.660004
2011-01-10,65.949997
2011-01-11,67.339996
2011-01-12,66.949997
2011-01-13,69.550003
2011-01-14,69.050003
2011-01-18,70.970001
2011-01-19,69.480003
2011-01-20,68.82
2011-01-21,68.75
2011-01-24,69.75
2011-01-25,69.769997
2011-01-26,70.639999
2011-01-27,70.620003
2011-01-28,69.050003
2011-01-31,69.339996
2011-02-01,70.82
2011-02-02,71.309998
2011-02-03,70.660004
2011-02-04,71.120003
2011-02-07,71.230003
2011-02-08,70.25
2011-02-09,69.440002
2011-02-10,71.279999
2011-02-11,73.660004
2011-02-14,73.760002
2011-02-15,71.879997
2011-02-16,72.139999
2011-02-17,72.230003
2011-02-18,72.269997
2011-02-22,70.809998
2011-02-23,67.120003
2011-02-24,68.099998
2011-02-25,69.540001
2011-02-28,69.400002
2011-03-01,66.720001
2011-03-02,67.459999
2011-03-03,68.730003
2011-03-04,68.309998
2011-03-07,67.43
2011-03-08,67.099998
2011-03-09,65.809998
2011-03-10,63.759997999999996
2011-03-11,64.550003
2011-03-14,64.269997
2011-03-15,64.190002
2011-03-16,63.66
2011-03-17,62.66
2011-03-18,62.110001000000004
2011-03-21,63.049999
2011-03-22,63.18
2011-03-23,63.209998999999996
2011-03-24,65.910004
2011-03-25,65.449997
2011-03-28,65.949997
2011-03-29,67.860001
2011-03-30,69.91999799999999
2011-03-31,70.07
2011-04-01,70.760002
2011-04-04,70.370003
2011-04-05,69.029999
2011-04-06,69.050003
2011-04-07,67.879997
2011-04-08,68.339996
2011-04-11,68.739998
2011-04-12,67.309998
2011-04-13,67.959999
2011-04-14,67.279999
2011-04-15,67.589996
2011-04-18,66.620003
2011-04-19,66.93
2011-04-20,68.589996
2011-04-21,69.800003
2011-04-25,69.940002
2011-04-26,70.07
2011-04-27,70.650002
2011-04-28,71.470001
2011-04-29,70.980003
2011-05-02,71.209999
2011-05-03,71.940002
2011-05-04,70.480003
2011-05-05,69.43
2011-05-06,71.18
2011-05-09,73.269997
2011-05-10,75.660004
2011-05-11,74.739998
2011-05-12,75.230003
2011-05-13,76.260002
2011-05-16,74.879997
2011-05-17,72.660004
2011-05-18,73.470001
2011-05-19,72.889999
2011-05-20,72.860001
2011-05-23,71.75
2011-05-24,71.199997
2011-05-25,72.230003
2011-05-26,72.68
2011-05-27,72.129997
2011-05-31,72.08000200000001
2011-06-01,72.629997
2011-06-02,72.790001
2011-06-03,72.129997
2011-06-06,71.949997
2011-06-07,72.709999
2011-06-08,73.269997
2011-06-09,73.690002
2011-06-10,72.720001
2011-06-13,71.160004
2011-06-14,72.25
2011-06-15,70.889999
2011-06-16,71.019997
2011-06-17,71.41999799999999
2011-06-20,72.400002
2011-06-21,73.800003
2011-06-22,74.599998
2011-06-23,74.129997
2011-06-24,73.0
2011-06-27,74.150002
2011-06-28,75.739998
2011-06-29,75.300003
2011-06-30,75.150002
2011-07-01,76.010002
2011-07-05,77.83000200000001
2011-07-06,77.879997
2011-07-07,76.040001
2011-07-08,76.120003
2011-07-11,73.790001
2011-07-12,73.599998
2011-07-13,74.010002
2011-07-14,73.68
2011-07-15,72.82
2011-07-18,71.129997
2011-07-19,72.199997
2011-07-20,73.0
2011-07-21,74.129997
2011-07-22,74.470001
2011-07-25,72.269997
2011-07-26,69.650002
2011-07-27,57.330002
2011-07-28,60.25
2011-07-29,62.450001
2011-08-01,60.880001
2011-08-02,58.650002
2011-08-03,58.720001
2011-08-04,54.5
2011-08-05,53.580002
2011-08-08,51.0
2011-08-09,55.0
2011-08-10,51.689999
2011-08-11,52.470001
2011-08-12,51.950001
2011-08-15,54.099998
2011-08-16,52.450001
2011-08-17,51.349998
2011-08-18,47.099998
2011-08-19,46.790001000000004
2011-08-22,46.240002000000004
2011-08-23,48.599998
2011-08-24,48.189999
2011-08-25,46.990002000000004
2011-08-26,49.630001
2011-08-29,51.669998
2011-08-30,51.66
2011-08-31,52.099998
2011-09-01,50.630001
2011-09-02,49.77
2011-09-06,49.48
2011-09-07,50.810001
2011-09-08,50.220001
2011-09-09,48.540001000000004
2011-09-12,48.299999
2011-09-13,50.16
2011-09-14,51.59
2011-09-15,49.290001000000004
2011-09-16,47.880001
2011-09-19,47.43
2011-09-20,44.98
2011-09-21,41.669998
2011-09-22,42.439999
2011-09-23,41.669998
2011-09-26,41.639998999999996
2011-09-27,42.700001
2011-09-28,41.32
2011-09-29,41.540001000000004
2011-09-30,40.919998
2011-10-03,38.189999
2011-10-04,39.220001
2011-10-05,40.009997999999996
2011-10-06,39.93
2011-10-07,27.18
2011-10-10,26.49
2011-10-11,26.209999
2011-10-12,26.040001
2011-10-13,27.15
2011-10-14,26.91
2011-10-17,26.969998999999998
2011-10-18,26.629998999999998
2011-10-19,26.209999
2011-10-20,26.9
2011-10-21,27.309998999999998
2011-10-24,28.719998999999998
2011-10-25,30.799999
2011-10-26,30.0
2011-10-27,31.49
2011-10-28,32.150002
2011-10-31,30.620001000000002
2011-11-01,30.360001
2011-11-02,30.219998999999998
2011-11-03,30.690001000000002
2011-11-04,32.77
2011-11-07,32.740002000000004
2011-11-08,33.34
2011-11-09,32.060001
2011-11-10,31.389999
2011-11-11,31.790001
2011-11-14,31.870001000000002
2011-11-15,31.959999
2011-11-16,30.629998999999998
2011-11-17,30.08
2011-11-18,29.139999
2011-11-21,28.4
2011-11-22,27.709999
2011-11-23,27.15
2011-11-25,27.299999
2011-11-28,27.09
2011-11-29,26.959999
2011-11-30,27.82
2011-12-01,27.940001000000002
2011-12-02,27.780001000000002
2011-12-05,29.440001000000002
2011-12-06,29.73
2011-12-07,29.75
2011-12-08,28.82
2011-12-09,28.370001000000002
2011-12-12,26.9
2011-12-13,25.959999
2011-12-14,27.209999
2011-12-15,27.01
2011-12-16,26.91
2011-12-19,26.17
2011-12-20,26.709999
2011-12-21,27.17
2011-12-22,29.07
2011-12-23,29.1
2011-12-27,29.799999
2011-12-28,29.43
2011-12-29,30.17
2011-12-30,30.48
2012-01-03,31.73
2012-01-04,31.43
2012-01-05,31.5
2012-01-06,31.77
2012-01-09,31.82
2012-01-10,33.009997999999996
2012-01-11,34.009997999999996
2012-01-12,36.23
2012-01-13,35.709998999999996
2012-01-17,36.0
2012-01-18,36.299999
2012-01-19,36.75
2012-01-20,36.299999
2012-01-23,36.310001
2012-01-24,37.689999
2012-01-25,55.150002
2012-01-26,52.650002
2012-01-27,51.689999
2012-01-30,50.959998999999996
2012-01-31,51.860001000000004
2012-02-01,51.970001
2012-02-02,51.869999
2012-02-03,51.84
2012-02-06,51.970001
2012-02-07,51.799999
2012-02-08,52.150002
2012-02-09,53.169998
2012-02-10,53.889998999999996
2012-02-13,54.049999
2012-02-14,54.34
2012-02-15,54.580002
2012-02-16,53.939999
2012-02-17,51.82
2012-02-21,51.450001
2012-02-22,51.110001000000004
2012-02-23,51.290001000000004
2012-02-24,51.220001
2012-02-27,51.400002
2012-02-28,51.450001
2012-02-29,51.25
2012-03-01,51.099998
2012-03-02,51.349998
2012-03-05,50.880001
2012-03-06,50.349998
2012-03-07,50.459998999999996
2012-03-08,50.540001000000004
2012-03-09,50.119999
2012-03-12,50.18
2012-03-13,50.34
2012-03-14,50.18
2012-03-15,49.970001
2012-03-16,49.93
2012-03-19,49.630001
2012-03-20,50.450001
2012-03-21,50.110001000000004
2012-03-22,50.220001
2012-03-23,50.459998999999996
2012-03-26,50.689999
2012-03-27,50.200001
2012-03-28,49.880001
2012-03-29,52.400002
2012-03-30,52.610001000000004
2012-04-02,51.369999
2012-04-03,52.0
2012-04-04,52.279999
2012-04-05,52.330002
2012-04-09,52.619999
2012-04-10,52.43
2012-04-11,52.57
2012-04-12,49.509997999999996
2012-04-13,47.169998
2012-04-16,44.970001
2012-04-17,44.0
2012-04-18,44.509997999999996
2012-04-19,44.060001
2012-04-20,44.360001000000004
2012-04-23,43.900002
2012-04-24,43.5
2012-04-25,44.279999
2012-04-26,44.77
2012-04-27,44.48
2012-04-30,44.529999
2012-05-01,45.919998
2012-05-02,46.509997999999996
2012-05-03,45.830002
2012-05-04,44.919998
2012-05-07,45.950001
2012-05-08,45.27
2012-05-09,44.709998999999996
2012-05-10,45.110001000000004
2012-05-11,44.66
2012-05-14,45.040001000000004
2012-05-15,44.57
2012-05-16,44.630001
2012-05-17,43.240002000000004
2012-05-18,42.849998
2012-05-21,43.849998
2012-05-22,43.029999
2012-05-23,43.459998999999996
2012-05-24,43.459998999999996
2012-05-25,43.84
2012-05-29,44.200001
2012-05-30,44.330002
2012-05-31,43.060001
2012-06-01,41.91
2012-06-04,40.5
2012-06-05,40.98
2012-06-06,40.5
2012-06-07,39.330002
2012-06-08,39.540001000000004
2012-06-11,38.82
2012-06-12,39.32
2012-06-13,39.560001
2012-06-14,39.259997999999996
2012-06-15,39.810001
2012-06-18,40.389998999999996
2012-06-19,41.259997999999996
2012-06-20,41.07
2012-06-21,38.91
2012-06-22,40.580002
2012-06-25,39.84
2012-06-26,39.18
2012-06-27,39.93
2012-06-28,39.189999
2012-06-29,40.389998999999996
2012-07-02,41.169998
2012-07-03,41.099998
2012-07-05,40.880001
2012-07-06,40.200001
2012-07-09,40.599998
2012-07-10,39.900002
2012-07-11,39.41
2012-07-12,39.93
2012-07-13,40.490002000000004
2012-07-16,40.849998
2012-07-17,41.709998999999996
2012-07-18,42.540001000000004
2012-07-19,43.02
2012-07-20,42.709998999999996
2012-07-23,42.869999
2012-07-24,41.52
2012-07-25,41.700001
2012-07-26,41.099998
2012-07-27,42.299999
2012-07-30,42.360001000000004
2012-07-31,41.470001
2012-08-01,41.91
2012-08-02,41.490002000000004
2012-08-03,42.130001
2012-08-06,42.549999
2012-08-07,43.630001
2012-08-08,43.610001000000004
2012-08-09,42.959998999999996
2012-08-10,43.599998
2012-08-13,42.0
2012-08-14,41.59
2012-08-15,41.650002
2012-08-16,41.259997999999996
2012-08-17,40.740002000000004
2012-08-20,41.220001
2012-08-21,41.740002000000004
2012-08-22,41.639998999999996
2012-08-23,41.669998
2012-08-24,41.639998999999996
2012-08-27,41.759997999999996
2012-08-28,41.599998
2012-08-29,42.290001000000004
2012-08-30,42.0
2012-08-31,42.080002
2012-09-04,42.43
2012-09-05,42.169998
2012-09-06,42.950001
2012-09-07,45.369999
2012-09-10,44.700001
2012-09-11,44.919998
2012-09-12,45.060001
2012-09-13,46.48
2012-09-14,47.790001000000004
2012-09-17,47.700001
2012-09-18,47.900002
2012-09-19,47.68
2012-09-20,48.130001
2012-09-21,48.48
2012-09-24,48.119999
2012-09-25,47.48
2012-09-26,46.849998
2012-09-27,46.98
2012-09-28,48.189999
2012-10-01,49.029999
2012-10-02,51.0
2012-10-03,51.419998
2012-10-04,52.25
2012-10-05,51.790001000000004
2012-10-08,51.950001
2012-10-09,50.869999
2012-10-10,51.09
2012-10-11,52.23
2012-10-12,51.16
2012-10-15,48.07
2012-10-16,48.189999
2012-10-17,47.91
2012-10-18,47.130001
2012-10-19,46.68
2012-10-22,46.619999
2012-10-23,45.189999
2012-10-24,46.119999
2012-10-25,47.599998
2012-10-26,47.93
2012-10-31,47.5
2012-11-01,49.040001000000004
2012-11-02,47.93
2012-11-05,48.279999
2012-11-06,47.68
2012-11-07,48.209998999999996
2012-11-08,48.209998999999996
2012-11-09,48.830002
2012-11-12,48.220001
2012-11-13,48.700001
2012-11-14,48.439999
2012-11-15,48.259997999999996
2012-11-16,49.43
2012-11-19,50.07
2012-11-20,50.52
2012-11-21,51.689999
2012-11-23,52.93
2012-11-26,51.169998
2012-11-27,51.189999
2012-11-28,51.18
2012-11-29,52.240002000000004
2012-11-30,53.709998999999996
2012-12-03,52.16
2012-12-04,51.759997999999996
2012-12-05,51.689999
2012-12-06,51.889998999999996
2012-12-07,51.580002
2012-12-10,52.150002
2012-12-11,52.360001000000004
2012-12-12,53.220001
2012-12-13,53.209998999999996
2012-12-14,51.220001
2012-12-17,51.860001000000004
2012-12-18,51.849998
2012-12-19,52.169998
2012-12-20,56.220001
2012-12-21,56.389998999999996
2012-12-24,56.099998
2012-12-26,55.720001
2012-12-27,55.41
2012-12-28,54.75
2012-12-31,55.59
2013-01-02,55.419998
2013-01-03,55.549999
2013-01-04,54.759997999999996
2013-01-07,50.900002
2013-01-08,52.389998999999996
2013-01-09,52.529999
2013-01-10,53.639998999999996
2013-01-11,52.68
2013-01-14,52.619999
2013-01-15,51.619999
2013-01-16,50.59
2013-01-17,51.59
2013-01-18,51.029999
2013-01-22,50.75
2013-01-23,50.599998
2013-01-24,50.950001
2013-01-25,52.060001
2013-01-28,51.619999
2013-01-29,50.200001
2013-01-30,50.869999
2013-01-31,50.630001
2013-02-01,51.5
2013-02-04,50.599998
2013-02-05,51.0
2013-02-06,51.82
2013-02-07,51.299999
2013-02-08,50.880001
2013-02-11,50.25
2013-02-12,50.27
2013-02-13,49.759997999999996
2013-02-14,48.790001000000004
2013-02-15,48.73
2013-02-19,49.02
2013-02-20,48.810001
2013-02-21,48.360001000000004
2013-02-22,49.029999
2013-02-25,48.759997999999996
2013-02-26,48.790001000000004
2013-02-27,49.02
2013-02-28,50.130001
2013-03-01,52.220001
2013-03-04,52.650002
2013-03-05,53.0
2013-03-06,53.240002000000004
2013-03-07,53.330002
2013-03-08,53.77
2013-03-11,53.790001000000004
2013-03-12,53.27
2013-03-13,52.57
2013-03-14,52.740002000000004
2013-03-15,52.279999
2013-03-18,52.18
2013-03-19,51.73
2013-03-20,52.889998999999996
2013-03-21,53.130001
2013-03-22,52.98
2013-03-25,52.880001
2013-03-26,53.880001
2013-03-27,53.98
2013-03-28,54.0
2013-04-01,54.240002000000004
2013-04-02,54.529999
2013-04-03,54.279999
2013-04-04,54.93
2013-04-05,54.43
2013-04-08,55.23
2013-04-09,55.529999
2013-04-10,57.27
2013-04-11,57.950001
2013-04-12,57.84
2013-04-15,55.560001
2013-04-16,57.860001000000004
2013-04-17,57.669998
2013-04-18,56.330002
2013-04-19,56.09
2013-04-22,55.119999
2013-04-23,62.439999
2013-04-24,62.66
2013-04-25,62.540001000000004
2013-04-26,62.610001000000004
2013-04-29,64.389999
2013-04-30,64.690002
2013-05-01,63.82
2013-05-02,64.949997
2013-05-03,64.910004
2013-05-06,66.230003
2013-05-07,66.290001
2013-05-08,67.07
2013-05-09,67.160004
2013-05-10,69.980003
2013-05-13,68.800003
2013-05-14,70.739998
2013-05-15,70.370003
2013-05-16,69.650002
2013-05-17,72.0
2013-05-20,73.08000200000001
2013-05-21,72.58000200000001
2013-05-22,70.690002
2013-05-23,71.08000200000001
2013-05-24,70.309998
2013-05-28,71.620003
2013-05-29,71.089996
2013-05-30,71.489998
2013-05-31,70.32
2013-06-03,70.879997
2013-06-04,69.889999
2013-06-05,68.889999
2013-06-06,69.230003
2013-06-07,69.989998
2013-06-10,69.730003
2013-06-11,68.5
2013-06-12,67.470001
2013-06-13,67.889999
2013-06-14,67.989998
2013-06-17,70.620003
2013-06-18,71.690002
2013-06-19,70.400002
2013-06-20,69.260002
2013-06-21,69.93
2013-06-24,72.160004
2013-06-25,73.660004
2013-06-26,74.690002
2013-06-27,74.949997
2013-06-28,74.839996
2013-07-01,76.269997
2013-07-02,73.440002
2013-07-03,73.360001
2013-07-05,75.279999
2013-07-08,74.33000200000001
2013-07-09,74.040001
2013-07-10,74.620003
2013-07-11,76.0
2013-07-12,74.900002
2013-07-15,75.639999
2013-07-16,73.889999
2013-07-17,74.379997
2013-07-18,74.900002
2013-07-19,74.309998
2013-07-22,74.730003
2013-07-23,73.769997
2013-07-24,81.57
2013-07-25,80.860001
2013-07-26,81.440002
2013-07-29,80.900002
2013-07-30,80.889999
2013-07-31,79.82
2013-08-01,79.449997
2013-08-02,77.279999
2013-08-05,78.370003
2013-08-06,79.019997
2013-08-07,78.550003
2013-08-08,78.290001
2013-08-09,78.709999
2013-08-12,78.720001
2013-08-13,79.639999
2013-08-14,79.849998
2013-08-15,78.07
2013-08-16,77.040001
2013-08-19,77.690002
2013-08-20,78.540001
2013-08-21,78.230003
2013-08-22,79.730003
2013-08-23,79.309998
2013-08-26,79.730003
2013-08-27,76.650002
2013-08-28,77.209999
2013-08-29,77.629997
2013-08-30,77.839996
2013-09-03,76.68
2013-09-04,77.690002
2013-09-05,79.470001
2013-09-06,79.139999
2013-09-09,79.58000200000001
2013-09-10,80.910004
2013-09-11,83.93
2013-09-12,83.519997
2013-09-13,84.550003
2013-09-16,85.339996
2013-09-17,84.43
2013-09-18,83.25
2013-09-19,81.66999799999999
2013-09-20,80.940002
2013-09-23,81.620003
2013-09-24,80.959999
2013-09-25,80.300003
2013-09-26,82.230003
2013-09-27,81.010002
2013-09-30,80.83000200000001
2013-10-01,81.190002
2013-10-02,80.709999
2013-10-03,78.839996
2013-10-04,81.190002
2013-10-07,78.629997
2013-10-08,75.58000200000001
2013-10-09,75.949997
2013-10-10,78.0
2013-10-11,81.0
2013-10-14,81.199997
2013-10-15,80.230003
2013-10-16,82.620003
2013-10-17,82.099998
2013-10-18,81.43
2013-10-21,81.760002
2013-10-22,90.050003
2013-10-23,92.510002
2013-10-24,92.809998
2013-10-25,93.290001
2013-10-28,92.760002
2013-10-29,94.370003
2013-10-30,93.019997
2013-10-31,93.510002
2013-11-01,95.709999
2013-11-04,96.82
2013-11-05,95.440002
2013-11-06,94.41999799999999
2013-11-07,92.989998
2013-11-08,96.050003
2013-11-11,96.199997
2013-11-12,96.519997
2013-11-13,95.309998
2013-11-14,94.099998
2013-11-15,93.529999
2013-11-18,92.099998
2013-11-19,91.360001
2013-11-20,92.300003
2013-11-21,98.849998
2013-11-22,99.83000200000001
2013-11-25,98.349998
2013-11-26,98.290001
2013-11-27,99.370003
2013-11-29,98.0
2013-12-02,98.480003
2013-12-03,97.290001
2013-12-04,98.07
2013-12-05,97.650002
2013-12-06,99.25
2013-12-09,101.33000200000001
2013-12-10,99.970001
2013-12-11,99.260002
2013-12-12,101.0
2013-12-13,102.43
2013-12-16,102.599998
2013-12-17,102.0
2013-12-18,104.620003
2013-12-19,103.510002
2013-12-20,104.91999799999999
2013-12-23,107.379997
2013-12-24,108.120003
2013-12-26,108.660004
2013-12-27,110.379997
2013-12-30,110.199997
2013-12-31,110.589996
2014-01-02,110.339996
2014-01-03,108.610001
2014-01-06,108.870003
2014-01-07,112.510002
2014-01-08,113.970001
2014-01-09,114.800003
2014-01-10,116.66999799999999
2014-01-13,113.93
2014-01-14,121.510002
2014-01-15,121.120003
2014-01-16,125.260002
2014-01-17,136.33999599999999
2014-01-21,141.199997
2014-01-22,144.729996
2014-01-23,144.100006
2014-01-24,138.619995
2014-01-27,140.25
2014-01-28,144.529999
2014-01-29,146.669998
2014-01-30,150.820007
2014-01-31,152.0
2014-02-03,151.009995
2014-02-04,151.58999599999999
2014-02-05,150.779999
2014-02-06,150.059998
2014-02-07,156.899994
2014-02-10,161.740005
2014-02-11,161.100006
2014-02-12,158.940002
2014-02-13,163.770004
2014-02-14,164.330002
2014-02-18,170.399994
2014-02-19,170.16000400000001
2014-02-20,173.699997
2014-02-21,174.050003
2014-02-24,178.529999
2014-02-25,179.53999299999998
2014-02-26,176.690002
2014-02-27,178.110001
2014-02-28,171.490005
2014-03-03,172.979996
2014-03-04,178.830002
2014-03-05,178.21000700000002
2014-03-06,171.369995
2014-03-07,168.350006
2014-03-10,166.550003
2014-03-11,166.669998
2014-03-12,168.820007
2014-03-13,159.199997
2014-03-14,164.720001
2014-03-17,159.720001
2014-03-18,161.96000700000002
2014-03-19,161.600006
2014-03-20,161.350006
2014-03-21,152.600006
2014-03-24,150.940002
2014-03-25,147.889999
2014-03-26,139.990005
2014-03-27,142.970001
2014-03-28,142.020004
2014-03-31,148.66000400000001
2014-04-01,155.860001
2014-04-02,156.570007
2014-04-03,148.440002
2014-04-04,138.570007
2014-04-07,140.46000700000002
2014-04-08,141.820007
2014-04-09,145.83999599999999
2014-04-10,135.740005
2014-04-11,135.240005
2014-04-14,131.940002
2014-04-15,131.050003
2014-04-16,136.220001
2014-04-17,135.449997
2014-04-21,141.21000700000002
2014-04-22,147.979996
2014-04-23,153.690002
2014-04-24,151.679993
2014-04-25,139.71000700000002
2014-04-28,133.75
2014-04-29,134.119995
2014-04-30,135.850006
2014-05-01,139.679993
2014-05-02,139.16000400000001
2014-05-05,141.66000400000001
2014-05-06,139.53999299999998
2014-05-07,141.630005
2014-05-08,139.919998
2014-05-09,143.330002
2014-05-12,148.229996
2014-05-13,148.880005
2014-05-14,144.729996
2014-05-15,144.75
2014-05-16,144.020004
2014-05-19,152.110001
2014-05-20,148.330002
2014-05-21,153.970001
2014-05-22,157.380005
2014-05-23,159.199997
2014-05-27,159.699997
2014-05-28,157.389999
2014-05-29,159.869995
2014-05-30,158.25
2014-06-02,158.679993
2014-06-03,159.580002
2014-06-04,160.929993
2014-06-05,164.08999599999999
2014-06-06,168.949997
2014-06-09,171.350006
2014-06-10,175.399994
2014-06-11,177.399994
2014-06-12,172.009995
2014-06-13,170.529999
2014-06-16,169.380005
2014-06-17,169.850006
2014-06-18,171.009995
2014-06-19,172.699997
2014-06-20,175.020004
2014-06-23,170.669998
2014-06-24,168.75
2014-06-25,170.860001
2014-06-26,170.979996
2014-06-27,172.699997
2014-06-30,178.53999299999998
2014-07-01,182.699997
2014-07-02,180.46000700000002
2014-07-03,182.860001
2014-07-07,178.03999299999998
2014-07-08,170.940002
2014-07-09,175.229996
2014-07-10,173.990005
2014-07-11,176.639999
2014-07-14,177.830002
2014-07-15,171.740005
2014-07-16,171.08999599999999
2014-07-17,166.16000400000001
2014-07-18,174.050003
2014-07-21,175.889999
2014-07-22,176.309998
2014-07-23,180.639999
2014-07-24,171.800003
2014-07-25,171.029999
2014-07-28,166.080002
2014-07-29,166.729996
2014-07-30,165.03999299999998
2014-07-31,159.91000400000001
2014-08-01,160.869995
2014-08-04,161.71000700000002
2014-08-05,159.779999
2014-08-06,159.300003
2014-08-07,159.179993
2014-08-08,167.449997
2014-08-11,164.139999
2014-08-12,162.919998
2014-08-13,166.130005
2014-08-14,168.009995
2014-08-15,168.570007
2014-08-18,172.279999
2014-08-19,170.490005
2014-08-20,172.96000700000002
2014-08-21,172.08999599999999
2014-08-22,172.0
2014-08-25,177.91000400000001
2014-08-26,179.449997
2014-08-27,179.940002
2014-08-28,179.080002
2014-08-29,179.360001
2014-09-02,179.729996
2014-09-03,177.779999
2014-09-04,177.199997
2014-09-05,178.75
2014-09-08,180.190002
2014-09-09,175.149994
2014-09-10,178.139999
2014-09-11,177.139999
2014-09-12,172.75
2014-09-15,168.100006
2014-09-16,173.020004
2014-09-17,177.0
2014-09-18,177.919998
2014-09-19,172.259995
2014-09-22,170.470001
2014-09-23,167.270004
2014-09-24,168.639999
2014-09-25,163.880005
2014-09-26,165.440002
2014-09-29,165.220001
2014-09-30,163.919998
2014-10-01,158.699997
2014-10-02,159.53999299999998
2014-10-03,163.28999299999998
2014-10-06,163.119995
2014-10-07,157.970001
2014-10-08,163.300003
2014-10-09,159.21000700000002
2014-10-10,153.919998
2014-10-13,150.020004
2014-10-14,149.119995
2014-10-15,153.58999599999999
2014-10-16,160.229996
2014-10-17,164.91000400000001
2014-10-20,164.470001
2014-10-21,179.550003
2014-10-22,184.820007
2014-10-23,185.83999599999999
2014-10-24,189.119995
2014-10-27,191.309998
2014-10-28,190.649994
2014-10-29,188.880005
2014-10-30,193.419998
2014-10-31,192.580002
2014-11-03,194.330002
2014-11-04,191.41000400000001
2014-11-05,186.369995
2014-11-06,189.869995
2014-11-07,186.350006
2014-11-10,188.270004
2014-11-11,188.03999299999998
2014-11-12,186.919998
2014-11-13,185.0
2014-11-14,180.5
2014-11-17,182.91000400000001
2014-11-18,189.850006
2014-11-19,190.029999
2014-11-20,186.259995
2014-11-21,185.830002
2014-11-24,191.16000400000001
2014-11-25,189.21000700000002
2014-11-26,191.899994
2014-11-28,190.889999
2014-12-01,189.630005
2014-12-02,188.169998
2014-12-03,191.25
2014-12-04,190.830002
2014-12-05,189.899994
2014-12-08,189.889999
2014-12-09,187.309998
2014-12-10,183.860001
2014-12-11,186.830002
2014-12-12,184.300003
2014-12-15,178.309998
2014-12-16,175.179993
2014-12-17,181.21000700000002
2014-12-18,187.28999299999998
2014-12-19,189.970001
2014-12-22,189.429993
2014-12-23,183.5
2014-12-24,186.220001
2014-12-26,188.199997
2014-12-29,189.529999
2014-12-30,186.28999299999998
2014-12-31,184.580002
2015-01-02,185.419998
2015-01-05,190.720001
2015-01-06,188.309998
2015-01-07,194.919998
2015-01-08,196.820007
2015-01-09,194.800003
2015-01-12,190.100006
2015-01-13,185.08999599999999
2015-01-14,182.41000400000001
2015-01-15,180.91000400000001
2015-01-16,183.820007
2015-01-20,196.729996
2015-01-21,191.770004
2015-01-22,193.889999
2015-01-23,197.16000400000001
2015-01-26,201.679993
2015-01-27,203.25
2015-01-28,197.860001
2015-01-29,200.0
2015-01-30,195.190002
2015-02-02,194.770004
2015-02-03,193.0
2015-02-04,192.029999
2015-02-05,194.509995
2015-02-06,192.639999
2015-02-09,192.270004
2015-02-10,194.009995
2015-02-11,195.669998
2015-02-12,196.729996
2015-02-13,198.53999299999998
2015-02-17,198.860001
2015-02-18,198.619995
2015-02-19,202.33999599999999
2015-02-20,203.139999
2015-02-23,200.949997
2015-02-24,199.699997
2015-02-25,196.220001
2015-02-26,198.46000700000002
2015-02-27,195.46000700000002
2015-03-02,194.059998
2015-03-03,196.029999
2015-03-04,192.679993
2015-03-05,200.130005
2015-03-06,193.139999
2015-03-09,193.070007
2015-03-10,193.119995
2015-03-11,190.240005
2015-03-12,188.110001
2015-03-13,188.21000700000002
2015-03-16,196.720001
2015-03-17,194.5
2015-03-18,195.08999599999999
2015-03-19,199.809998
2015-03-20,196.020004
2015-03-23,192.100006
2015-03-24,190.91000400000001
2015-03-25,183.279999
2015-03-26,184.369995
2015-03-27,187.169998
2015-03-30,187.619995
2015-03-31,185.639999
2015-04-01,182.21000700000002
2015-04-02,183.009995
2015-04-06,182.78999299999998
2015-04-07,182.759995
2015-04-08,185.320007
2015-04-09,186.33999599999999
2015-04-10,188.16000400000001
2015-04-13,190.33999599999999
2015-04-14,188.16000400000001
2015-04-15,190.46000700000002
2015-04-16,193.020004
2015-04-17,191.16000400000001
2015-04-20,193.179993
2015-04-21,199.309998
2015-04-22,190.03999299999998
2015-04-23,192.600006
2015-04-24,189.58999599999999
2015-04-27,183.71000700000002
2015-04-28,184.380005
2015-04-29,186.5
2015-04-30,184.25
2015-05-01,191.229996
2015-05-04,189.649994
2015-05-05,187.03999299999998
2015-05-06,188.550003
2015-05-07,190.820007
2015-05-08,195.809998
2015-05-11,197.53999299999998
2015-05-12,196.970001
2015-05-13,198.229996
2015-05-14,198.919998
2015-05-15,199.070007
2015-05-18,200.759995
2015-05-19,202.139999
2015-05-20,201.970001
2015-05-21,203.119995
2015-05-22,205.0
2015-05-26,205.08999599999999
2015-05-27,209.470001
2015-05-28,208.619995
2015-05-29,206.080002
2015-06-01,205.440002
2015-06-02,205.190002
2015-06-03,208.91000400000001
2015-06-04,207.96000700000002
2015-06-05,210.210007
2015-06-08,210.66000400000001
2015-06-09,215.58999599999999
2015-06-10,215.44999700000002
2015-06-11,217.809998
2015-06-12,215.270004
2015-06-15,215.07000699999998
2015-06-16,215.940002
2015-06-17,215.36999500000002
2015-06-18,218.770004
2015-06-19,218.08999599999999
2015-06-22,220.00999500000003
2015-06-23,220.75
2015-06-24,220.169998
2015-06-25,219.0
2015-06-26,218.059998
2015-06-29,213.979996
2015-06-30,218.36000099999998
2015-07-01,220.67999300000002
2015-07-02,220.07000699999998
2015-07-06,220.50999500000003
2015-07-07,221.770004
2015-07-08,213.899994
2015-07-09,217.169998
2015-07-10,219.44999700000002
2015-07-13,221.47000099999997
2015-07-14,229.25999500000003
2015-07-15,229.080002
2015-07-16,230.86000099999998
2015-07-17,239.75999500000003
2015-07-20,240.020004
2015-07-21,237.539993
2015-07-22,217.49000499999997
2015-07-23,219.940002
2015-07-24,221.100006
2015-07-27,217.270004
2015-07-28,217.82000699999998
2015-07-29,217.190002
2015-07-30,218.86999500000002
2015-07-31,219.30000299999998
2015-08-03,216.69999700000002
2015-08-04,214.309998
2015-08-05,215.86000099999998
2015-08-06,209.66000400000001
2015-08-07,210.5
2015-08-10,211.770004
2015-08-11,208.58999599999999
2015-08-12,207.360001
2015-08-13,208.83999599999999
2015-08-14,208.070007
2015-08-17,207.91000400000001
2015-08-18,207.0
2015-08-19,205.649994
2015-08-20,200.429993
2015-08-21,199.949997
2015-08-24,191.770004
2015-08-25,189.639999
2015-08-26,195.699997
2015-08-27,201.940002
2015-08-28,201.699997
2015-08-31,197.610001
2015-09-01,193.130005
2015-09-02,198.110001
2015-09-03,195.449997
2015-09-04,193.16000400000001
2015-09-08,198.419998
2015-09-09,196.740005
2015-09-10,199.949997
2015-09-11,206.41000400000001
2015-09-14,206.020004
2015-09-15,205.71000700000002
2015-09-16,205.28999299999998
2015-09-17,210.059998
2015-09-18,208.880005
2015-09-21,200.190002
2015-09-22,193.08999599999999
2015-09-23,189.929993
2015-09-24,188.279999
2015-09-25,175.53999299999998
2015-09-28,167.509995
2015-09-29,169.820007
2015-09-30,175.820007
2015-10-01,157.21000700000002
2015-10-02,163.610001
2015-10-05,163.169998
2015-10-06,145.809998
2015-10-07,145.940002
2015-10-08,140.369995
2015-10-09,147.770004
2015-10-12,146.600006
2015-10-13,145.429993
2015-10-14,144.53999299999998
2015-10-15,151.83999599999999
2015-10-16,150.220001
2015-10-19,147.479996
2015-10-20,145.100006
2015-10-21,140.169998
2015-10-22,142.080002
2015-10-23,147.429993
2015-10-26,147.649994
2015-10-27,145.029999
2015-10-28,146.96000700000002
2015-10-29,145.720001
2015-10-30,143.279999
2015-11-02,148.83999599999999
2015-11-03,152.860001
2015-11-04,159.059998
2015-11-05,154.75
2015-11-06,155.83999599999999
2015-11-09,154.610001
2015-11-10,153.300003
2015-11-11,154.970001
2015-11-12,155.389999
2015-11-13,165.649994
2015-11-16,170.110001
2015-11-17,173.479996
2015-11-18,176.429993
2015-11-19,173.770004
2015-11-20,174.33999599999999
2015-11-23,174.619995
2015-11-24,176.28999299999998
2015-11-25,180.46000700000002
2015-11-27,185.559998
2015-11-30,183.899994
2015-12-01,187.41000400000001
2015-12-02,181.600006
2015-12-03,174.139999
2015-12-04,178.830002
2015-12-07,176.08999599999999
2015-12-08,181.740005
2015-12-09,178.850006
2015-12-10,182.649994
2015-12-11,174.820007
2015-12-14,174.66000400000001
2015-12-15,186.279999
2015-12-16,186.919998
2015-12-17,181.25
2015-12-18,181.940002
2015-12-21,186.83999599999999
2015-12-22,186.979996
2015-12-23,185.350006
2015-12-24,189.0
2015-12-28,188.059998
2015-12-29,194.179993
2015-12-30,191.070007
2015-12-31,191.949997
2016-01-04,181.279999
2016-01-05,178.020004
2016-01-06,177.559998
2016-01-07,167.720001
2016-01-08,165.169998
2016-01-11,165.71000700000002
2016-01-12,168.639999
2016-01-13,164.490005
2016-01-14,175.110001
2016-01-15,171.149994
2016-01-19,169.580002
2016-01-20,171.46000700000002
2016-01-21,169.179993
2016-01-22,176.71000700000002
2016-01-25,174.479996
2016-01-26,172.899994
2016-01-27,162.419998
2016-01-28,154.25
2016-01-29,157.949997
2016-02-01,158.940002
2016-02-02,154.66000400000001
2016-02-03,149.46000700000002
2016-02-04,143.380005
2016-02-05,136.050003
2016-02-08,135.369995
2016-02-09,139.490005
2016-02-10,138.699997
2016-02-11,138.46000700000002
2016-02-12,142.720001
2016-02-16,149.110001
2016-02-17,155.630005
2016-02-18,150.16000400000001
2016-02-19,151.309998
2016-02-22,152.929993
2016-02-23,149.940002
2016-02-24,149.419998
2016-02-25,152.399994
2016-02-26,155.309998
2016-02-29,150.240005
2016-03-01,159.509995
2016-03-02,157.199997
2016-03-03,157.449997
2016-03-04,156.139999
2016-03-07,161.619995
2016-03-08,150.429993
2016-03-09,153.0
2016-03-10,155.059998
2016-03-11,158.58999599999999
2016-03-14,154.770004
2016-03-15,149.979996
2016-03-16,149.199997
2016-03-17,147.220001
2016-03-18,150.240005
2016-03-21,155.130005
2016-03-22,156.360001
2016-03-23,152.53999299999998
2016-03-24,155.33999599999999
2016-03-28,152.130005
2016-03-29,157.130005
2016-03-30,157.429993
2016-03-31,162.110001
2016-04-01,166.860001
2016-04-04,167.600006
2016-04-05,163.729996
2016-04-06,174.16000400000001
2016-04-07,168.21000700000002
2016-04-08,168.360001
2016-04-11,169.899994
2016-04-12,171.440002
2016-04-13,174.009995
2016-04-14,172.639999
2016-04-15,173.639999
2016-04-18,178.130005
2016-04-19,136.880005
2016-04-20,139.479996
2016-04-21,144.949997
2016-04-22,143.58999599999999
2016-04-25,143.070007
2016-04-26,139.21000700000002
2016-04-27,138.58999599999999
2016-04-28,135.75
2016-04-29,134.990005
2016-05-02,135.919998
2016-05-03,133.649994
2016-05-04,134.970001
2016-05-05,138.899994
2016-05-06,140.71000700000002
2016-05-09,141.759995
2016-05-10,142.83999599999999
2016-05-11,138.860001
2016-05-12,136.940002
2016-05-13,136.919998
2016-05-16,140.399994
2016-05-17,138.770004
2016-05-18,140.229996
2016-05-19,138.029999
2016-05-20,140.509995
2016-05-23,139.830002
2016-05-24,143.479996
2016-05-25,143.550003
2016-05-26,143.119995
2016-05-27,143.850006
2016-05-31,144.830002
2016-06-01,145.779999
2016-06-02,147.100006
2016-06-03,145.53999299999998
2016-06-06,147.600006
2016-06-07,144.949997
2016-06-08,145.259995
2016-06-09,143.419998
2016-06-10,141.619995
2016-06-13,139.71000700000002
2016-06-14,137.770004
2016-06-15,136.729996
2016-06-16,136.33999599999999
2016-06-17,137.050003
2016-06-20,140.100006
2016-06-21,139.050003
2016-06-22,140.889999
2016-06-23,146.58999599999999
2016-06-24,138.91000400000001
2016-06-27,135.479996
2016-06-28,135.009995
2016-06-29,137.580002
2016-06-30,140.380005
2016-07-01,140.729996
2016-07-05,138.669998
2016-07-06,140.78999299999998
2016-07-07,140.059998
2016-07-08,141.25
2016-07-11,139.639999
2016-07-12,148.990005
2016-07-13,145.860001
2016-07-14,147.229996
2016-07-15,148.71000700000002
2016-07-18,149.570007
2016-07-19,148.679993
2016-07-20,152.58999599999999
2016-07-21,151.309998
2016-07-22,150.759995
2016-07-25,150.639999
2016-07-26,150.100006
2016-07-27,162.25
2016-07-28,166.419998
2016-07-29,166.350006
2016-08-01,170.649994
2016-08-02,166.919998
2016-08-03,165.050003
2016-08-04,165.66000400000001
2016-08-05,166.529999
2016-08-08,166.46000700000002
2016-08-09,165.58999599999999
2016-08-10,165.979996
2016-08-11,168.020004
2016-08-12,166.990005
2016-08-15,173.360001
2016-08-16,169.649994
2016-08-17,169.149994
2016-08-18,172.369995
2016-08-19,171.669998
2016-08-22,173.75
2016-08-23,172.78999299999998
2016-08-24,169.53999299999998
2016-08-25,169.479996
2016-08-26,172.21000700000002
2016-08-29,170.419998
2016-08-30,168.990005
2016-08-31,168.33999599999999
2016-09-01,168.559998
2016-09-02,167.899994
2016-09-06,170.179993
2016-09-07,169.580002
2016-09-08,170.070007
2016-09-09,164.850006
2016-09-12,170.71000700000002
2016-09-13,170.149994
2016-09-14,171.779999
2016-09-15,174.940002
2016-09-16,172.970001
2016-09-19,173.149994
2016-09-20,175.800003
2016-09-21,178.449997
2016-09-22,179.33999599999999
2016-09-23,179.330002
2016-09-26,178.470001
2016-09-27,180.350006
2016-09-28,180.979996
2016-09-29,176.559998
2016-09-30,181.66000400000001
2016-10-03,182.229996
2016-10-04,181.220001
2016-10-05,186.169998
2016-10-06,184.929993
2016-10-07,184.490005
2016-10-10,184.850006
2016-10-11,138.990005
2016-10-12,136.179993
2016-10-13,137.169998
2016-10-14,138.0
2016-10-17,141.229996
2016-10-18,145.220001
2016-10-19,146.720001
2016-10-20,142.830002
2016-10-21,141.800003
2016-10-24,142.270004
2016-10-25,138.179993
2016-10-26,139.949997
2016-10-27,139.28999299999998
2016-10-28,138.630005
2016-10-31,136.139999
2016-11-01,139.5
2016-11-02,135.66000400000001
2016-11-03,134.389999
2016-11-04,134.630005
2016-11-07,137.080002
2016-11-08,137.699997
2016-11-09,133.130005
2016-11-10,138.369995
2016-11-11,137.71000700000002
2016-11-14,136.380005
2016-11-15,136.800003
2016-11-16,134.869995
2016-11-17,134.08999599999999
2016-11-18,131.869995
2016-11-21,137.550003
2016-11-22,134.75
2016-11-23,134.429993
2016-11-25,135.190002
2016-11-28,136.179993
2016-11-29,136.529999
2016-11-30,133.139999
2016-12-01,127.720001
2016-12-02,127.900002
2016-12-05,127.91999799999999
2016-12-06,126.400002
2016-12-07,122.019997
2016-12-08,123.480003
2016-12-09,123.199997
2016-12-12,124.0
2016-12-13,126.699997
2016-12-14,125.449997
2016-12-15,132.0
2016-12-16,131.009995
2016-12-19,129.649994
2016-12-20,128.050003
2016-12-21,127.82
2016-12-22,126.769997
2016-12-23,128.75
2016-12-27,128.940002
2016-12-28,127.93
2016-12-29,128.720001
2016-12-30,128.03999299999998
