2008-12-31,18.131588
2009-01-02,18.700241000000002
2009-01-05,19.399403
2009-01-06,20.163818
2009-01-07,18.579051999999997
2009-01-08,19.063805
2009-01-09,18.299387
2009-01-12,17.534971
2009-01-13,17.096829999999997
2009-01-14,16.034102999999998
2009-01-15,16.164614
2009-01-16,16.630722
2009-01-20,15.62393
2009-01-21,16.295123999999998
2009-01-22,16.024782000000002
2009-01-23,16.024782000000002
2009-01-26,16.080714999999998
2009-01-27,16.201902
2009-01-28,16.947676
2009-01-29,15.735795000000001
2009-01-30,15.204432
2009-02-02,14.523914999999999
2009-02-03,15.129855
2009-02-04,14.523914999999999
2009-02-05,14.850191
2009-02-06,15.288332
2009-02-09,15.111210999999999
2009-02-10,14.029841000000001
2009-02-11,14.123063
2009-02-12,14.663748000000002
2009-02-13,13.927298
2009-02-17,13.843398
2009-02-18,13.619666
2009-02-19,13.526445
2009-02-20,13.349324
2009-02-23,12.836606
2009-02-24,13.5917
2009-02-25,13.190847
2009-02-26,13.078981
2009-02-27,13.200170000000002
2009-03-02,12.361175999999999
2009-03-03,12.650163000000001
2009-03-04,12.85525
2009-03-05,12.137444
2009-03-06,11.77388
2009-03-09,12.081511
2009-03-10,13.433224
2009-03-11,13.694243
2009-03-12,14.598493
2009-03-13,14.430694
2009-03-16,13.834076000000001
2009-03-17,14.160352
2009-03-18,14.701035999999998
2009-03-19,14.812902
2009-03-20,14.607814999999999
2009-03-23,15.950204999999999
2009-03-24,16.127325
2009-03-25,15.838339000000001
2009-03-26,16.668011
2009-03-27,15.894272
2009-03-30,15.129855
2009-03-31,15.251043
2009-04-01,15.782406
2009-04-02,17.180729
2009-04-03,18.057013
2009-04-06,17.795992000000002
2009-04-07,16.947676
2009-04-08,17.180729
2009-04-09,17.889214000000003
2009-04-13,18.047689000000002
2009-04-14,17.730736
2009-04-15,17.44175
2009-04-16,18.057013
2009-04-17,18.364643
2009-04-20,17.218018
2009-04-21,17.600225
2009-04-22,18.262098
2009-04-23,20.508738
2009-04-24,20.788403
2009-04-27,19.734999
2009-04-28,19.352791
2009-04-29,21.2918
2009-04-30,21.962994000000002
2009-05-01,21.105356
2009-05-04,22.354525
2009-05-05,22.662155
2009-05-06,22.596901000000003
2009-05-07,21.385021
2009-05-08,22.298592000000003
2009-05-11,21.795195
2009-05-12,21.151966
2009-05-13,19.82822
2009-05-14,20.145174
2009-05-15,20.107885
2009-05-18,20.946877999999998
2009-05-19,20.956201999999998
2009-05-20,20.732470000000003
2009-05-21,20.452804999999998
2009-05-22,20.452804999999998
2009-05-26,21.77655
2009-05-27,20.909589999999998
2009-05-28,21.366377
2009-05-29,21.77655
2009-06-01,23.007074
2009-06-02,22.904531
2009-06-03,22.494356
2009-06-04,22.540968
2009-06-05,22.857922
2009-06-08,22.885887
2009-06-09,23.193518
2009-06-10,22.662155
2009-06-11,22.466391
2009-06-12,22.38249
2009-06-15,21.412987
2009-06-16,20.769758
2009-06-17,20.844336
2009-06-18,20.508738
2009-06-19,20.648571
2009-06-22,19.6511
2009-06-23,19.514437
2009-06-24,19.907534
2009-06-25,20.600132000000002
2009-06-26,20.412943
2009-06-29,20.749883999999998
2009-06-30,20.65629
2009-07-01,19.823299
2009-07-02,19.083902
2009-07-06,18.597212
2009-07-07,18.391304
2009-07-08,18.054363000000002
2009-07-09,18.45682
2009-07-10,18.316429
2009-07-13,19.317888
2009-07-14,19.729704
2009-07-15,20.403584
2009-07-16,19.130699
2009-07-17,18.700165
2009-07-20,19.140059
2009-07-21,18.62529
2009-07-22,18.821838
2009-07-23,19.935612
2009-07-24,19.879456
2009-07-27,19.776501
2009-07-28,19.710985
2009-07-29,19.149420000000003
2009-07-30,20.066645
2009-07-31,20.160238
2009-08-03,20.646929
2009-08-04,21.713905
2009-08-05,21.573515
2009-08-06,21.021307
2009-08-07,23.660669
2009-08-10,22.107001999999998
2009-08-11,22.472020999999998
2009-08-12,22.790241
2009-08-13,22.893196
2009-08-14,22.350348
2009-08-17,21.629671
2009-08-18,22.148447
2009-08-19,22.270605
2009-08-20,22.956577
2009-08-21,23.200897
2009-08-24,22.956577
2009-08-25,23.501596
2009-08-26,23.078737
2009-08-27,22.909594
2009-08-28,23.041149
2009-08-31,22.458544
2009-09-01,21.255743
2009-09-02,21.002028
2009-09-03,21.208757000000002
2009-09-04,21.659809
2009-09-08,21.763174
2009-09-09,22.157843
2009-09-10,23.022356
2009-09-11,23.116325
2009-09-14,23.238483
2009-09-15,24.056013
2009-09-16,24.911129000000003
2009-09-17,25.371576
2009-09-18,25.521926999999998
2009-09-21,25.202433
2009-09-22,25.597101000000002
2009-09-23,25.005098
2009-09-24,24.854748
2009-09-25,24.525856
2009-09-28,25.108463
2009-09-29,25.625292
2009-09-30,25.925993
2009-10-01,24.770176
2009-10-02,24.065410999999997
2009-10-05,24.911129000000003
2009-10-06,25.371576
2009-10-07,25.324593
2009-10-08,25.183638000000002
2009-10-09,25.183638000000002
2009-10-12,25.625292
2009-10-13,25.559513
2009-10-14,26.254883000000003
2009-10-15,26.273676000000002
2009-10-16,26.254883000000003
2009-10-19,26.348852
2009-10-20,26.095137
2009-10-21,25.409164
2009-10-22,25.813229
2009-10-23,25.559513
2009-10-26,25.54072
2009-10-27,24.337919
2009-10-28,23.285469
2009-10-29,24.441284
2009-10-30,23.548582
2009-11-02,23.510994
2009-11-03,23.830488
2009-11-04,23.811692999999998
2009-11-05,24.516460000000002
2009-11-06,24.554047
2009-11-09,25.258814
2009-11-10,25.277607
2009-11-11,25.550117
2009-11-12,25.127256
2009-11-13,25.333988
2009-11-16,26.048151
2009-11-17,25.796419
2009-11-18,25.438264999999998
2009-11-19,24.882187
2009-11-20,24.62771
2009-11-23,24.74081
2009-11-24,24.081055
2009-11-25,24.439208999999998
2009-11-27,23.807728
2009-11-30,24.241282
2009-12-01,24.278982
2009-12-02,24.184731
2009-12-03,24.335532999999998
2009-12-04,25.607917999999998
2009-12-07,25.240339000000002
2009-12-08,25.344015
2009-12-09,25.230915
2009-12-10,25.466541
2009-12-11,25.523092000000002
2009-12-14,26.126295000000002
2009-12-15,26.211123
2009-12-16,26.295948
2009-12-17,26.220546999999996
2009-12-18,26.390197999999998
2009-12-21,26.446749
2009-12-22,26.343072999999997
2009-12-23,26.361922999999997
2009-12-24,26.324222999999996
2009-12-28,26.248821000000003
2009-12-29,26.399624
2009-12-30,26.050895999999998
2009-12-31,25.683317000000002
2010-01-04,26.04147
2010-01-05,26.192272
2010-01-06,26.267671999999997
2010-01-07,26.371346999999997
2010-01-08,26.427898
2010-01-11,26.371346999999997
2010-01-12,26.145145
2010-01-13,26.512724
2010-01-14,27.983034000000004
2010-01-15,27.615458
2010-01-19,27.803959000000003
2010-01-20,27.134778999999998
2010-01-21,26.512724
2010-01-22,25.871819
2010-01-25,25.92837
2010-01-26,25.579641
2010-01-27,25.334591
2010-01-28,25.136663000000002
2010-01-29,24.72196
2010-02-01,25.032988
2010-02-02,25.25919
2010-02-03,24.985863000000002
2010-02-04,24.260132000000002
2010-02-05,24.693686
2010-02-08,24.458059
2010-02-09,24.618284
2010-02-10,24.882187
2010-02-11,25.127239000000003
2010-02-12,25.296889999999998
2010-02-16,25.560791000000002
2010-02-17,25.532516
2010-02-18,25.494816
2010-02-19,25.692743
2010-02-22,25.786993
2010-02-23,25.513666
2010-02-24,25.692743
2010-02-25,25.447691
2010-02-26,25.551367000000003
2010-03-01,25.655043
2010-03-02,25.325165
2010-03-03,25.183788
2010-03-04,25.438264999999998
2010-03-05,26.267671999999997
2010-03-08,26.295948
2010-03-09,26.484448999999998
2010-03-10,26.484448999999998
2010-03-11,26.701225
2010-03-12,27.049953000000002
2010-03-15,26.974552000000003
2010-03-16,27.144203000000005
2010-03-17,27.068803999999997
2010-03-18,27.087652000000002
2010-03-19,27.389256
2010-03-22,27.851084000000004
2010-03-23,28.039585
2010-03-24,27.964184000000003
2010-03-25,28.416588
2010-03-26,29.302546000000003
2010-03-29,29.481621
2010-03-30,29.952875
2010-03-31,29.707822999999998
2010-04-01,30.094252
2010-04-05,30.57493
2010-04-06,30.819981
2010-04-07,30.490103
2010-04-08,30.970783
2010-04-09,31.196983000000003
2010-04-12,31.083883
2010-04-13,31.442035999999998
2010-04-14,31.960415
2010-04-15,32.073516999999995
2010-04-16,31.932140000000004
2010-04-19,31.932140000000004
2010-04-20,32.214893
2010-04-21,32.67672
2010-04-22,34.703109999999995
2010-04-23,35.409991999999995
2010-04-26,35.230915
2010-04-27,33.977379
2010-04-28,33.82658
2010-04-29,35.504242
2010-04-30,34.646561
2010-05-03,35.513668
2010-05-04,34.081055
2010-05-05,33.2328
2010-05-06,32.327991
2010-05-07,31.423184999999997
2010-05-10,33.741753
2010-05-11,33.553253000000005
2010-05-12,34.599434
2010-05-13,33.958529999999996
2010-05-14,32.620171
2010-05-17,32.921772
2010-05-18,32.327991
2010-05-19,31.753063
2010-05-20,30.386428999999996
2010-05-21,31.046183000000003
2010-05-24,30.414703000000003
2010-05-25,30.395853000000002
2010-05-26,30.424128000000003
2010-05-27,32.064091
2010-05-28,31.526861
2010-06-01,30.989632
2010-06-02,31.573985999999998
2010-06-03,32.393966999999996
2010-06-04,30.329878000000004
2010-06-07,29.302546000000003
2010-06-08,30.292177000000002
2010-06-09,30.640905
2010-06-10,31.489161
2010-06-11,31.404334999999996
2010-06-14,32.016964
2010-06-15,33.129124
2010-06-16,33.289349
2010-06-17,33.213947
2010-06-18,33.2705
2010-06-21,33.223372999999995
2010-06-22,32.111216999999996
2010-06-23,31.781338
2010-06-24,30.78228
2010-06-25,30.829407
2010-06-28,30.367579
2010-06-29,28.878415999999998
2010-06-30,28.218662
2010-07-01,28.388313
2010-07-02,27.851084000000004
2010-07-06,27.568333000000003
2010-07-07,28.982091999999998
2010-07-08,28.916117
2010-07-09,29.34967
2010-07-12,29.189444
2010-07-13,30.037701000000002
2010-07-14,30.311028000000004
2010-07-15,29.839772999999997
2010-07-16,28.567389000000002
2010-07-19,29.161169
2010-07-20,29.736096999999997
2010-07-21,28.991518
2010-07-22,30.197926000000002
2010-07-23,31.234684
2010-07-26,31.922714000000003
2010-07-27,31.649387
2010-07-28,31.734213
2010-07-29,31.819038
2010-07-30,31.960415
2010-08-02,33.289349
2010-08-03,32.94062
2010-08-04,33.590953999999996
2010-08-05,33.317623
2010-08-06,33.157398
2010-08-09,33.590953999999996
2010-08-10,32.827521999999995
2010-08-11,31.630537
2010-08-12,31.677661999999998
2010-08-13,31.555135999999997
2010-08-16,31.847313
2010-08-17,32.686146
2010-08-18,32.704994
2010-08-19,31.639963
2010-08-20,31.639963
2010-08-23,31.234684
2010-08-24,30.169651
2010-08-25,30.311028000000004
2010-08-26,30.084826
2010-08-27,30.819981
2010-08-30,29.839772999999997
2010-08-31,30.141376
2010-09-01,31.668238
2010-09-02,32.714420000000004
2010-09-03,33.317623
2010-09-07,32.780396
2010-09-08,33.242226
2010-09-09,33.468426
2010-09-10,33.468426
2010-09-13,34.099907
2010-09-14,34.118755
2010-09-15,33.873703000000006
2010-09-16,33.2705
2010-09-17,33.572102
2010-09-20,34.307259
2010-09-21,33.986805
2010-09-22,33.223372999999995
2010-09-23,32.591896000000006
2010-09-24,34.137608
2010-09-27,33.854855
2010-09-28,34.222431
2010-09-29,33.807728000000004
2010-09-30,33.770027
2010-10-01,34.194157000000004
2010-10-04,34.590008000000005
2010-10-05,35.636192
2010-10-06,35.683319
2010-10-07,33.619228
2010-10-08,34.090481
2010-10-11,33.619228
2010-10-12,33.704052000000004
2010-10-13,33.930256
2010-10-14,33.864281
2010-10-15,33.553253000000005
2010-10-18,33.449577000000005
2010-10-19,33.016022
2010-10-20,33.958529999999996
2010-10-21,34.14703
2010-10-22,35.146088
2010-10-25,35.409991999999995
2010-10-26,35.598492
2010-10-27,35.541942999999996
2010-10-28,35.362865
2010-10-29,34.919888
2010-11-01,35.278038
2010-11-02,35.758717
2010-11-03,35.834118
2010-11-04,36.899151
2010-11-05,37.276154
2010-11-08,37.200752
2010-11-09,36.333649
2010-11-10,36.936852
2010-11-11,36.880302
2010-11-12,36.324222999999996
2010-11-15,36.098022
2010-11-16,35.428841
2010-11-17,35.617344
2010-11-18,36.493874
2010-11-19,36.7672
2010-11-22,36.899151
2010-11-23,36.380772
2010-11-24,37.408103999999994
2010-11-26,37.125355
2010-11-29,36.889728999999996
2010-11-30,36.955704
2010-12-01,37.907635
2010-12-02,38.190388
2010-12-03,38.633365999999995
2010-12-06,38.642788
2010-12-07,38.539116
2010-12-08,38.944393
2010-12-09,39.31197
2010-12-10,39.547596
2010-12-13,39.368519
2010-12-14,39.189445
2010-12-15,38.557964
2010-12-16,38.887840000000004
2010-12-17,39.255421000000005
2010-12-20,40.09425
2010-12-21,39.943451
2010-12-22,39.7738
2010-12-23,39.670124
2010-12-27,39.377945000000004
2010-12-28,39.425072
2010-12-29,39.34967
2010-12-30,39.076344
2010-12-31,39.151745
2011-01-03,39.575871
2011-01-04,38.793591
2011-01-05,39.180019
2011-01-06,38.520264000000005
2011-01-07,38.463715
2011-01-10,38.19981
2011-01-11,38.397739
2011-01-12,38.473137
2011-01-13,38.765316
2011-01-14,39.481621000000004
2011-01-18,39.029216999999996
2011-01-19,38.501415
2011-01-20,37.832233
2011-01-21,37.521206
2011-01-24,37.945335
2011-01-25,37.577754999999996
2011-01-26,37.370407
2011-01-27,37.888783000000004
2011-01-28,36.380772
2011-01-31,37.219604
2011-02-01,38.049011
2011-02-02,37.87936
2011-02-03,37.728558
2011-02-04,37.700283
2011-02-07,37.662582
2011-02-08,37.464657
2011-02-09,37.41753
2011-02-10,37.700283
2011-02-11,38.85014
2011-02-14,38.642788
2011-02-15,39.076344
2011-02-16,39.019794
2011-02-17,38.605090999999994
2011-02-18,38.56739
2011-02-22,36.786053
2011-02-23,36.098022
2011-02-24,36.258247
2011-02-25,37.049953
2011-02-28,36.955704
2011-03-01,35.758717
2011-03-02,35.843544
2011-03-03,36.5033
2011-03-04,35.815269
2011-03-07,35.768143
2011-03-08,36.720074
2011-03-09,36.955704
2011-03-10,36.277096
2011-03-11,35.956646
2011-03-14,35.749294
2011-03-15,35.287464
2011-03-16,34.853912
2011-03-17,34.995289
2011-03-18,35.786995000000005
2011-03-21,36.399623999999996
2011-03-22,34.853912
2011-03-23,35.032990000000005
2011-03-24,35.061264
2011-03-25,35.494816
2011-03-28,33.2705
2011-03-29,33.694626
2011-03-30,33.770027
2011-03-31,33.534401
2011-04-01,33.374176
2011-04-04,33.213947
2011-04-05,33.110271000000004
2011-04-06,33.468426
2011-04-07,33.025448
2011-04-08,32.58247
2011-04-11,32.214893
2011-04-12,32.356266
2011-04-13,32.224315999999995
2011-04-14,32.101791
2011-04-15,32.139492
2011-04-18,32.874645
2011-04-19,32.912346
2011-04-20,33.251647999999996
2011-04-21,33.807728000000004
2011-04-25,33.421299
2011-04-26,33.251647999999996
2011-04-27,33.166824
2011-04-28,33.430725
2011-04-29,33.2705
2011-05-02,33.459
2011-05-03,33.289349
2011-05-04,33.053722
2011-05-05,33.468426
2011-05-06,34.203583
2011-05-09,34.260132
2011-05-10,35.023563
2011-05-11,34.241283
2011-05-12,34.467484000000006
2011-05-13,34.401508
2011-05-16,33.760605
2011-05-17,33.807728000000004
2011-05-18,34.467484000000006
2011-05-19,35.014137
2011-05-20,35.023563
2011-05-23,34.213004999999995
2011-05-24,34.420357
2011-05-25,34.599434
2011-05-26,35.636192
2011-05-27,35.683319
2011-05-31,35.636192
2011-06-01,34.731384000000006
2011-06-02,34.929314
2011-06-03,34.165882
2011-06-06,34.099907
2011-06-07,33.4967
2011-06-08,32.780396
2011-06-09,32.610744
2011-06-10,31.894440000000003
2011-06-13,31.828465
2011-06-14,32.629593
2011-06-15,31.555135999999997
2011-06-16,31.432610999999998
2011-06-17,31.24411
2011-06-20,31.215834
2011-06-21,32.337418
2011-06-22,32.393966999999996
2011-06-23,32.271442
2011-06-24,32.007542
2011-06-27,32.12064
2011-06-28,33.524975
2011-06-29,33.185673
2011-06-30,33.449577000000005
2011-07-01,34.703109999999995
2011-07-05,34.533459
2011-07-06,34.51461
2011-07-07,35.39114
2011-07-08,35.032990000000005
2011-07-11,34.373234000000004
2011-07-12,34.703109999999995
2011-07-13,35.004711
2011-07-14,32.695572
2011-07-15,32.931197999999995
2011-07-18,32.271442
2011-07-19,32.375118
2011-07-20,32.280869
2011-07-21,32.846371000000005
2011-07-22,33.091423
2011-07-25,32.780396
2011-07-26,32.290290999999996
2011-07-27,31.460886
2011-07-28,30.838831
2011-07-29,30.631479
2011-08-01,30.179077000000003
2011-08-02,28.708765000000003
2011-08-03,29.340244000000002
2011-08-04,27.643732
2011-08-05,27.803959000000003
2011-08-08,25.92837
2011-08-09,26.663525
2011-08-10,25.27804
2011-08-11,26.512724
2011-08-12,26.597549
2011-08-15,27.163054
2011-08-16,26.918001
2011-08-17,27.276155
2011-08-18,25.249763
2011-08-19,24.731385999999997
2011-08-22,24.60886
2011-08-23,25.655043
2011-08-24,26.804901
2011-08-25,25.711594
2011-08-26,25.937794
2011-08-29,27.408106
2011-08-30,27.39868
2011-08-31,27.596607000000002
2011-09-01,27.097078000000003
2011-09-02,25.711594
2011-09-06,25.032988
2011-09-07,26.06032
2011-09-08,25.268614000000003
2011-09-09,24.580583999999998
2011-09-12,24.542885000000002
2011-09-13,25.683317000000002
2011-09-14,26.663525
2011-09-15,27.163054
2011-09-16,27.521206
2011-09-19,27.087652000000002
2011-09-20,26.965128000000004
2011-09-21,26.173422
2011-09-22,25.25919
2011-09-23,25.607917999999998
2011-09-26,26.098021
2011-09-27,26.804901
2011-09-28,26.201696
2011-09-29,27.049953000000002
2011-09-30,25.673893
2011-10-03,24.674835
2011-10-04,25.541941
2011-10-05,26.559849
2011-10-06,27.125353000000004
2011-10-07,26.550425
2011-10-10,27.917059000000002
2011-10-11,27.587181
2011-10-12,28.491989
2011-10-13,28.416588
2011-10-14,28.887842
2011-10-17,27.662582
2011-10-18,28.746465999999998
2011-10-19,28.096135999999998
2011-10-20,28.407164
2011-10-21,29.180019
2011-10-24,30.01885
2011-10-25,29.321394
2011-10-26,29.905748
2011-10-27,31.385485
2011-10-28,30.895382
2011-10-31,29.688971999999996
2011-11-01,28.868992
2011-11-02,29.670121999999996
2011-11-03,30.348728
2011-11-04,29.792648
2011-11-07,30.0
2011-11-08,29.839772999999997
2011-11-09,28.491989
2011-11-10,28.529690000000002
2011-11-11,29.802073999999998
2011-11-14,29.377945
2011-11-15,29.42507
2011-11-16,28.840715000000003
2011-11-17,28.746465999999998
2011-11-18,29.142319
2011-11-21,28.482563
2011-11-22,28.870001000000002
2011-11-23,27.98
2011-11-25,27.92
2011-11-28,29.280001000000002
2011-11-29,29.290001
2011-11-30,30.620001000000002
2011-12-01,30.58
2011-12-02,30.92
2011-12-05,31.32
2011-12-06,30.98
2011-12-07,30.5
2011-12-08,29.43
2011-12-09,29.92
2011-12-12,29.66
2011-12-13,28.84
2011-12-14,28.290001
2011-12-15,28.299999
2011-12-16,28.559998999999998
2011-12-19,27.99
2011-12-20,28.629998999999998
2011-12-21,28.99
2011-12-22,29.440001000000002
2011-12-23,29.709999
2011-12-27,30.01
2011-12-28,29.15
2011-12-29,29.27
2011-12-30,29.17
2012-01-03,30.0
2012-01-04,30.469998999999998
2012-01-05,31.469998999999998
2012-01-06,31.74
2012-01-09,32.169998
2012-01-10,32.700001
2012-01-11,33.02
2012-01-12,33.849998
2012-01-13,33.529999
2012-01-17,33.630001
2012-01-18,33.939999
2012-01-19,34.66
2012-01-20,34.84
2012-01-23,34.84
2012-01-24,34.939999
2012-01-25,35.16
2012-01-26,34.630001
2012-01-27,34.57
2012-01-30,34.650002
2012-01-31,34.450001
2012-02-01,35.130001
2012-02-02,35.169998
2012-02-03,36.130001
2012-02-06,36.150002
2012-02-07,36.169998
2012-02-08,36.220001
2012-02-09,36.049999
2012-02-10,35.720001
2012-02-13,35.939999
2012-02-14,35.130001
2012-02-15,34.73
2012-02-16,34.82
2012-02-17,34.93
2012-02-21,34.32
2012-02-22,34.439999
2012-02-23,34.299999
2012-02-24,34.73
2012-02-27,34.900002
2012-02-28,35.41
2012-02-29,35.279999
2012-03-01,35.75
2012-03-02,35.75
2012-03-05,36.07
2012-03-06,35.779999
2012-03-07,35.900002
2012-03-08,36.740002000000004
2012-03-09,37.540001000000004
2012-03-12,37.48
2012-03-13,38.360001000000004
2012-03-14,38.389998999999996
2012-03-15,38.380001
2012-03-16,38.139998999999996
2012-03-19,38.080002
2012-03-20,37.639998999999996
2012-03-21,37.880001
2012-03-22,37.709998999999996
2012-03-23,37.720001
2012-03-26,38.619999
2012-03-27,38.549999
2012-03-28,38.049999
2012-03-29,37.639998999999996
2012-03-30,37.849998
2012-04-02,38.040001000000004
2012-04-03,38.32
2012-04-04,37.66
2012-04-05,37.779999
2012-04-09,37.490002000000004
2012-04-10,36.470001
2012-04-11,37.34
2012-04-12,37.57
2012-04-13,37.310001
2012-04-16,37.310001
2012-04-17,37.91
2012-04-18,37.830002
2012-04-19,39.450001
2012-04-20,38.900002
2012-04-23,38.509997999999996
2012-04-24,38.400002
2012-04-25,39.02
2012-04-26,39.77
2012-04-27,39.529999
2012-04-30,39.09
2012-05-01,39.650002
2012-05-02,39.990002000000004
2012-05-03,40.09
2012-05-04,39.279999
2012-05-07,39.290001000000004
2012-05-08,38.82
2012-05-09,39.18
2012-05-10,39.240002000000004
2012-05-11,39.34
2012-05-14,38.689999
2012-05-15,39.040001000000004
2012-05-16,38.57
2012-05-17,37.02
2012-05-18,36.830002
2012-05-21,38.009997999999996
2012-05-22,37.880001
2012-05-23,38.110001000000004
2012-05-24,38.389998999999996
2012-05-25,38.639998999999996
2012-05-29,39.139998999999996
2012-05-30,38.290001000000004
2012-05-31,38.709998999999996
2012-06-01,36.490002000000004
2012-06-04,36.330002
2012-06-05,36.709998999999996
2012-06-06,37.549999
2012-06-07,37.540001000000004
2012-06-08,37.799999
2012-06-11,36.860001000000004
2012-06-12,37.5
2012-06-13,36.970001
2012-06-14,37.650002
2012-06-15,37.98
2012-06-18,38.380001
2012-06-19,39.619999
2012-06-20,39.810001
2012-06-21,38.639998999999996
2012-06-22,38.799999
2012-06-25,37.779999
2012-06-26,37.869999
2012-06-27,38.16
2012-06-28,37.540001000000004
2012-06-29,39.200001
2012-07-02,39.25
2012-07-03,39.25
2012-07-05,39.580002
2012-07-06,39.400002
2012-07-09,38.959998999999996
2012-07-10,38.169998
2012-07-11,38.029999
2012-07-12,35.580002
2012-07-13,36.279999
2012-07-16,36.119999
2012-07-17,36.700001
2012-07-18,36.700001
2012-07-19,37.290001000000004
2012-07-20,36.849998
2012-07-23,35.799999
2012-07-24,35.029999
2012-07-25,35.34
2012-07-26,36.060001
2012-07-27,36.889998999999996
2012-07-30,36.5
2012-07-31,36.419998
2012-08-01,36.349998
2012-08-02,36.32
2012-08-03,37.549999
2012-08-06,37.349998
2012-08-07,38.119999
2012-08-08,37.240002000000004
2012-08-09,37.290001000000004
2012-08-10,36.939999
2012-08-13,36.93
2012-08-14,36.66
2012-08-15,36.790001000000004
2012-08-16,37.810001
2012-08-17,38.049999
2012-08-20,37.549999
2012-08-21,37.200001
2012-08-22,37.240002000000004
2012-08-23,37.119999
2012-08-24,36.970001
2012-08-27,37.360001000000004
2012-08-28,37.259997999999996
2012-08-29,37.599998
2012-08-30,37.540001000000004
2012-08-31,37.68
2012-09-04,37.630001
2012-09-05,37.400002
2012-09-06,38.75
2012-09-07,39.360001000000004
2012-09-10,38.970001
2012-09-11,39.34
2012-09-12,39.52
2012-09-13,40.98
2012-09-14,41.599998
2012-09-17,41.16
2012-09-18,41.07
2012-09-19,40.900002
2012-09-20,40.75
2012-09-21,40.43
2012-09-24,40.220001
2012-09-25,39.139998999999996
2012-09-26,39.009997999999996
2012-09-27,39.580002
2012-09-28,39.099998
2012-10-01,38.970001
2012-10-02,38.630001
2012-10-03,39.0
2012-10-04,38.939999
2012-10-05,38.290001000000004
2012-10-08,38.73
2012-10-09,38.450001
2012-10-10,38.380001
2012-10-11,38.169998
2012-10-12,38.16
2012-10-15,38.529999
2012-10-16,38.889998999999996
2012-10-17,38.790001000000004
2012-10-18,38.889998999999996
2012-10-19,37.529999
2012-10-22,37.939999
2012-10-23,36.889998999999996
2012-10-24,36.439999
2012-10-25,36.470001
2012-10-26,36.82
2012-10-31,36.48
2012-11-01,36.959998999999996
2012-11-02,36.689999
2012-11-05,36.639998999999996
2012-11-06,36.77
2012-11-07,36.009997999999996
2012-11-08,35.279999
2012-11-09,35.540001000000004
2012-11-12,35.310001
2012-11-13,35.130001
2012-11-14,34.380001
2012-11-15,34.110001000000004
2012-11-16,34.43
2012-11-19,35.450001
2012-11-20,34.880001
2012-11-21,34.82
2012-11-23,35.240002000000004
2012-11-26,34.709998999999996
2012-11-27,34.639998999999996
2012-11-28,35.209998999999996
2012-11-29,36.630001
2012-11-30,36.290001000000004
2012-12-03,35.889998999999996
2012-12-04,35.529999
2012-12-05,35.27
2012-12-06,35.459998999999996
2012-12-07,35.43
2012-12-10,35.59
2012-12-11,35.790001000000004
2012-12-12,35.919998
2012-12-13,35.619999
2012-12-14,36.110001000000004
2012-12-17,36.84
2012-12-18,37.419998
2012-12-19,37.220001
2012-12-20,37.68
2012-12-21,37.400002
2012-12-24,37.119999
2012-12-26,36.709998999999996
2012-12-27,36.880001
2012-12-28,36.48
2012-12-31,37.27
2013-01-02,38.790001000000004
2013-01-03,39.099998
2013-01-04,39.23
2013-01-07,39.009997999999996
2013-01-08,38.900002
2013-01-09,38.900002
2013-01-10,39.02
2013-01-11,38.880001
2013-01-14,38.73
2013-01-15,39.16
2013-01-16,38.830002
2013-01-17,39.279999
2013-01-18,39.27
2013-01-22,39.240002000000004
2013-01-23,39.150002
2013-01-24,38.970001
2013-01-25,39.560001
2013-01-28,40.099998
2013-01-29,40.209998999999996
2013-01-30,40.139998999999996
2013-01-31,39.98
2013-02-01,40.290001000000004
2013-02-04,39.77
2013-02-05,39.950001
2013-02-06,40.66
2013-02-07,40.470001
2013-02-08,40.970001
2013-02-11,41.220001
2013-02-12,41.389998999999996
2013-02-13,41.18
2013-02-14,41.16
2013-02-15,41.23
2013-02-19,40.830002
2013-02-20,39.720001
2013-02-21,39.16
2013-02-22,39.490002000000004
2013-02-25,38.599998
2013-02-26,38.529999
2013-02-27,39.299999
2013-02-28,39.450001
2013-03-01,39.57
2013-03-04,39.200001
2013-03-05,39.459998999999996
2013-03-06,39.380001
2013-03-07,39.360001000000004
2013-03-08,40.290001000000004
2013-03-11,40.240002000000004
2013-03-12,39.98
2013-03-13,40.18
2013-03-14,40.419998
2013-03-15,40.349998
2013-03-18,39.900002
2013-03-19,39.549999
2013-03-20,40.02
2013-03-21,39.619999
2013-03-22,39.849998
2013-03-25,39.759997999999996
2013-03-26,41.290001000000004
2013-03-27,41.619999
2013-03-28,42.23
2013-04-01,41.630001
2013-04-02,41.459998999999996
2013-04-03,41.0
2013-04-04,41.299999
2013-04-05,40.66
2013-04-08,41.299999
2013-04-09,41.599998
2013-04-10,41.990002000000004
2013-04-11,42.209998999999996
2013-04-12,42.59
2013-04-15,40.709998999999996
2013-04-16,41.75
2013-04-17,41.130001
2013-04-18,40.810001
2013-04-19,41.34
2013-04-22,41.330002
2013-04-23,41.869999
2013-04-24,41.43
2013-04-25,41.639998999999996
2013-04-26,41.57
2013-04-29,41.619999
2013-04-30,43.060001
2013-05-01,42.48
2013-05-02,42.84
2013-05-03,43.009997999999996
2013-05-06,43.110001000000004
2013-05-07,43.540001000000004
2013-05-08,43.490002000000004
2013-05-09,43.23
2013-05-10,43.970001
2013-05-13,43.630001
2013-05-14,43.959998999999996
2013-05-15,43.970001
2013-05-16,43.189999
2013-05-17,43.73
2013-05-20,43.360001000000004
2013-05-21,43.48
2013-05-22,42.77
2013-05-23,42.580002
2013-05-24,42.77
2013-05-28,43.23
2013-05-29,42.330002
2013-05-30,42.52
2013-05-31,42.009997999999996
2013-06-03,42.200001
2013-06-04,40.41
2013-06-05,40.389998999999996
2013-06-06,41.009997999999996
2013-06-07,41.66
2013-06-10,41.48
2013-06-11,40.84
2013-06-12,40.59
2013-06-13,41.09
2013-06-14,40.77
2013-06-17,40.66
2013-06-18,40.82
2013-06-19,40.419998
2013-06-20,39.049999
2013-06-21,38.93
2013-06-24,38.709998999999996
2013-06-25,39.349998
2013-06-26,39.450001
2013-06-27,40.25
2013-06-28,40.369999
2013-07-01,40.32
2013-07-02,40.23
2013-07-03,40.299999
2013-07-05,41.400002
2013-07-08,41.720001
2013-07-09,41.740002000000004
2013-07-10,41.93
2013-07-11,42.18
2013-07-12,41.73
2013-07-15,41.580002
2013-07-16,41.490002000000004
2013-07-17,41.34
2013-07-18,42.009997999999996
2013-07-19,41.619999
2013-07-22,41.470001
2013-07-23,40.950001
2013-07-24,40.369999
2013-07-25,40.860001000000004
2013-07-26,41.259997999999996
2013-07-29,40.959998999999996
2013-07-30,41.389998999999996
2013-07-31,41.57
2013-08-01,41.580002
2013-08-02,42.419998
2013-08-05,42.169998
2013-08-06,41.68
2013-08-07,40.970001
2013-08-08,41.490002000000004
2013-08-09,40.939999
2013-08-12,40.73
2013-08-13,40.57
2013-08-14,41.080002
2013-08-15,40.889998999999996
2013-08-16,40.400002
2013-08-19,40.25
2013-08-20,40.049999
2013-08-21,39.889998999999996
2013-08-22,41.32
2013-08-23,41.16
2013-08-26,41.23
2013-08-27,40.419998
2013-08-28,40.150002
2013-08-29,40.25
2013-08-30,39.990002000000004
2013-09-03,40.299999
2013-09-04,40.93
2013-09-05,40.77
2013-09-06,40.619999
2013-09-09,41.060001
2013-09-10,41.610001000000004
2013-09-11,42.959998999999996
2013-09-12,42.59
2013-09-13,42.860001000000004
2013-09-16,43.119999
2013-09-17,43.349998
2013-09-18,43.82
2013-09-19,43.580002
2013-09-20,43.169998
2013-09-23,43.0
2013-09-24,43.060001
2013-09-25,42.810001
2013-09-26,42.91
2013-09-27,42.349998
2013-09-30,42.060001
2013-10-01,42.540001000000004
2013-10-02,42.470001
2013-10-03,42.279999
2013-10-04,42.599998
2013-10-07,41.959998999999996
2013-10-08,41.529999
2013-10-09,41.279999
2013-10-10,41.98
2013-10-11,42.299999
2013-10-14,42.040001000000004
2013-10-15,42.290001000000004
2013-10-16,42.970001
2013-10-17,43.310001
2013-10-18,43.5
2013-10-21,43.98
2013-10-22,43.889998999999996
2013-10-23,43.59
2013-10-24,44.610001000000004
2013-10-25,44.490002000000004
2013-10-28,44.099998
2013-10-29,44.610001000000004
2013-10-30,44.200001
2013-10-31,45.080002
2013-11-01,45.709998999999996
2013-11-04,45.990002000000004
2013-11-05,45.849998
2013-11-06,46.34
2013-11-07,45.43
2013-11-08,46.119999
2013-11-11,46.099998
2013-11-12,46.43
2013-11-13,46.68
2013-11-14,46.939999
2013-11-15,47.02
2013-11-18,46.98
2013-11-19,46.330002
2013-11-20,46.259997999999996
2013-11-21,46.91
2013-11-22,46.919998
2013-11-25,46.630001
2013-11-26,47.18
2013-11-27,46.93
2013-11-29,47.02
2013-12-02,46.5
2013-12-03,46.02
2013-12-04,45.91
2013-12-05,45.619999
2013-12-06,46.23
2013-12-09,46.560001
2013-12-10,46.57
2013-12-11,46.009997999999996
2013-12-12,46.02
2013-12-13,46.57
2013-12-16,47.09
2013-12-17,46.84
2013-12-18,47.869999
2013-12-19,47.720001
2013-12-20,48.150002
2013-12-23,48.279999
2013-12-24,48.669998
2013-12-26,48.91
2013-12-27,48.779999
2013-12-30,49.009997999999996
2013-12-31,49.349998
2014-01-02,48.959998999999996
2014-01-03,48.650002
2014-01-06,48.450001
2014-01-07,48.66
2014-01-08,49.130001
2014-01-09,48.990002000000004
2014-01-10,49.279999
2014-01-13,48.75
2014-01-14,49.34
2014-01-15,49.82
2014-01-16,50.57
2014-01-17,50.619999
2014-01-21,50.790001000000004
2014-01-22,51.169998
2014-01-23,50.580002
2014-01-24,49.759997999999996
2014-01-27,49.049999
2014-01-28,49.700001
2014-01-29,48.860001000000004
2014-01-30,49.310001
2014-01-31,49.299999
2014-02-03,47.470001
2014-02-04,47.98
2014-02-05,47.889998999999996
2014-02-06,48.759997999999996
2014-02-07,49.240002000000004
2014-02-10,49.360001000000004
2014-02-11,49.689999
2014-02-12,49.650002
2014-02-13,50.110001000000004
2014-02-14,51.52
2014-02-18,51.380001
2014-02-19,51.540001000000004
2014-02-20,51.790001000000004
2014-02-21,52.509997999999996
2014-02-24,53.470001
2014-02-25,53.860001000000004
2014-02-26,53.439999
2014-02-27,53.860001000000004
2014-02-28,54.23
2014-03-03,53.290001000000004
2014-03-04,53.830002
2014-03-05,53.889998999999996
2014-03-06,54.599998
2014-03-07,54.790001000000004
2014-03-10,54.189999
2014-03-11,54.040001000000004
2014-03-12,54.029999
2014-03-13,53.709998999999996
2014-03-14,53.880001
2014-03-17,54.080002
2014-03-18,54.419998
2014-03-19,54.23
2014-03-20,54.0
2014-03-21,55.25
2014-03-24,55.150002
2014-03-25,55.48
2014-03-26,55.580002
2014-03-27,54.759997999999996
2014-03-28,55.439999
2014-03-31,56.02
2014-04-01,56.93
2014-04-02,56.919998
2014-04-03,56.59
2014-04-04,55.799999
2014-04-07,55.799999
2014-04-08,55.93
2014-04-09,56.669998
2014-04-10,55.32
2014-04-11,55.299999
2014-04-14,55.419998
2014-04-15,56.099998
2014-04-16,56.200001
2014-04-17,56.25
2014-04-21,56.240002000000004
2014-04-22,57.049999
2014-04-23,57.209998999999996
2014-04-24,57.630001
2014-04-25,57.23
2014-04-28,55.970001
2014-04-29,56.619999
2014-04-30,57.93
2014-05-01,58.549999
2014-05-02,59.09
2014-05-05,58.880001
2014-05-06,58.0
2014-05-07,58.110001000000004
2014-05-08,57.889998999999996
2014-05-09,58.169998
2014-05-12,59.220001
2014-05-13,58.869999
2014-05-14,58.580002
2014-05-15,57.93
2014-05-16,58.349998
2014-05-19,58.610001000000004
2014-05-20,58.889998999999996
2014-05-21,58.759997999999996
2014-05-22,58.759997999999996
2014-05-23,59.259997999999996
2014-05-27,59.450001
2014-05-28,59.439999
2014-05-29,60.68
2014-05-30,61.619999
2014-06-02,61.540001000000004
2014-06-03,61.490002000000004
2014-06-04,61.720001
2014-06-05,62.310001
2014-06-06,62.849998
2014-06-09,62.82
2014-06-10,62.700001
2014-06-11,61.77
2014-06-12,61.450001
2014-06-13,61.380001
2014-06-16,61.619999
2014-06-17,62.450001
2014-06-18,63.119999
2014-06-19,63.369999
2014-06-20,63.560001
2014-06-23,63.790001000000004
2014-06-24,63.580002
2014-06-25,63.43
2014-06-26,63.990002000000004
2014-06-27,63.98
2014-06-30,64.099998
2014-07-01,64.66999799999999
2014-07-02,65.360001
2014-07-03,65.559998
2014-07-07,65.870003
2014-07-08,64.91999799999999
2014-07-09,65.41999799999999
2014-07-10,65.57
2014-07-11,65.019997
2014-07-14,65.32
2014-07-15,64.980003
2014-07-16,64.720001
2014-07-17,63.380001
2014-07-18,64.900002
2014-07-21,64.970001
2014-07-22,66.110001
2014-07-23,66.470001
2014-07-24,66.83000200000001
2014-07-25,66.370003
2014-07-28,66.16999799999999
2014-07-29,65.690002
2014-07-30,65.410004
2014-07-31,64.709999
2014-08-01,64.879997
2014-08-04,65.989998
2014-08-05,64.910004
2014-08-06,64.510002
2014-08-07,64.239998
2014-08-08,64.940002
2014-08-11,65.720001
2014-08-12,65.57
2014-08-13,66.550003
2014-08-14,67.260002
2014-08-15,67.370003
2014-08-18,67.660004
2014-08-19,68.129997
2014-08-20,68.540001
2014-08-21,68.440002
2014-08-22,68.449997
2014-08-25,68.760002
2014-08-26,68.989998
2014-08-27,68.879997
2014-08-28,68.989998
2014-08-29,69.400002
2014-09-02,69.43
2014-09-03,70.0
2014-09-04,70.519997
2014-09-05,70.83000200000001
2014-09-08,71.07
2014-09-09,70.779999
2014-09-10,70.790001
2014-09-11,71.400002
2014-09-12,70.620003
2014-09-15,70.709999
2014-09-16,71.139999
2014-09-17,71.730003
2014-09-18,72.449997
2014-09-19,72.190002
2014-09-22,71.610001
2014-09-23,70.91999799999999
2014-09-24,71.389999
2014-09-25,70.519997
2014-09-26,70.720001
2014-09-29,70.440002
2014-09-30,69.900002
2014-10-01,67.940002
2014-10-02,66.800003
2014-10-03,68.099998
2014-10-06,67.33000200000001
2014-10-07,66.0
2014-10-08,66.16999799999999
2014-10-09,64.58000200000001
2014-10-10,63.549999
2014-10-13,61.709998999999996
2014-10-14,62.549999
2014-10-15,62.200001
2014-10-16,62.790001000000004
2014-10-17,65.010002
2014-10-20,67.019997
2014-10-21,68.41999799999999
2014-10-22,68.41999799999999
2014-10-23,68.43
2014-10-24,69.290001
2014-10-27,70.260002
2014-10-28,71.949997
2014-10-29,74.029999
2014-10-30,76.0
2014-10-31,75.75
2014-11-03,75.800003
2014-11-04,74.57
2014-11-05,74.900002
2014-11-06,75.25
2014-11-07,75.5
2014-11-10,76.559998
2014-11-11,77.139999
2014-11-12,77.300003
2014-11-13,78.089996
2014-11-14,77.959999
2014-11-17,77.16999799999999
2014-11-18,76.940002
2014-11-19,76.379997
2014-11-20,75.889999
2014-11-21,75.980003
2014-11-24,76.970001
2014-11-25,77.040001
2014-11-26,77.480003
2014-11-28,78.790001
2014-12-01,77.449997
2014-12-02,77.449997
2014-12-03,78.139999
2014-12-04,77.940002
2014-12-05,78.989998
2014-12-08,78.989998
2014-12-09,78.370003
2014-12-10,77.480003
2014-12-11,77.620003
2014-12-12,76.760002
2014-12-15,77.57
2014-12-16,76.279999
2014-12-17,76.739998
2014-12-18,77.349998
2014-12-19,77.43
2014-12-22,78.459999
2014-12-23,78.540001
2014-12-24,78.349998
2014-12-26,78.690002
2014-12-29,79.08000200000001
2014-12-30,78.300003
2014-12-31,78.029999
2015-01-02,77.75
2015-01-05,75.620003
2015-01-06,74.66999799999999
2015-01-07,76.379997
2015-01-08,78.910004
2015-01-09,78.730003
2015-01-12,77.910004
2015-01-13,77.41999799999999
2015-01-14,76.57
2015-01-15,76.099998
2015-01-16,75.889999
2015-01-20,76.32
2015-01-21,76.260002
2015-01-22,78.480003
2015-01-23,78.510002
2015-01-26,79.41999799999999
2015-01-27,78.610001
2015-01-28,76.900002
2015-01-29,77.110001
2015-01-30,74.5
2015-02-02,74.800003
2015-02-03,76.629997
2015-02-04,75.940002
2015-02-05,75.699997
2015-02-06,74.220001
2015-02-09,73.389999
2015-02-10,77.230003
2015-02-11,77.019997
2015-02-12,79.019997
2015-02-13,79.400002
2015-02-17,81.290001
2015-02-18,81.449997
2015-02-19,83.099998
2015-02-20,83.0
2015-02-23,82.949997
2015-02-24,82.25
2015-02-25,82.360001
2015-02-26,83.220001
2015-02-27,83.099998
2015-03-02,84.83000200000001
2015-03-03,83.910004
2015-03-04,83.150002
2015-03-05,82.900002
2015-03-06,81.519997
2015-03-09,82.480003
2015-03-10,81.260002
2015-03-11,81.07
2015-03-12,82.800003
2015-03-13,82.08000200000001
2015-03-16,83.489998
2015-03-17,82.440002
2015-03-18,83.230003
2015-03-19,84.309998
2015-03-20,84.040001
2015-03-23,84.269997
2015-03-24,82.25
2015-03-25,79.790001
2015-03-26,80.58000200000001
2015-03-27,80.82
2015-03-30,81.5
2015-03-31,80.32
2015-04-01,80.33000200000001
2015-04-02,80.150002
2015-04-06,80.279999
2015-04-07,79.150002
2015-04-08,80.190002
2015-04-09,80.220001
2015-04-10,80.32
2015-04-13,80.209999
2015-04-14,79.260002
2015-04-15,78.959999
2015-04-16,78.510002
2015-04-17,77.639999
2015-04-20,79.769997
2015-04-21,80.470001
2015-04-22,80.790001
2015-04-23,81.349998
2015-04-24,81.839996
2015-04-27,81.370003
2015-04-28,81.32
2015-04-29,83.870003
2015-04-30,80.050003
2015-05-01,80.970001
2015-05-04,80.510002
2015-05-05,78.209999
2015-05-06,78.82
2015-05-07,78.480003
2015-05-08,80.300003
2015-05-11,79.720001
2015-05-12,79.160004
2015-05-13,78.68
2015-05-14,80.58000200000001
2015-05-15,80.900002
2015-05-18,81.230003
2015-05-19,80.900002
2015-05-20,80.660004
2015-05-21,80.470001
2015-05-22,80.150002
2015-05-26,78.709999
2015-05-27,79.199997
2015-05-28,79.029999
2015-05-29,77.989998
2015-06-01,77.970001
2015-06-02,78.43
2015-06-03,79.379997
2015-06-04,78.480003
2015-06-05,78.379997
2015-06-08,76.959999
2015-06-09,77.32
2015-06-10,77.230003
2015-06-11,77.269997
2015-06-12,76.629997
2015-06-15,77.019997
2015-06-16,76.730003
2015-06-17,77.019997
2015-06-18,78.150002
2015-06-19,77.639999
2015-06-22,77.910004
2015-06-23,77.589996
2015-06-24,76.370003
2015-06-25,76.16999799999999
2015-06-26,76.019997
2015-06-29,73.83000200000001
2015-06-30,74.389999
2015-07-01,74.989998
2015-07-02,74.800003
2015-07-06,74.309998
2015-07-07,75.440002
2015-07-08,73.959999
2015-07-09,74.18
2015-07-10,75.970001
2015-07-13,76.980003
2015-07-14,77.260002
2015-07-15,77.360001
2015-07-16,78.25
2015-07-17,77.699997
2015-07-20,77.83000200000001
2015-07-21,76.599998
2015-07-22,76.93
2015-07-23,74.620003
2015-07-24,74.019997
2015-07-27,73.900002
2015-07-28,74.589996
2015-07-29,77.0
2015-07-30,72.639999
2015-07-31,72.610001
2015-08-03,72.57
2015-08-04,72.220001
2015-08-05,70.699997
2015-08-06,70.93
2015-08-07,71.370003
2015-08-10,72.550003
2015-08-11,72.139999
2015-08-12,72.269997
2015-08-13,72.300003
2015-08-14,71.849998
2015-08-17,72.940002
2015-08-18,72.379997
2015-08-19,71.910004
2015-08-20,70.0
2015-08-21,69.33000200000001
2015-08-24,66.690002
2015-08-25,66.559998
2015-08-26,69.91999799999999
2015-08-27,71.110001
2015-08-28,71.58000200000001
2015-08-31,70.660004
2015-09-01,69.089996
2015-09-02,70.91999799999999
2015-09-03,71.07
2015-09-04,70.019997
2015-09-08,72.41999799999999
2015-09-09,71.190002
2015-09-10,72.269997
2015-09-11,73.010002
2015-09-14,72.989998
2015-09-15,72.239998
2015-09-16,72.790001
2015-09-17,72.160004
2015-09-18,69.68
2015-09-21,70.220001
2015-09-22,68.050003
2015-09-23,67.720001
2015-09-24,68.199997
2015-09-25,68.5
2015-09-28,66.16999799999999
2015-09-29,65.440002
2015-09-30,68.199997
2015-10-01,70.110001
2015-10-02,71.459999
2015-10-05,72.760002
2015-10-06,71.910004
2015-10-07,74.16999799999999
2015-10-08,76.559998
2015-10-09,76.470001
2015-10-12,76.410004
2015-10-13,75.279999
2015-10-14,74.16999799999999
2015-10-15,74.839996
2015-10-16,73.83000200000001
2015-10-19,73.379997
2015-10-20,74.889999
2015-10-21,73.849998
2015-10-22,76.870003
2015-10-23,75.300003
2015-10-26,76.610001
2015-10-27,77.989998
2015-10-28,76.889999
2015-10-29,76.980003
2015-10-30,76.779999
2015-11-02,77.459999
2015-11-03,76.709999
2015-11-04,77.019997
2015-11-05,76.720001
2015-11-06,76.68
2015-11-09,75.760002
2015-11-10,76.519997
2015-11-11,75.459999
2015-11-12,74.519997
2015-11-13,72.739998
2015-11-16,73.720001
2015-11-17,72.769997
2015-11-18,72.230003
2015-11-19,72.57
2015-11-20,72.309998
2015-11-23,72.400002
2015-11-24,70.980003
2015-11-25,71.839996
2015-11-27,71.480003
2015-11-30,70.910004
2015-12-01,72.260002
2015-12-02,71.690002
2015-12-03,68.779999
2015-12-04,71.040001
2015-12-07,69.5
2015-12-08,69.58000200000001
2015-12-09,68.019997
2015-12-10,68.230003
2015-12-11,66.849998
2015-12-14,66.43
2015-12-15,66.620003
2015-12-16,67.160004
2015-12-17,66.029999
2015-12-18,65.110001
2015-12-21,65.16999799999999
2015-12-22,68.489998
2015-12-23,68.849998
2015-12-24,68.769997
2015-12-28,68.849998
2015-12-29,68.75
2015-12-30,68.019997
2015-12-31,67.040001
2016-01-04,65.379997
2016-01-05,65.589996
2016-01-06,63.619999
2016-01-07,61.82
2016-01-08,62.650002
2016-01-11,63.16
2016-01-12,64.32
2016-01-13,60.27
2016-01-14,60.740002000000004
2016-01-15,59.549999
2016-01-19,58.380001
2016-01-20,59.810001
2016-01-21,61.650002
2016-01-22,62.459998999999996
2016-01-25,60.119999
2016-01-26,61.939999
2016-01-27,60.639998999999996
2016-01-28,59.209998999999996
2016-01-29,61.279999
2016-02-01,61.419998
2016-02-02,59.07
2016-02-03,59.389998999999996
2016-02-04,60.709998999999996
2016-02-05,60.009997999999996
2016-02-08,59.439999
2016-02-09,60.77
2016-02-10,61.380001
2016-02-11,61.59
2016-02-12,63.799999
2016-02-16,65.059998
2016-02-17,66.68
2016-02-18,64.940002
2016-02-19,65.709999
2016-02-22,66.790001
2016-02-23,66.269997
2016-02-24,67.029999
2016-02-25,68.300003
2016-02-26,68.150002
2016-02-29,68.150002
2016-03-01,68.93
2016-03-02,68.83000200000001
2016-03-03,68.68
2016-03-04,68.980003
2016-03-07,69.540001
2016-03-08,68.410004
2016-03-09,68.589996
2016-03-10,67.959999
2016-03-11,68.889999
2016-03-14,70.93
2016-03-15,70.410004
2016-03-16,71.239998
2016-03-17,71.800003
2016-03-18,73.160004
2016-03-21,72.300003
2016-03-22,70.91999799999999
2016-03-23,69.599998
2016-03-24,68.639999
2016-03-28,71.339996
2016-03-29,70.699997
2016-03-30,71.550003
2016-03-31,71.18
2016-04-01,67.129997
2016-04-04,66.360001
2016-04-05,65.839996
2016-04-06,66.139999
2016-04-07,65.529999
2016-04-08,66.57
2016-04-11,67.120003
2016-04-12,67.339996
2016-04-13,67.629997
2016-04-14,67.839996
2016-04-15,67.91999799999999
2016-04-18,67.540001
2016-04-19,67.809998
2016-04-20,67.860001
2016-04-21,68.230003
2016-04-22,66.540001
2016-04-25,66.980003
2016-04-26,67.0
2016-04-27,68.68
2016-04-28,69.239998
2016-04-29,70.089996
2016-05-02,70.040001
2016-05-03,70.099998
2016-05-04,69.230003
2016-05-05,69.269997
2016-05-06,69.220001
2016-05-09,69.129997
2016-05-10,70.459999
2016-05-11,68.91999799999999
2016-05-12,67.970001
2016-05-13,66.879997
2016-05-16,67.709999
2016-05-17,67.260002
2016-05-18,65.709999
2016-05-19,64.970001
2016-05-20,64.980003
2016-05-23,64.860001
2016-05-24,65.370003
2016-05-25,66.199997
2016-05-26,65.559998
2016-05-27,66.309998
2016-05-31,66.040001
2016-06-01,67.150002
2016-06-02,68.519997
2016-06-03,68.029999
2016-06-06,67.849998
2016-06-07,67.309998
2016-06-08,67.559998
2016-06-09,67.220001
2016-06-10,66.489998
2016-06-13,65.959999
2016-06-14,65.379997
2016-06-15,65.720001
2016-06-16,65.589996
2016-06-17,66.470001
2016-06-20,67.839996
2016-06-21,67.709999
2016-06-22,67.75
2016-06-23,68.949997
2016-06-24,63.91
2016-06-27,61.209998999999996
2016-06-28,62.59
2016-06-29,64.900002
2016-06-30,66.459999
2016-07-01,67.790001
2016-07-05,67.089996
2016-07-06,67.849998
2016-07-07,68.360001
2016-07-08,69.849998
2016-07-11,70.120003
2016-07-12,71.260002
2016-07-13,70.120003
2016-07-14,70.449997
2016-07-15,70.199997
2016-07-18,70.389999
2016-07-19,70.150002
2016-07-20,69.870003
2016-07-21,70.379997
2016-07-22,70.989998
2016-07-25,71.209999
2016-07-26,71.66999799999999
2016-07-27,70.540001
2016-07-28,71.529999
2016-07-29,71.699997
2016-08-01,71.190002
2016-08-02,70.589996
2016-08-03,71.309998
2016-08-04,72.209999
2016-08-05,72.709999
2016-08-08,72.540001
2016-08-09,71.849998
2016-08-10,71.860001
2016-08-11,72.099998
2016-08-12,71.940002
2016-08-15,72.879997
2016-08-16,72.779999
2016-08-17,73.010002
2016-08-18,72.959999
2016-08-19,73.970001
2016-08-22,73.010002
2016-08-23,73.129997
2016-08-24,72.480003
2016-08-25,73.029999
2016-08-26,72.800003
2016-08-29,73.08000200000001
2016-08-30,72.33000200000001
2016-08-31,71.33000200000001
2016-09-01,71.129997
2016-09-02,70.959999
2016-09-06,70.089996
2016-09-07,70.400002
2016-09-08,70.029999
2016-09-09,67.160004
2016-09-12,68.82
2016-09-13,68.410004
2016-09-14,68.489998
2016-09-15,69.290001
2016-09-16,68.690002
2016-09-19,68.339996
2016-09-20,69.940002
2016-09-21,70.139999
2016-09-22,69.75
2016-09-23,68.440002
2016-09-26,67.150002
2016-09-27,67.050003
2016-09-28,67.379997
2016-09-29,67.099998
2016-09-30,67.33000200000001
2016-10-03,67.449997
2016-10-04,67.110001
2016-10-05,67.470001
2016-10-06,67.510002
2016-10-07,67.139999
2016-10-10,67.389999
2016-10-11,66.610001
2016-10-12,66.910004
2016-10-13,67.269997
2016-10-14,67.449997
2016-10-17,66.91999799999999
2016-10-18,67.83000200000001
2016-10-19,67.959999
2016-10-20,67.400002
2016-10-21,67.139999
2016-10-24,67.379997
2016-10-25,67.209999
2016-10-26,66.690002
2016-10-27,66.91999799999999
2016-10-28,67.440002
2016-10-31,68.699997
2016-11-01,68.32
2016-11-02,68.400002
2016-11-03,69.239998
2016-11-04,69.610001
2016-11-07,71.099998
2016-11-08,73.019997
2016-11-09,74.08000200000001
2016-11-10,73.41999799999999
2016-11-11,73.389999
2016-11-14,77.239998
2016-11-15,77.709999
2016-11-16,77.57
2016-11-17,77.470001
2016-11-18,77.139999
2016-11-21,77.290001
2016-11-22,77.849998
2016-11-23,78.08000200000001
2016-11-25,78.519997
2016-11-28,78.07
2016-11-29,79.110001
2016-11-30,78.779999
2016-12-01,79.82
2016-12-02,79.199997
2016-12-05,81.0
2016-12-06,82.08000200000001
2016-12-07,83.91999799999999
2016-12-08,83.489998
2016-12-09,83.550003
2016-12-12,83.910004
2016-12-13,84.400002
2016-12-14,83.940002
2016-12-15,84.33000200000001
2016-12-16,86.050003
2016-12-19,84.860001
2016-12-20,85.099998
2016-12-21,84.849998
2016-12-22,83.730003
2016-12-23,84.089996
2016-12-27,84.139999
2016-12-28,83.360001
2016-12-29,83.32
2016-12-30,82.68
