2008-12-31,19.75
2009-01-02,21.110001
2009-01-05,22.16
2009-01-06,23.34
2009-01-07,21.690001000000002
2009-01-08,22.370001000000002
2009-01-09,21.35
2009-01-12,20.459999
2009-01-13,21.610001
2009-01-14,19.49
2009-01-15,19.84
2009-01-16,19.99
2009-01-20,17.74
2009-01-21,19.290001
2009-01-22,18.120001000000002
2009-01-23,18.75
2009-01-26,18.950001
2009-01-27,18.6
2009-01-28,19.709999
2009-01-29,18.809998999999998
2009-01-30,19.190001000000002
2009-02-02,18.42
2009-02-03,19.059998999999998
2009-02-04,19.42
2009-02-05,20.17
2009-02-06,22.57
2009-02-09,23.02
2009-02-10,21.889999
2009-02-11,21.17
2009-02-12,21.35
2009-02-13,21.799999
2009-02-17,20.530001000000002
2009-02-18,20.110001
2009-02-19,19.84
2009-02-20,19.1
2009-02-23,17.68
2009-02-24,18.75
2009-02-25,18.82
2009-02-26,19.6
2009-02-27,19.33
2009-03-02,17.23
2009-03-03,18.16
2009-03-04,20.040001
2009-03-05,19.610001
2009-03-06,19.34
2009-03-09,19.440001000000002
2009-03-10,20.91
2009-03-11,20.799999
2009-03-12,21.879998999999998
2009-03-13,20.940001000000002
2009-03-16,21.389999
2009-03-17,22.780001000000002
2009-03-18,23.549999
2009-03-19,24.74
2009-03-20,23.07
2009-03-23,25.42
2009-03-24,24.77
2009-03-25,25.200001
2009-03-26,25.23
2009-03-27,24.1
2009-03-30,22.92
2009-03-31,22.700001
2009-04-01,23.23
2009-04-02,24.5
2009-04-03,25.51
2009-04-06,25.870001000000002
2009-04-07,24.66
2009-04-08,25.290001
2009-04-09,26.59
2009-04-13,26.780001000000002
2009-04-14,27.450001
2009-04-15,27.299999
2009-04-16,28.870001000000002
2009-04-17,28.77
2009-04-20,26.389999
2009-04-21,27.67
2009-04-22,27.5
2009-04-23,30.0
2009-04-24,32.5
2009-04-27,32.82
2009-04-28,31.620001000000002
2009-04-29,31.18
2009-04-30,31.18
2009-05-01,32.599998
2009-05-04,35.34
2009-05-05,32.580002
2009-05-06,34.540001000000004
2009-05-07,32.959998999999996
2009-05-08,36.009997999999996
2009-05-11,33.73
2009-05-12,33.48
2009-05-13,31.719998999999998
2009-05-14,32.610001000000004
2009-05-15,31.030001000000002
2009-05-18,33.209998999999996
2009-05-19,33.66
2009-05-20,34.880001
2009-05-21,33.77
2009-05-22,33.919998
2009-05-26,34.740002000000004
2009-05-27,35.209998999999996
2009-05-28,36.290001000000004
2009-05-29,36.119999
2009-06-01,37.66
2009-06-02,36.34
2009-06-03,34.580002
2009-06-04,36.049999
2009-06-05,36.18
2009-06-08,35.68
2009-06-09,35.700001
2009-06-10,36.18
2009-06-11,37.400002
2009-06-12,36.66
2009-06-15,35.740002000000004
2009-06-16,35.18
2009-06-17,33.950001
2009-06-18,33.82
2009-06-19,32.889998999999996
2009-06-22,30.690001000000002
2009-06-23,30.389999
2009-06-24,30.59
2009-06-25,31.07
2009-06-26,31.68
2009-06-29,32.240002000000004
2009-06-30,32.669998
2009-07-01,32.740002000000004
2009-07-02,31.690001000000002
2009-07-06,30.27
2009-07-07,29.51
2009-07-08,29.129998999999998
2009-07-09,30.219998999999998
2009-07-10,30.32
2009-07-13,31.18
2009-07-14,32.580002
2009-07-15,33.169998
2009-07-16,34.02
2009-07-17,34.619999
2009-07-20,35.459998999999996
2009-07-21,35.360001000000004
2009-07-22,35.52
2009-07-23,39.360001000000004
2009-07-24,40.529999
2009-07-27,40.59
2009-07-28,39.290001000000004
2009-07-29,37.970001
2009-07-30,39.27
2009-07-31,39.330002
2009-08-03,41.290001000000004
2009-08-04,40.900002
2009-08-05,40.82
2009-08-06,40.220001
2009-08-07,40.27
2009-08-10,40.150002
2009-08-11,39.25
2009-08-12,39.299999
2009-08-13,40.349998
2009-08-14,39.380001
2009-08-17,37.689999
2009-08-18,38.220001
2009-08-19,39.259997999999996
2009-08-20,40.34
2009-08-21,41.419998
2009-08-24,40.939999
2009-08-25,39.23
2009-08-26,39.029999
2009-08-27,39.099998
2009-08-28,39.880001
2009-08-31,38.689999
2009-09-01,38.41
2009-09-02,38.02
2009-09-03,38.049999
2009-09-04,39.119999
2009-09-08,40.389998999999996
2009-09-09,40.919998
2009-09-10,42.5
2009-09-11,42.990002000000004
2009-09-14,44.099998
2009-09-15,45.049999
2009-09-16,46.560001
2009-09-17,44.810001
2009-09-18,44.009997999999996
2009-09-21,43.450001
2009-09-22,43.950001
2009-09-23,43.0
2009-09-24,41.25
2009-09-25,41.189999
2009-09-28,41.830002
2009-09-29,42.200001
2009-09-30,42.560001
2009-10-01,41.380001
2009-10-02,41.529999
2009-10-05,43.779999
2009-10-06,45.759997999999996
2009-10-07,44.959998999999996
2009-10-08,45.950001
2009-10-09,45.66
2009-10-12,45.91
2009-10-13,46.630001
2009-10-14,47.720001
2009-10-15,48.529999
2009-10-16,47.939999
2009-10-19,49.25
2009-10-20,49.16
2009-10-21,48.040001000000004
2009-10-22,47.5
2009-10-23,46.080002
2009-10-26,45.25
2009-10-27,45.299999
2009-10-28,42.02
2009-10-29,43.630001
2009-10-30,41.02
2009-11-02,41.849998
2009-11-03,43.360001000000004
2009-11-04,42.139998999999996
2009-11-05,43.439999
2009-11-06,42.869999
2009-11-09,45.09
2009-11-10,45.630001
2009-11-11,46.07
2009-11-12,43.799999
2009-11-13,44.18
2009-11-16,45.360001000000004
2009-11-17,43.950001
2009-11-18,43.950001
2009-11-19,42.380001
2009-11-20,41.119999
2009-11-23,41.970001
2009-11-24,42.880001
2009-11-25,43.73
2009-11-27,42.419998
2009-11-30,42.279999
2009-12-01,43.450001
2009-12-02,42.650002
2009-12-03,41.240002000000004
2009-12-04,41.07
2009-12-07,41.02
2009-12-08,39.990002000000004
2009-12-09,39.669998
2009-12-10,41.66
2009-12-11,41.18
2009-12-14,44.419998
2009-12-15,45.560001
2009-12-16,46.310001
2009-12-17,46.330002
2009-12-18,47.259997999999996
2009-12-21,47.869999
2009-12-22,48.080002
2009-12-23,50.029999
2009-12-24,50.43
2009-12-28,49.77
2009-12-29,49.529999
2009-12-30,49.32
2009-12-31,48.23
2010-01-04,49.919998
2010-01-05,50.650002
2010-01-06,51.139998999999996
2010-01-07,50.380001
2010-01-08,50.459998999999996
2010-01-11,49.639998999999996
2010-01-12,48.939999
2010-01-13,50.619999
2010-01-14,53.169998
2010-01-15,52.939999
2010-01-19,53.34
2010-01-20,52.52
2010-01-21,52.330002
2010-01-22,50.560001
2010-01-25,51.490002000000004
2010-01-26,50.619999
2010-01-27,49.200001
2010-01-28,49.509997999999996
2010-01-29,48.939999
2010-02-01,51.950001
2010-02-02,53.27
2010-02-03,51.939999
2010-02-04,49.290001000000004
2010-02-05,49.799999
2010-02-08,49.139998999999996
2010-02-09,49.889998999999996
2010-02-10,49.869999
2010-02-11,51.099998
2010-02-12,52.02
2010-02-16,52.689999
2010-02-17,50.75
2010-02-18,50.68
2010-02-19,50.619999
2010-02-22,49.34
2010-02-23,48.0
2010-02-24,49.18
2010-02-25,50.150002
2010-02-26,51.07
2010-03-01,52.139998999999996
2010-03-02,52.93
2010-03-03,53.650002
2010-03-04,52.400002
2010-03-05,52.84
2010-03-08,52.66
2010-03-09,52.57
2010-03-10,54.310001
2010-03-11,54.860001000000004
2010-03-12,54.810001
2010-03-15,53.639998999999996
2010-03-16,54.25
2010-03-17,54.220001
2010-03-18,51.34
2010-03-19,49.98
2010-03-22,49.529999
2010-03-23,50.59
2010-03-24,49.869999
2010-03-25,48.349998
2010-03-26,47.59
2010-03-29,49.860001000000004
2010-03-30,50.630001
2010-03-31,52.049999
2010-04-01,54.330002
2010-04-05,55.490002000000004
2010-04-06,55.779999
2010-04-07,55.57
2010-04-08,55.470001
2010-04-09,55.209998999999996
2010-04-12,54.360001000000004
2010-04-13,53.799999
2010-04-14,54.0
2010-04-15,53.73
2010-04-16,52.740002000000004
2010-04-19,52.610001000000004
2010-04-20,54.060001
2010-04-21,53.66
2010-04-22,53.709998999999996
2010-04-23,56.740002000000004
2010-04-26,57.150002
2010-04-27,55.689999
2010-04-28,57.119999
2010-04-29,58.02
2010-04-30,58.189999
2010-05-03,59.259997999999996
2010-05-04,57.75
2010-05-05,54.66
2010-05-06,53.150002
2010-05-07,51.080002
2010-05-10,54.779999
2010-05-11,54.34
2010-05-12,56.689999
2010-05-13,56.34
2010-05-14,53.970001
2010-05-17,52.509997999999996
2010-05-18,51.439999
2010-05-19,50.07
2010-05-20,46.599998
2010-05-21,48.099998
2010-05-24,47.099998
2010-05-25,47.740002000000004
2010-05-26,48.029999
2010-05-27,51.0
2010-05-28,52.060001
2010-06-01,49.470001
2010-06-02,51.389998999999996
2010-06-03,52.18
2010-06-04,49.91
2010-06-07,49.939999
2010-06-08,51.650002
2010-06-09,51.630001
2010-06-10,53.799999
2010-06-11,54.389998999999996
2010-06-14,54.23
2010-06-15,57.049999
2010-06-16,56.75
2010-06-17,56.279999
2010-06-18,55.509997999999996
2010-06-21,55.970001
2010-06-22,53.509997999999996
2010-06-23,53.43
2010-06-24,52.099998
2010-06-25,52.27
2010-06-28,51.759997999999996
2010-06-29,49.16
2010-06-30,48.860001000000004
2010-07-01,47.790001000000004
2010-07-02,47.330002
2010-07-06,48.529999
2010-07-07,51.060001
2010-07-08,52.450001
2010-07-09,52.029999
2010-07-12,50.869999
2010-07-13,51.459998999999996
2010-07-14,51.380001
2010-07-15,51.259997999999996
2010-07-16,49.560001
2010-07-19,50.09
2010-07-20,51.27
2010-07-21,50.110001000000004
2010-07-22,52.209998999999996
2010-07-23,51.5
2010-07-26,52.639998999999996
2010-07-27,53.360001000000004
2010-07-28,53.41
2010-07-29,53.200001
2010-07-30,53.459998999999996
2010-08-02,54.990002000000004
2010-08-03,54.419998
2010-08-04,54.830002
2010-08-05,54.810001
2010-08-06,54.220001
2010-08-09,55.650002
2010-08-10,55.34
2010-08-11,52.720001
2010-08-12,51.349998
2010-08-13,50.599998
2010-08-16,50.34
2010-08-17,52.369999
2010-08-18,51.830002
2010-08-19,50.919998
2010-08-20,49.509997999999996
2010-08-23,49.419998
2010-08-24,48.209998999999996
2010-08-25,46.98
2010-08-26,46.75
2010-08-27,47.790001000000004
2010-08-30,48.450001
2010-08-31,48.009997999999996
2010-09-01,49.240002000000004
2010-09-02,50.009997999999996
2010-09-03,51.16
2010-09-07,50.27
2010-09-08,50.650002
2010-09-09,50.669998
2010-09-10,51.27
2010-09-13,52.66
2010-09-14,52.900002
2010-09-15,52.560001
2010-09-16,53.310001
2010-09-17,53.009997999999996
2010-09-20,53.98
2010-09-21,53.689999
2010-09-22,53.169998
2010-09-23,53.490002000000004
2010-09-24,55.18
2010-09-27,55.700001
2010-09-28,56.259997999999996
2010-09-29,57.310001
2010-09-30,57.439999
2010-10-01,58.639998999999996
2010-10-04,57.0
2010-10-05,57.52
2010-10-06,57.709998999999996
2010-10-07,57.689999
2010-10-08,58.490002000000004
2010-10-11,58.869999
2010-10-12,58.419998
2010-10-13,59.84
2010-10-14,59.75
2010-10-15,59.669998
2010-10-18,59.77
2010-10-19,58.009997999999996
2010-10-20,58.849998
2010-10-21,58.91
2010-10-22,59.110001000000004
2010-10-25,59.990002000000004
2010-10-26,60.139998999999996
2010-10-27,58.740002000000004
2010-10-28,58.869999
2010-10-29,59.619999
2010-11-01,59.060001
2010-11-02,60.73
2010-11-03,60.830002
2010-11-04,63.759997999999996
2010-11-05,64.589996
2010-11-08,65.099998
2010-11-09,64.41999799999999
2010-11-10,66.230003
2010-11-11,66.300003
2010-11-12,65.800003
2010-11-15,65.379997
2010-11-16,63.900002
2010-11-17,64.220001
2010-11-18,66.209999
2010-11-19,67.809998
2010-11-22,68.010002
2010-11-23,66.889999
2010-11-24,67.599998
2010-11-26,66.790001
2010-11-29,66.949997
2010-11-30,66.83000200000001
2010-12-01,68.449997
2010-12-02,69.720001
2010-12-03,70.129997
2010-12-06,70.870003
2010-12-07,71.480003
2010-12-08,70.07
2010-12-09,70.040001
2010-12-10,72.370003
2010-12-13,71.459999
2010-12-14,71.120003
2010-12-15,71.529999
2010-12-16,71.68
2010-12-17,71.010002
2010-12-20,71.209999
2010-12-21,73.040001
2010-12-22,73.0
2010-12-23,72.93
2010-12-27,71.459999
2010-12-28,71.989998
2010-12-29,72.480003
2010-12-30,72.019997
2010-12-31,72.110001
2011-01-03,72.790001
2011-01-04,71.279999
2011-01-05,72.370003
2011-01-06,71.059998
2011-01-07,70.82
2011-01-10,72.050003
2011-01-11,71.050003
2011-01-12,72.730003
2011-01-13,71.860001
2011-01-14,71.059998
2011-01-18,71.879997
2011-01-19,69.949997
2011-01-20,68.779999
2011-01-21,68.339996
2011-01-24,68.220001
2011-01-25,67.66999799999999
2011-01-26,69.900002
2011-01-27,69.059998
2011-01-28,69.040001
2011-01-31,73.16999799999999
2011-02-01,74.120003
2011-02-02,74.730003
2011-02-03,74.480003
2011-02-04,74.699997
2011-02-07,73.040001
2011-02-08,71.879997
2011-02-09,70.489998
2011-02-10,70.809998
2011-02-11,70.910004
2011-02-14,72.040001
2011-02-15,71.489998
2011-02-16,71.57
2011-02-17,69.199997
2011-02-18,68.529999
2011-02-22,65.980003
2011-02-23,68.059998
2011-02-24,69.32
2011-02-25,72.139999
2011-02-28,72.790001
2011-03-01,70.57
2011-03-02,70.150002
2011-03-03,70.639999
2011-03-04,72.010002
2011-03-07,72.010002
2011-03-08,70.160004
2011-03-09,71.33000200000001
2011-03-10,68.459999
2011-03-11,70.389999
2011-03-14,71.059998
2011-03-15,69.68
2011-03-16,68.459999
2011-03-17,70.809998
2011-03-18,72.059998
2011-03-21,75.230003
2011-03-22,75.58000200000001
2011-03-23,73.239998
2011-03-24,72.769997
2011-03-25,75.68
2011-03-28,74.41999799999999
2011-03-29,76.449997
2011-03-30,76.07
2011-03-31,76.010002
2011-04-01,75.879997
2011-04-04,75.220001
2011-04-05,75.650002
2011-04-06,75.07
2011-04-07,75.25
2011-04-08,75.959999
2011-04-11,72.589996
2011-04-12,70.489998
2011-04-13,70.699997
2011-04-14,70.18
2011-04-15,71.099998
2011-04-18,69.93
2011-04-19,71.699997
2011-04-20,72.459999
2011-04-21,71.690002
2011-04-25,70.41999799999999
2011-04-26,70.190002
2011-04-27,69.709999
2011-04-28,69.860001
2011-04-29,70.800003
2011-05-02,70.08000200000001
2011-05-03,67.370003
2011-05-04,66.879997
2011-05-05,66.18
2011-05-06,67.599998
2011-05-09,70.639999
2011-05-10,71.120003
2011-05-11,69.150002
2011-05-12,69.769997
2011-05-13,70.07
2011-05-16,69.720001
2011-05-17,69.43
2011-05-18,73.010002
2011-05-19,73.279999
2011-05-20,74.900002
2011-05-23,72.849998
2011-05-24,72.879997
2011-05-25,73.790001
2011-05-26,73.709999
2011-05-27,74.150002
2011-05-31,74.589996
2011-06-01,71.839996
2011-06-02,72.709999
2011-06-03,72.75
2011-06-06,70.809998
2011-06-07,68.709999
2011-06-08,68.360001
2011-06-09,68.43
2011-06-10,67.809998
2011-06-13,65.510002
2011-06-14,66.400002
2011-06-15,64.050003
2011-06-16,63.740002000000004
2011-06-17,63.700001
2011-06-20,62.93
2011-06-21,65.860001
2011-06-22,65.860001
2011-06-23,65.709999
2011-06-24,64.82
2011-06-27,64.970001
2011-06-28,66.629997
2011-06-29,68.190002
2011-06-30,68.019997
2011-07-01,69.25
2011-07-05,70.32
2011-07-06,69.879997
2011-07-07,70.440002
2011-07-08,69.839996
2011-07-11,67.050003
2011-07-12,67.589996
2011-07-13,68.08000200000001
2011-07-14,66.900002
2011-07-15,69.779999
2011-07-18,69.019997
2011-07-19,71.33000200000001
2011-07-20,71.599998
2011-07-21,72.849998
2011-07-22,72.910004
2011-07-25,72.040001
2011-07-26,72.0
2011-07-27,69.059998
2011-07-28,68.040001
2011-07-29,67.41999799999999
2011-08-01,66.910004
2011-08-02,64.529999
2011-08-03,64.019997
2011-08-04,58.369999
2011-08-05,55.540001000000004
2011-08-08,49.310001
2011-08-09,52.139998999999996
2011-08-10,49.580002
2011-08-11,53.700001
2011-08-12,54.5
2011-08-15,56.200001
2011-08-16,53.18
2011-08-17,53.400002
2011-08-18,48.470001
2011-08-19,46.740002000000004
2011-08-22,45.549999
2011-08-23,47.529999
2011-08-24,48.330002
2011-08-25,46.57
2011-08-26,48.099998
2011-08-29,49.450001
2011-08-30,50.369999
2011-08-31,51.049999
2011-09-01,50.150002
2011-09-02,47.990002000000004
2011-09-06,47.080002
2011-09-07,49.860001000000004
2011-09-08,49.98
2011-09-09,47.599998
2011-09-12,46.299999
2011-09-13,46.810001
2011-09-14,48.18
2011-09-15,48.970001
2011-09-16,48.959998999999996
2011-09-19,48.509997999999996
2011-09-20,47.619999
2011-09-21,44.299999
2011-09-22,40.790001000000004
2011-09-23,40.32
2011-09-26,42.23
2011-09-27,43.400002
2011-09-28,41.34
2011-09-29,40.82
2011-09-30,39.689999
2011-10-03,37.009997999999996
2011-10-04,39.150002
2011-10-05,41.259997999999996
2011-10-06,42.349998
2011-10-07,40.650002
2011-10-10,43.130001
2011-10-11,42.34
2011-10-12,42.419998
2011-10-13,40.799999
2011-10-14,41.68
2011-10-17,40.509997999999996
2011-10-18,41.139998999999996
2011-10-19,42.049999
2011-10-20,35.810001
2011-10-21,36.73
2011-10-24,37.150002
2011-10-25,37.189999
2011-10-26,38.139998999999996
2011-10-27,40.720001
2011-10-28,42.0
2011-10-31,40.259997999999996
2011-11-01,38.75
2011-11-02,41.09
2011-11-03,42.310001
2011-11-04,42.919998
2011-11-07,42.16
2011-11-08,42.830002
2011-11-09,40.220001
2011-11-10,42.43
2011-11-11,44.009997999999996
2011-11-14,43.139998999999996
2011-11-15,42.93
2011-11-16,42.41
2011-11-17,40.599998
2011-11-18,40.869999
2011-11-21,40.779999
2011-11-22,39.990002000000004
2011-11-23,38.849998
2011-11-25,38.540001000000004
2011-11-28,41.189999
2011-11-29,42.259997999999996
2011-11-30,45.799999
2011-12-01,45.919998
2011-12-02,45.599998
2011-12-05,44.029999
2011-12-06,43.32
2011-12-07,43.169998
2011-12-08,41.41
2011-12-09,41.880001
2011-12-12,40.290001000000004
2011-12-13,39.02
2011-12-14,37.619999
2011-12-15,36.970001
2011-12-16,37.009997999999996
2011-12-19,35.889998999999996
2011-12-20,37.619999
2011-12-21,37.060001
2011-12-22,38.029999
2011-12-23,37.59
2011-12-27,37.689999
2011-12-28,37.200001
2011-12-29,37.950001
2011-12-30,37.73
2012-01-03,39.599998
2012-01-04,39.189999
2012-01-05,38.689999
2012-01-06,38.18
2012-01-09,38.919998
2012-01-10,39.490002000000004
2012-01-11,38.299999
2012-01-12,38.299999
2012-01-13,38.16
2012-01-17,38.549999
2012-01-18,39.330002
2012-01-19,39.259997999999996
2012-01-20,38.759997999999996
2012-01-23,40.040001000000004
2012-01-24,39.889998999999996
2012-01-25,41.279999
2012-01-26,39.540001000000004
2012-01-27,39.779999
2012-01-30,38.630001
2012-01-31,37.810001
2012-02-01,37.32
2012-02-02,37.59
2012-02-03,38.290001000000004
2012-02-06,38.799999
2012-02-07,38.279999
2012-02-08,38.169998
2012-02-09,38.27
2012-02-10,38.18
2012-02-13,38.16
2012-02-14,39.43
2012-02-15,39.869999
2012-02-16,41.380001
2012-02-17,42.0
2012-02-21,42.25
2012-02-22,36.880001
2012-02-23,36.959998999999996
2012-02-24,36.599998
2012-02-27,36.09
2012-02-28,36.049999
2012-02-29,36.0
2012-03-01,36.060001
2012-03-02,35.470001
2012-03-05,35.040001000000004
2012-03-06,34.23
2012-03-07,34.759997999999996
2012-03-08,35.560001
2012-03-09,35.549999
2012-03-12,35.189999
2012-03-13,35.82
2012-03-14,35.650002
2012-03-15,36.0
2012-03-16,36.27
2012-03-19,36.040001000000004
2012-03-20,35.439999
2012-03-21,35.169998
2012-03-22,34.549999
2012-03-23,35.799999
2012-03-26,35.389998999999996
2012-03-27,34.77
2012-03-28,34.490002000000004
2012-03-29,34.07
2012-03-30,34.68
2012-04-02,35.220001
2012-04-03,35.200001
2012-04-04,35.459998999999996
2012-04-05,35.119999
2012-04-09,34.220001
2012-04-10,33.09
2012-04-11,32.290001000000004
2012-04-12,33.720001
2012-04-13,32.880001
2012-04-16,32.32
2012-04-17,33.779999
2012-04-18,32.75
2012-04-19,32.669998
2012-04-20,32.48
2012-04-23,32.48
2012-04-24,33.709998999999996
2012-04-25,35.18
2012-04-26,35.75
2012-04-27,35.950001
2012-04-30,35.900002
2012-05-01,36.23
2012-05-02,35.43
2012-05-03,34.950001
2012-05-04,34.389998999999996
2012-05-07,33.91
2012-05-08,33.540001000000004
2012-05-09,33.040001000000004
2012-05-10,32.860001000000004
2012-05-11,32.259997999999996
2012-05-14,31.52
2012-05-15,29.9
2012-05-16,29.57
2012-05-17,28.42
2012-05-18,28.24
2012-05-21,29.43
2012-05-22,29.24
2012-05-23,29.879998999999998
2012-05-24,29.719998999999998
2012-05-25,31.059998999999998
2012-05-29,32.139998999999996
2012-05-30,30.559998999999998
2012-05-31,29.959999
2012-06-01,28.33
2012-06-04,28.059998999999998
2012-06-05,28.43
2012-06-06,29.190001000000002
2012-06-07,29.0
2012-06-08,29.200001
2012-06-11,27.559998999999998
2012-06-12,27.6
2012-06-13,26.77
2012-06-14,26.620001000000002
2012-06-15,26.969998999999998
2012-06-18,26.559998999999998
2012-06-19,27.610001
2012-06-20,27.1
2012-06-21,25.52
2012-06-22,26.540001
2012-06-25,25.809998999999998
2012-06-26,25.469998999999998
2012-06-27,26.24
2012-06-28,27.5
2012-06-29,29.309998999999998
2012-07-02,29.41
2012-07-03,29.969998999999998
2012-07-05,30.0
2012-07-06,29.25
2012-07-09,29.23
2012-07-10,28.190001000000002
2012-07-11,28.66
2012-07-12,29.040001
2012-07-13,30.02
2012-07-16,30.32
2012-07-17,31.379998999999998
2012-07-18,31.469998999999998
2012-07-19,32.650002
2012-07-20,32.049999
2012-07-23,31.41
2012-07-24,30.469998999999998
2012-07-25,29.879998999999998
2012-07-26,30.959999
2012-07-27,31.24
2012-07-30,31.030001000000002
2012-07-31,30.530001000000002
2012-08-01,30.59
2012-08-02,29.370001000000002
2012-08-03,30.040001
2012-08-06,30.18
2012-08-07,31.67
2012-08-08,31.52
2012-08-09,32.380001
2012-08-10,32.110001000000004
2012-08-13,31.809998999999998
2012-08-14,31.950001
2012-08-15,32.34
2012-08-16,32.959998999999996
2012-08-17,32.349998
2012-08-20,32.220001
2012-08-21,32.009997999999996
2012-08-22,32.130001
2012-08-23,31.35
2012-08-24,31.709999
2012-08-27,31.790001
2012-08-28,31.790001
2012-08-29,31.51
2012-08-30,31.639999
2012-08-31,32.630001
2012-09-04,32.990002000000004
2012-09-05,32.419998
2012-09-06,33.040001000000004
2012-09-07,33.34
2012-09-10,33.400002
2012-09-11,33.990002000000004
2012-09-12,33.75
2012-09-13,34.380001
2012-09-14,35.209998999999996
2012-09-17,34.889998999999996
2012-09-18,34.27
2012-09-19,33.450001
2012-09-20,32.57
2012-09-21,33.049999
2012-09-24,32.310001
2012-09-25,31.950001
2012-09-26,31.280001000000002
2012-09-27,31.559998999999998
2012-09-28,31.32
2012-10-01,31.379998999999998
2012-10-02,31.200001
2012-10-03,30.110001
2012-10-04,30.360001
2012-10-05,30.540001
2012-10-08,30.74
2012-10-09,32.619999
2012-10-10,32.950001
2012-10-11,33.360001000000004
2012-10-12,33.130001
2012-10-15,33.279999
2012-10-16,34.009997999999996
2012-10-17,34.470001
2012-10-18,34.639998999999996
2012-10-19,34.139998999999996
2012-10-22,33.950001
2012-10-23,33.32
2012-10-24,27.459999
2012-10-25,27.23
2012-10-26,27.08
2012-10-31,27.120001000000002
2012-11-01,26.950001
2012-11-02,26.33
2012-11-05,26.549999
2012-11-06,26.450001
2012-11-07,25.51
2012-11-08,25.02
2012-11-09,25.190001000000002
2012-11-12,24.99
2012-11-13,24.940001000000002
2012-11-14,24.35
2012-11-15,24.27
2012-11-16,24.26
2012-11-19,24.440001000000002
2012-11-20,23.879998999999998
2012-11-21,23.98
2012-11-23,24.139999
2012-11-26,24.15
2012-11-27,24.110001
2012-11-28,23.950001
2012-11-29,24.15
2012-11-30,24.34
2012-12-03,24.41
2012-12-04,24.26
2012-12-05,25.17
2012-12-06,25.0
2012-12-07,25.790001
2012-12-10,26.01
2012-12-11,26.620001000000002
2012-12-12,26.530001000000002
2012-12-13,25.870001000000002
2012-12-14,25.76
2012-12-17,26.370001000000002
2012-12-18,27.15
2012-12-19,26.969998999999998
2012-12-20,27.16
2012-12-21,26.969998999999998
2012-12-24,26.559998999999998
2012-12-26,26.27
2012-12-27,26.280001000000002
2012-12-28,25.790001
2012-12-31,26.780001000000002
2013-01-02,27.26
2013-01-03,27.51
2013-01-04,28.030001000000002
2013-01-07,27.719998999999998
2013-01-08,27.280001000000002
2013-01-09,27.290001
2013-01-10,28.190001000000002
2013-01-11,28.0
2013-01-14,27.75
2013-01-15,28.040001
2013-01-16,28.41
2013-01-17,28.549999
2013-01-18,28.639999
2013-01-22,29.139999
2013-01-23,28.65
2013-01-24,28.549999
2013-01-25,28.889999
2013-01-28,28.75
2013-01-29,29.309998999999998
2013-01-30,29.700001
2013-01-31,29.5
2013-02-01,29.549999
2013-02-04,29.25
2013-02-05,29.83
2013-02-06,29.77
2013-02-07,29.620001000000002
2013-02-08,29.690001000000002
2013-02-11,29.450001
2013-02-12,29.43
2013-02-13,29.790001
2013-02-14,28.110001
2013-02-15,27.15
2013-02-19,27.299999
2013-02-20,24.75
2013-02-21,24.43
2013-02-22,24.92
2013-02-25,23.790001
2013-02-26,23.540001
2013-02-27,23.24
2013-02-28,23.120001000000002
2013-03-01,23.059998999999998
2013-03-04,22.49
2013-03-05,22.73
2013-03-06,23.15
2013-03-07,23.33
2013-03-08,23.719998999999998
2013-03-11,23.870001000000002
2013-03-12,23.530001000000002
2013-03-13,23.84
2013-03-14,24.17
2013-03-15,24.110001
2013-03-18,23.59
2013-03-19,23.389999
2013-03-20,23.379998999999998
2013-03-21,22.959999
2013-03-22,22.860001
2013-03-25,22.549999
2013-03-26,22.639999
2013-03-27,22.379998999999998
2013-03-28,22.42
2013-04-01,21.93
2013-04-02,22.1
2013-04-03,21.99
2013-04-04,21.469998999999998
2013-04-05,22.139999
2013-04-08,22.370001000000002
2013-04-09,22.719998999999998
2013-04-10,22.66
2013-04-11,22.629998999999998
2013-04-12,21.700001
2013-04-15,20.17
2013-04-16,20.09
2013-04-17,20.43
2013-04-18,20.790001
2013-04-19,20.040001
2013-04-22,19.950001
2013-04-23,19.84
2013-04-24,21.309998999999998
2013-04-25,21.91
2013-04-26,22.389999
2013-04-29,22.01
2013-04-30,21.790001
2013-05-01,21.709999
2013-05-02,22.07
2013-05-03,22.780001000000002
2013-05-06,22.91
2013-05-07,23.139999
2013-05-08,22.879998999999998
2013-05-09,22.57
2013-05-10,23.65
2013-05-13,23.299999
2013-05-14,23.77
2013-05-15,23.790001
2013-05-16,23.299999
2013-05-17,23.58
2013-05-20,24.25
2013-05-21,24.66
2013-05-22,24.639999
2013-05-23,24.780001000000002
2013-05-24,24.360001
2013-05-28,24.700001
2013-05-29,24.889999
2013-05-30,24.889999
2013-05-31,23.790001
2013-06-03,23.93
2013-06-04,23.75
2013-06-05,23.290001
2013-06-06,22.969998999999998
2013-06-07,23.540001
2013-06-10,23.610001
2013-06-11,22.780001000000002
2013-06-12,22.370001000000002
2013-06-13,22.83
2013-06-14,22.5
2013-06-17,23.01
2013-06-18,23.940001000000002
2013-06-19,24.43
2013-06-20,23.25
2013-06-21,23.559998999999998
2013-06-24,23.42
2013-06-25,24.059998999999998
2013-06-26,24.129998999999998
2013-06-27,24.15
2013-06-28,23.889999
2013-07-01,24.16
2013-07-02,24.1
2013-07-03,23.93
2013-07-05,24.51
2013-07-08,24.860001
2013-07-09,25.0
2013-07-10,25.200001
2013-07-11,25.469998999999998
2013-07-12,25.75
2013-07-15,25.709999
2013-07-16,26.16
2013-07-17,26.66
2013-07-18,27.07
2013-07-19,27.690001000000002
2013-07-22,27.09
2013-07-23,26.889999
2013-07-24,26.48
2013-07-25,24.799999
2013-07-26,24.780001000000002
2013-07-29,24.459999
2013-07-30,24.469998999999998
2013-07-31,24.6
2013-08-01,25.09
2013-08-02,24.549999
2013-08-05,24.790001
2013-08-06,24.24
2013-08-07,23.91
2013-08-08,24.559998999999998
2013-08-09,24.65
2013-08-12,24.469998999999998
2013-08-13,24.48
2013-08-14,23.540001
2013-08-15,23.889999
2013-08-16,23.780001000000002
2013-08-19,22.940001000000002
2013-08-20,23.110001
2013-08-21,22.73
2013-08-22,23.370001000000002
2013-08-23,23.52
2013-08-26,23.610001
2013-08-27,23.42
2013-08-28,23.98
2013-08-29,23.68
2013-08-30,23.82
2013-09-03,23.74
2013-09-04,23.700001
2013-09-05,23.85
2013-09-06,23.860001
2013-09-09,24.219998999999998
2013-09-10,24.25
2013-09-11,26.07
2013-09-12,25.76
2013-09-13,25.6
2013-09-16,25.790001
2013-09-17,26.049999
2013-09-18,26.67
2013-09-19,26.49
2013-09-20,26.83
2013-09-23,27.049999
2013-09-24,27.74
2013-09-25,28.02
2013-09-26,27.6
2013-09-27,27.379998999999998
2013-09-30,27.370001000000002
2013-10-01,27.9
2013-10-02,27.879998999999998
2013-10-03,28.02
2013-10-04,28.700001
2013-10-07,28.540001
2013-10-08,28.290001
2013-10-09,28.16
2013-10-10,28.48
2013-10-11,29.17
2013-10-14,29.4
2013-10-15,29.200001
2013-10-16,29.780001000000002
2013-10-17,29.959999
2013-10-18,30.34
2013-10-21,30.860001
2013-10-22,31.68
2013-10-23,30.74
2013-10-24,31.290001
2013-10-25,31.26
2013-10-28,31.32
2013-10-29,31.41
2013-10-30,30.559998999999998
2013-10-31,30.450001
2013-11-01,30.450001
2013-11-04,31.02
2013-11-05,30.799999
2013-11-06,30.09
2013-11-07,29.030001000000002
2013-11-08,29.459999
2013-11-11,29.77
2013-11-12,29.59
2013-11-13,29.610001
2013-11-14,29.549999
2013-11-15,29.67
2013-11-18,29.18
2013-11-19,29.23
2013-11-20,29.34
2013-11-21,29.790001
2013-11-22,30.030001000000002
2013-11-25,28.98
2013-11-26,29.48
2013-11-27,28.26
2013-11-29,28.1
2013-12-02,28.299999
2013-12-03,28.32
2013-12-04,28.389999
2013-12-05,27.66
2013-12-06,26.43
2013-12-09,24.33
2013-12-10,23.709999
2013-12-11,23.85
2013-12-12,23.52
2013-12-13,23.360001
2013-12-16,23.01
2013-12-17,23.15
2013-12-18,23.280001000000002
2013-12-19,23.85
2013-12-20,23.98
2013-12-23,24.120001000000002
2013-12-24,24.129998999999998
2013-12-26,24.07
2013-12-27,24.540001
2013-12-30,24.030001000000002
2013-12-31,24.629998999999998
2014-01-02,24.370001000000002
2014-01-03,24.389999
2014-01-06,23.799999
2014-01-07,24.65
2014-01-08,24.25
2014-01-09,24.77
2014-01-10,25.690001000000002
2014-01-13,25.08
2014-01-14,25.0
2014-01-15,25.280001000000002
2014-01-16,25.24
2014-01-17,25.09
2014-01-21,25.540001
2014-01-22,25.92
2014-01-23,25.34
2014-01-24,24.709999
2014-01-27,24.280001000000002
2014-01-28,24.620001000000002
2014-01-29,24.25
2014-01-30,24.889999
2014-01-31,24.77
2014-02-03,23.780001000000002
2014-02-04,23.959999
2014-02-05,23.690001000000002
2014-02-06,24.030001000000002
2014-02-07,24.120001000000002
2014-02-10,24.1
2014-02-11,24.209999
2014-02-12,24.25
2014-02-13,24.780001000000002
2014-02-14,25.17
2014-02-18,26.33
2014-02-19,25.719998999999998
2014-02-20,25.219998999999998
2014-02-21,24.700001
2014-02-24,25.32
2014-02-25,25.66
2014-02-26,27.540001
2014-02-27,27.35
2014-02-28,28.190001000000002
2014-03-03,28.379998999999998
2014-03-04,28.84
2014-03-05,28.67
2014-03-06,28.73
2014-03-07,28.75
2014-03-10,28.620001000000002
2014-03-11,28.1
2014-03-12,28.129998999999998
2014-03-13,27.530001000000002
2014-03-14,27.65
2014-03-17,27.93
2014-03-18,28.620001000000002
2014-03-19,28.379998999999998
2014-03-20,28.379998999999998
2014-03-21,30.08
2014-03-24,30.01
2014-03-25,30.889999
2014-03-26,30.43
2014-03-27,30.98
2014-03-28,31.549999
2014-03-31,31.360001
2014-04-01,31.360001
2014-04-02,31.42
2014-04-03,32.330002
2014-04-04,32.25
2014-04-07,32.130001
2014-04-08,32.189999
2014-04-09,32.470001
2014-04-10,32.080002
2014-04-11,32.040001000000004
2014-04-14,32.52
2014-04-15,32.759997999999996
2014-04-16,32.950001
2014-04-17,33.259997999999996
2014-04-21,32.66
2014-04-22,32.610001000000004
2014-04-23,32.82
2014-04-24,32.959998999999996
2014-04-25,31.75
2014-04-28,31.83
2014-04-29,32.240002000000004
2014-04-30,33.849998
2014-05-01,33.560001
2014-05-02,33.73
2014-05-05,33.59
2014-05-06,33.93
2014-05-07,34.57
2014-05-08,33.689999
2014-05-09,33.75
2014-05-12,33.75
2014-05-13,33.91
2014-05-14,34.16
2014-05-15,33.369999
2014-05-16,33.970001
2014-05-19,34.43
2014-05-20,34.959998999999996
2014-05-21,35.66
2014-05-22,35.599998
2014-05-23,35.439999
2014-05-27,35.91
2014-05-28,35.950001
2014-05-29,36.73
2014-05-30,36.48
2014-06-02,36.560001
2014-06-03,36.619999
2014-06-04,36.650002
2014-06-05,36.68
2014-06-06,37.279999
2014-06-09,38.07
2014-06-10,38.27
2014-06-11,38.93
2014-06-12,39.27
2014-06-13,40.450001
2014-06-16,41.599998
2014-06-17,41.720001
2014-06-18,42.830002
2014-06-19,42.740002000000004
2014-06-20,43.23
2014-06-23,43.599998
2014-06-24,42.27
2014-06-25,43.700001
2014-06-26,43.66
2014-06-27,43.529999
2014-06-30,44.200001
2014-07-01,43.889998999999996
2014-07-02,43.779999
2014-07-03,43.59
2014-07-07,43.09
2014-07-08,43.540001000000004
2014-07-09,43.709998999999996
2014-07-10,43.060001
2014-07-11,41.919998
2014-07-14,42.330002
2014-07-15,41.470001
2014-07-16,42.68
2014-07-17,43.549999
2014-07-18,44.130001
2014-07-21,44.48
2014-07-22,44.82
2014-07-23,44.919998
2014-07-24,44.98
2014-07-25,44.639998999999996
2014-07-28,44.0
2014-07-29,43.470001
2014-07-30,41.48
2014-07-31,40.299999
2014-08-01,39.330002
2014-08-04,40.25
2014-08-05,39.790001000000004
2014-08-06,39.689999
2014-08-07,39.900002
2014-08-08,40.810001
2014-08-11,40.349998
2014-08-12,39.639998999999996
2014-08-13,40.419998
2014-08-14,40.470001
2014-08-15,41.27
2014-08-18,41.66
2014-08-19,41.990002000000004
2014-08-20,41.709998999999996
2014-08-21,42.490002000000004
2014-08-22,42.400002
2014-08-25,43.860001000000004
2014-08-26,44.220001
2014-08-27,44.130001
2014-08-28,43.75
2014-08-29,44.82
2014-09-02,43.880001
2014-09-03,42.779999
2014-09-04,41.709998999999996
2014-09-05,41.959998999999996
2014-09-08,40.0
2014-09-09,39.470001
2014-09-10,39.130001
2014-09-11,39.330002
2014-09-12,38.330002
2014-09-15,38.450001
2014-09-16,39.18
2014-09-17,39.41
2014-09-18,39.009997999999996
2014-09-19,38.59
2014-09-22,37.73
2014-09-23,38.150002
2014-09-24,39.040001000000004
2014-09-25,37.849998
2014-09-26,38.400002
2014-09-29,38.740002000000004
2014-09-30,37.07
2014-10-01,36.16
2014-10-02,35.759997999999996
2014-10-03,35.130001
2014-10-06,35.34
2014-10-07,33.540001000000004
2014-10-08,33.84
2014-10-09,31.68
2014-10-10,30.209999
2014-10-13,27.85
2014-10-14,26.27
2014-10-15,26.0
2014-10-16,27.41
2014-10-17,27.1
2014-10-20,28.1
2014-10-21,29.51
2014-10-22,28.17
2014-10-23,29.41
2014-10-24,29.540001
2014-10-27,28.17
2014-10-28,29.379998999999998
2014-10-29,32.580002
2014-10-30,31.799999
2014-10-31,32.610001000000004
2014-11-03,31.690001000000002
2014-11-04,30.65
2014-11-05,31.84
2014-11-06,32.5
2014-11-07,33.57
2014-11-10,33.259997999999996
2014-11-11,33.619999
2014-11-12,33.110001000000004
2014-11-13,32.900002
2014-11-14,33.66
2014-11-17,32.5
2014-11-18,33.02
2014-11-19,33.119999
2014-11-20,34.599998
2014-11-21,35.119999
2014-11-24,34.509997999999996
2014-11-25,33.68
2014-11-26,32.48
2014-11-28,27.23
2014-12-01,26.110001
2014-12-02,26.5
2014-12-03,27.190001000000002
2014-12-04,26.18
2014-12-05,25.85
2014-12-08,23.66
2014-12-09,25.34
2014-12-10,23.98
2014-12-11,24.02
2014-12-12,24.129998999999998
2014-12-15,23.559998999999998
2014-12-16,23.799999
2014-12-17,25.809998999999998
2014-12-18,26.23
2014-12-19,28.48
2014-12-22,27.469998999999998
2014-12-23,28.25
2014-12-24,27.860001
2014-12-26,26.969998999999998
2014-12-29,27.42
2014-12-30,27.290001
2014-12-31,27.120001000000002
2015-01-02,26.6
2015-01-05,24.9
2015-01-06,24.6
2015-01-07,23.610001
2015-01-08,23.98
2015-01-09,24.5
2015-01-12,22.73
2015-01-13,22.9
2015-01-14,24.190001000000002
2015-01-15,23.5
2015-01-16,25.879998999999998
2015-01-20,26.280001000000002
2015-01-21,28.09
2015-01-22,28.530001000000002
2015-01-23,28.49
2015-01-26,28.290001
2015-01-27,28.77
2015-01-28,27.43
2015-01-29,28.51
2015-01-30,29.780001000000002
2015-02-02,30.93
2015-02-03,32.18
2015-02-04,30.99
2015-02-05,30.889999
2015-02-06,30.790001
2015-02-09,30.559998999999998
2015-02-10,30.18
2015-02-11,29.91
2015-02-12,30.889999
2015-02-13,32.240002000000004
2015-02-17,33.09
2015-02-18,32.849998
2015-02-19,32.779999
2015-02-20,32.09
2015-02-23,31.709999
2015-02-24,31.67
2015-02-25,36.0
2015-02-26,33.599998
2015-02-27,33.029999
2015-03-02,32.43
2015-03-03,32.939999
2015-03-04,33.18
2015-03-05,32.77
2015-03-06,32.0
2015-03-09,31.690001000000002
2015-03-10,30.959999
2015-03-11,31.280001000000002
2015-03-12,31.1
2015-03-13,31.360001
2015-03-16,31.73
2015-03-17,31.57
2015-03-18,33.369999
2015-03-19,32.470001
2015-03-20,33.290001000000004
2015-03-23,32.650002
2015-03-24,32.939999
2015-03-25,33.77
2015-03-26,34.240002000000004
2015-03-27,34.279999
2015-03-30,35.18
2015-03-31,35.09
2015-04-01,36.09
2015-04-02,36.279999
2015-04-06,37.73
2015-04-07,37.009997999999996
2015-04-08,36.099998
2015-04-09,37.099998
2015-04-10,37.189999
2015-04-13,36.560001
2015-04-14,37.439999
2015-04-15,38.779999
2015-04-16,38.75
2015-04-17,38.48
2015-04-20,38.16
2015-04-21,36.98
2015-04-22,37.77
2015-04-23,38.040001000000004
2015-04-24,38.759997999999996
2015-04-27,38.18
2015-04-28,39.09
2015-04-29,39.689999
2015-04-30,39.240002000000004
2015-05-01,38.990002000000004
2015-05-04,38.990002000000004
2015-05-05,36.990002000000004
2015-05-06,36.049999
2015-05-07,35.240002000000004
2015-05-08,36.439999
2015-05-11,35.93
2015-05-12,35.950001
2015-05-13,35.34
2015-05-14,34.540001000000004
2015-05-15,35.540001000000004
2015-05-18,36.740002000000004
2015-05-19,36.970001
2015-05-20,37.400002
2015-05-21,38.290001000000004
2015-05-22,38.040001000000004
2015-05-26,37.290001000000004
2015-05-27,37.380001
2015-05-28,36.790001000000004
2015-05-29,37.810001
2015-06-01,37.330002
2015-06-02,37.369999
2015-06-03,36.259997999999996
2015-06-04,36.150002
2015-06-05,37.299999
2015-06-08,36.950001
2015-06-09,37.259997999999996
2015-06-10,37.919998
2015-06-11,37.439999
2015-06-12,36.669998
2015-06-15,36.369999
2015-06-16,37.400002
2015-06-17,36.900002
2015-06-18,37.380001
2015-06-19,36.759997999999996
2015-06-22,37.169998
2015-06-23,37.950001
2015-06-24,37.970001
2015-06-25,37.630001
2015-06-26,36.470001
2015-06-29,34.84
2015-06-30,36.119999
2015-07-01,35.259997999999996
2015-07-02,35.040001000000004
2015-07-06,34.360001000000004
2015-07-07,35.630001
2015-07-08,34.849998
2015-07-09,35.459998999999996
2015-07-10,35.470001
2015-07-13,35.700001
2015-07-14,36.529999
2015-07-15,34.779999
2015-07-16,35.299999
2015-07-17,34.139998999999996
2015-07-20,33.610001000000004
2015-07-21,33.830002
2015-07-22,33.400002
2015-07-23,33.720001
2015-07-24,32.779999
2015-07-27,30.879998999999998
2015-07-28,31.530001000000002
2015-07-29,32.880001
2015-07-30,33.360001000000004
2015-07-31,32.790001000000004
2015-08-03,32.439999
2015-08-04,32.650002
2015-08-05,32.549999
2015-08-06,34.77
2015-08-07,34.23
2015-08-10,35.650002
2015-08-11,35.360001000000004
2015-08-12,36.610001000000004
2015-08-13,36.080002
2015-08-14,36.189999
2015-08-17,35.48
2015-08-18,35.299999
2015-08-19,33.93
2015-08-20,32.5
2015-08-21,30.82
2015-08-24,27.629998999999998
2015-08-25,27.049999
2015-08-26,28.059998999999998
2015-08-27,30.700001
2015-08-28,31.6
2015-08-31,33.310001
2015-09-01,31.860001
2015-09-02,32.82
2015-09-03,33.139998999999996
2015-09-04,33.209998999999996
2015-09-08,34.139998999999996
2015-09-09,33.950001
2015-09-10,34.470001
2015-09-11,34.130001
2015-09-14,33.509997999999996
2015-09-15,34.009997999999996
2015-09-16,35.93
2015-09-17,35.380001
2015-09-18,33.68
2015-09-21,33.669998
2015-09-22,33.75
2015-09-23,33.18
2015-09-24,33.349998
2015-09-25,33.299999
2015-09-28,31.4
2015-09-29,32.209998999999996
2015-09-30,32.900002
2015-10-01,33.810001
2015-10-02,35.52
2015-10-05,36.360001000000004
2015-10-06,36.889998999999996
2015-10-07,37.099998
2015-10-08,38.209998999999996
2015-10-09,38.82
2015-10-12,38.349998
2015-10-13,38.209998999999996
2015-10-14,38.509997999999996
2015-10-15,40.169998
2015-10-16,40.68
2015-10-19,39.560001
2015-10-20,39.98
2015-10-21,38.459998999999996
2015-10-22,39.16
2015-10-23,39.389998999999996
2015-10-26,39.139998999999996
2015-10-27,39.189999
2015-10-28,39.860001000000004
2015-10-29,40.200001
2015-10-30,40.189999
2015-11-02,40.32
2015-11-03,40.139998999999996
2015-11-04,38.299999
2015-11-05,38.950001
2015-11-06,39.369999
2015-11-09,39.450001
2015-11-10,39.669998
2015-11-11,39.689999
2015-11-12,38.189999
2015-11-13,38.369999
2015-11-16,40.150002
2015-11-17,40.380001
2015-11-18,41.049999
2015-11-19,39.16
2015-11-20,37.779999
2015-11-23,38.470001
2015-11-24,39.34
2015-11-25,38.66
2015-11-27,38.32
2015-11-30,38.259997999999996
2015-12-01,39.150002
2015-12-02,37.169998
2015-12-03,36.970001
2015-12-04,36.16
2015-12-07,35.41
2015-12-08,34.82
2015-12-09,35.299999
2015-12-10,36.52
2015-12-11,35.259997999999996
2015-12-14,34.790001000000004
2015-12-15,35.049999
2015-12-16,34.439999
2015-12-17,32.610001000000004
2015-12-18,31.6
2015-12-21,30.41
2015-12-22,30.629998999999998
2015-12-23,33.27
2015-12-24,33.09
2015-12-28,32.34
2015-12-29,32.689999
2015-12-30,31.85
2015-12-31,32.560001
2016-01-04,32.27
2016-01-05,32.490002000000004
2016-01-06,30.040001
2016-01-07,29.41
2016-01-08,29.26
2016-01-11,28.98
2016-01-12,29.309998999999998
2016-01-13,28.17
2016-01-14,27.870001000000002
2016-01-15,26.23
2016-01-19,24.370001000000002
2016-01-20,23.709999
2016-01-21,25.33
2016-01-22,26.0
2016-01-25,24.48
2016-01-26,25.93
2016-01-27,26.52
2016-01-28,27.58
2016-01-29,29.07
2016-02-01,28.17
2016-02-02,26.620001000000002
2016-02-03,28.290001
2016-02-04,27.25
2016-02-05,24.879998999999998
2016-02-08,25.469998999999998
2016-02-09,23.799999
2016-02-10,23.57
2016-02-11,23.66
2016-02-12,24.17
2016-02-16,24.18
2016-02-17,24.870001000000002
2016-02-18,22.6
2016-02-19,22.309998999999998
2016-02-22,24.51
2016-02-23,23.34
2016-02-24,23.42
2016-02-25,24.41
2016-02-26,26.030001000000002
2016-02-29,27.23
2016-03-01,28.6
2016-03-02,29.01
2016-03-03,29.16
2016-03-04,30.17
2016-03-07,29.92
2016-03-08,28.969998999999998
2016-03-09,30.639999
2016-03-10,30.48
2016-03-11,31.84
2016-03-14,32.150002
2016-03-15,31.84
2016-03-16,33.490002000000004
2016-03-17,33.720001
2016-03-18,33.82
2016-03-21,33.48
2016-03-22,33.029999
2016-03-23,32.119999
2016-03-24,32.380001
2016-03-28,31.860001
2016-03-29,32.119999
2016-03-30,32.66
2016-03-31,33.25
2016-04-01,32.630001
2016-04-04,31.73
2016-04-05,31.610001
2016-04-06,33.009997999999996
2016-04-07,32.849998
2016-04-08,34.049999
2016-04-11,34.450001
2016-04-12,35.669998
2016-04-13,35.080002
2016-04-14,35.52
2016-04-15,35.119999
2016-04-18,36.049999
2016-04-19,36.540001000000004
2016-04-20,36.889998999999996
2016-04-21,36.09
2016-04-22,36.860001000000004
2016-04-25,36.27
2016-04-26,37.419998
2016-04-27,38.200001
2016-04-28,36.240002000000004
2016-04-29,36.25
2016-05-02,37.169998
2016-05-03,35.509997999999996
2016-05-04,34.650002
2016-05-05,36.529999
2016-05-06,37.200001
2016-05-09,36.830002
2016-05-10,37.919998
2016-05-11,37.619999
2016-05-12,38.630001
2016-05-13,38.599998
2016-05-16,39.200001
2016-05-17,39.43
2016-05-18,39.209998999999996
2016-05-19,39.709998999999996
2016-05-20,40.630001
2016-05-23,40.130001
2016-05-24,40.810001
2016-05-25,41.16
2016-05-26,40.799999
2016-05-27,40.400002
2016-05-31,40.77
2016-06-01,39.98
2016-06-02,40.310001
2016-06-03,39.599998
2016-06-06,39.939999
2016-06-07,41.810001
2016-06-08,41.68
2016-06-09,41.27
2016-06-10,39.860001000000004
2016-06-13,39.459998999999996
2016-06-14,40.82
2016-06-15,40.419998
2016-06-16,39.130001
2016-06-17,40.139998999999996
2016-06-20,40.130001
2016-06-21,40.869999
2016-06-22,42.880001
2016-06-23,42.93
2016-06-24,41.799999
2016-06-27,40.41
2016-06-28,42.849998
2016-06-29,44.529999
2016-06-30,44.18
2016-07-01,43.869999
2016-07-05,43.259997999999996
2016-07-06,43.32
2016-07-07,42.77
2016-07-08,43.82
2016-07-11,43.68
2016-07-12,45.16
2016-07-13,44.630001
2016-07-14,44.599998
2016-07-15,44.52
2016-07-18,44.560001
2016-07-19,43.810001
2016-07-20,44.419998
2016-07-21,44.400002
2016-07-22,44.43
2016-07-25,42.66
2016-07-26,43.43
2016-07-27,42.07
2016-07-28,42.380001
2016-07-29,43.299999
2016-08-01,41.290001000000004
2016-08-02,41.549999
2016-08-03,44.66
2016-08-04,45.68
2016-08-05,45.279999
2016-08-08,46.220001
2016-08-09,46.099998
2016-08-10,45.369999
2016-08-11,47.209998999999996
2016-08-12,46.880001
2016-08-15,46.959998999999996
2016-08-16,46.169998
2016-08-17,45.939999
2016-08-18,46.779999
2016-08-19,46.400002
2016-08-22,45.040001000000004
2016-08-23,45.720001
2016-08-24,45.110001000000004
2016-08-25,44.310001
2016-08-26,44.150002
2016-08-29,45.029999
2016-08-30,44.57
2016-08-31,43.360001000000004
2016-09-01,44.119999
2016-09-02,44.900002
2016-09-06,44.889998999999996
2016-09-07,44.91
2016-09-08,46.009997999999996
2016-09-09,44.529999
2016-09-12,44.23
2016-09-13,42.080002
2016-09-14,40.650002
2016-09-15,41.169998
2016-09-16,41.84
2016-09-19,41.970001
2016-09-20,41.189999
2016-09-21,42.389998999999996
2016-09-22,43.299999
2016-09-23,41.639998999999996
2016-09-26,41.09
2016-09-27,39.5
2016-09-28,42.029999
2016-09-29,42.779999
2016-09-30,43.459998999999996
2016-10-03,43.18
2016-10-04,42.119999
2016-10-05,43.310001
2016-10-06,43.18
2016-10-07,43.16
2016-10-10,43.68
2016-10-11,43.09
2016-10-12,43.279999
2016-10-13,43.139998999999996
2016-10-14,42.57
2016-10-17,42.860001000000004
2016-10-18,42.529999
2016-10-19,44.18
2016-10-20,44.02
2016-10-21,43.23
2016-10-24,43.130001
2016-10-25,42.0
2016-10-26,42.25
2016-10-27,41.93
2016-10-28,41.389998999999996
2016-10-31,40.59
2016-11-01,40.490002000000004
2016-11-02,39.32
2016-11-03,39.099998
2016-11-04,37.84
2016-11-07,38.209998999999996
2016-11-08,37.84
2016-11-09,38.77
2016-11-10,38.84
2016-11-11,37.830002
2016-11-14,38.560001
2016-11-15,40.400002
2016-11-16,40.029999
2016-11-17,39.799999
2016-11-18,40.169998
2016-11-21,41.919998
2016-11-22,41.41
2016-11-23,42.02
2016-11-25,41.27
2016-11-28,39.830002
2016-11-29,39.099998
2016-11-30,45.220001
2016-12-01,46.110001000000004
2016-12-02,45.950001
2016-12-05,45.630001
2016-12-06,47.18
2016-12-07,46.959998999999996
2016-12-08,47.650002
2016-12-09,47.82
2016-12-12,46.619999
2016-12-13,47.880001
2016-12-14,45.880001
2016-12-15,45.119999
2016-12-16,45.080002
2016-12-19,45.0
2016-12-20,43.75
2016-12-21,43.48
2016-12-22,42.5
2016-12-23,42.400002
2016-12-27,42.27
2016-12-28,41.66
2016-12-29,41.240002000000004
2016-12-30,40.5
