2008-12-31,54.77
2009-01-02,55.970001
2009-01-05,55.599998
2009-01-06,55.700001
2009-01-07,53.889998999999996
2009-01-08,53.25
2009-01-09,52.57
2009-01-12,51.389998999999996
2009-01-13,52.23
2009-01-14,51.099998
2009-01-15,50.529999
2009-01-16,51.369999
2009-01-20,50.43
2009-01-21,50.439999
2009-01-22,50.349998
2009-01-23,50.619999
2009-01-26,51.419998
2009-01-27,51.639998999999996
2009-01-28,52.040001000000004
2009-01-29,51.68
2009-01-30,50.23
2009-02-02,50.130001
2009-02-03,51.52
2009-02-04,51.490002000000004
2009-02-05,52.349998
2009-02-06,53.529999
2009-02-09,51.43
2009-02-10,49.529999
2009-02-11,50.610001000000004
2009-02-12,52.0
2009-02-13,52.57
2009-02-17,51.82
2009-02-18,51.529999
2009-02-19,52.200001
2009-02-20,51.450001
2009-02-23,50.16
2009-02-24,51.68
2009-02-25,50.720001
2009-02-26,49.419998
2009-02-27,48.139998999999996
2009-03-02,46.849998
2009-03-03,48.470001
2009-03-04,47.599998
2009-03-05,45.970001
2009-03-06,47.099998
2009-03-09,45.810001
2009-03-10,46.599998
2009-03-11,47.419998
2009-03-12,48.290001000000004
2009-03-13,48.619999
2009-03-16,48.73
2009-03-17,49.25
2009-03-18,49.470001
2009-03-19,48.990002000000004
2009-03-20,50.02
2009-03-23,51.630001
2009-03-24,51.529999
2009-03-25,52.470001
2009-03-26,53.16
2009-03-27,52.389998999999996
2009-03-30,51.790001000000004
2009-03-31,51.48
2009-04-01,52.220001
2009-04-02,52.860001000000004
2009-04-03,52.689999
2009-04-06,52.669998
2009-04-07,52.25
2009-04-08,52.279999
2009-04-09,52.099998
2009-04-13,51.490002000000004
2009-04-14,50.560001
2009-04-15,52.040001000000004
2009-04-16,51.959998999999996
2009-04-17,52.130001
2009-04-20,49.860001000000004
2009-04-21,49.349998
2009-04-22,47.98
2009-04-23,47.889998999999996
2009-04-24,48.52
2009-04-27,49.110001000000004
2009-04-28,50.040001000000004
2009-04-29,50.450001
2009-04-30,49.759997999999996
2009-05-01,49.790001000000004
2009-05-04,49.099998
2009-05-05,49.73
2009-05-06,49.720001
2009-05-07,49.490002000000004
2009-05-08,49.75
2009-05-11,49.580002
2009-05-12,49.27
2009-05-13,49.66
2009-05-14,50.869999
2009-05-15,50.32
2009-05-18,51.169998
2009-05-19,51.610001000000004
2009-05-20,52.060001
2009-05-21,51.490002000000004
2009-05-22,51.57
2009-05-26,51.279999
2009-05-27,50.009997999999996
2009-05-28,51.02
2009-05-29,52.049999
2009-06-01,53.130001
2009-06-02,55.369999
2009-06-03,54.27
2009-06-04,54.82
2009-06-05,54.880001
2009-06-08,54.150002
2009-06-09,53.48
2009-06-10,53.360001000000004
2009-06-11,52.970001
2009-06-12,53.650002
2009-06-15,52.880001
2009-06-16,52.34
2009-06-17,52.970001
2009-06-18,54.490002000000004
2009-06-19,53.91
2009-06-22,53.490002000000004
2009-06-23,53.009997999999996
2009-06-24,53.049999
2009-06-25,53.990002000000004
2009-06-26,54.700001
2009-06-29,54.84
2009-06-30,54.959998999999996
2009-07-01,56.52
2009-07-02,56.349998
2009-07-06,57.130001
2009-07-07,56.0
2009-07-08,54.849998
2009-07-09,54.68
2009-07-10,54.709998999999996
2009-07-13,55.669998
2009-07-14,56.09
2009-07-15,57.279999
2009-07-16,57.259997999999996
2009-07-17,56.66
2009-07-20,56.080002
2009-07-21,56.400002
2009-07-22,55.889998999999996
2009-07-23,56.5
2009-07-24,56.41
2009-07-27,56.34
2009-07-28,55.970001
2009-07-29,56.330002
2009-07-30,56.599998
2009-07-31,56.75
2009-08-03,56.200001
2009-08-04,59.060001
2009-08-05,58.389998999999996
2009-08-06,57.830002
2009-08-07,57.740002000000004
2009-08-10,57.41
2009-08-11,56.91
2009-08-12,56.68
2009-08-13,56.490002000000004
2009-08-14,56.560001
2009-08-17,56.18
2009-08-18,56.240002000000004
2009-08-19,56.450001
2009-08-20,56.84
2009-08-21,57.490002000000004
2009-08-24,57.450001
2009-08-25,57.290001000000004
2009-08-26,57.880001
2009-08-27,57.759997999999996
2009-08-28,56.759997999999996
2009-08-31,56.669998
2009-09-01,56.25
2009-09-02,56.349998
2009-09-03,56.639998999999996
2009-09-04,57.540001000000004
2009-09-08,58.279999
2009-09-09,58.040001000000004
2009-09-10,57.860001000000004
2009-09-11,58.810001
2009-09-14,58.700001
2009-09-15,58.290001000000004
2009-09-16,58.34
2009-09-17,58.799999
2009-09-18,59.860001000000004
2009-09-21,59.02
2009-09-22,58.580002
2009-09-23,58.470001
2009-09-24,58.540001000000004
2009-09-25,58.68
2009-09-28,59.029999
2009-09-29,58.509997999999996
2009-09-30,58.66
2009-10-01,58.459998999999996
2009-10-02,60.900002
2009-10-05,60.849998
2009-10-06,60.869999
2009-10-07,61.169998
2009-10-08,60.389998999999996
2009-10-09,60.59
2009-10-12,60.919998
2009-10-13,60.599998
2009-10-14,61.619999
2009-10-15,62.68
2009-10-16,62.290001000000004
2009-10-19,62.049999
2009-10-20,61.580002
2009-10-21,61.84
2009-10-22,61.5
2009-10-23,61.029999
2009-10-26,60.470001
2009-10-27,61.0
2009-10-28,60.990002000000004
2009-10-29,61.389998999999996
2009-10-30,60.549999
2009-11-02,60.599998
2009-11-03,60.060001
2009-11-04,60.380001
2009-11-05,61.23
2009-11-06,61.759997999999996
2009-11-09,62.279999
2009-11-10,62.080002
2009-11-11,62.599998
2009-11-12,61.27
2009-11-13,61.939999
2009-11-16,62.43
2009-11-17,62.599998
2009-11-18,62.299999
2009-11-19,61.880001
2009-11-20,62.080002
2009-11-23,62.490002000000004
2009-11-24,62.5
2009-11-25,63.189999
2009-11-27,62.299999
2009-11-30,62.220001
2009-12-01,63.869999
2009-12-02,63.650002
2009-12-03,62.759997999999996
2009-12-04,63.849998
2009-12-07,64.230003
2009-12-08,63.48
2009-12-09,61.799999
2009-12-10,61.84
2009-12-11,61.27
2009-12-14,60.98
2009-12-15,60.990002000000004
2009-12-16,60.68
2009-12-17,60.040001000000004
2009-12-18,59.48
2009-12-21,60.48
2009-12-22,60.630001
2009-12-23,60.68
2009-12-24,60.959998999999996
2009-12-28,61.16
2009-12-29,61.099998
2009-12-30,61.310001
2009-12-31,60.799999
2010-01-04,61.240002000000004
2010-01-05,61.98
2010-01-06,61.360001000000004
2010-01-07,60.970001
2010-01-08,60.77
2010-01-11,60.700001
2010-01-12,61.549999
2010-01-13,62.049999
2010-01-14,62.799999
2010-01-15,62.290001000000004
2010-01-19,62.330002
2010-01-20,61.950001
2010-01-21,60.939999
2010-01-22,60.389998999999996
2010-01-25,60.23
2010-01-26,60.25
2010-01-27,60.290001000000004
2010-01-28,59.740002000000004
2010-01-29,59.619999
2010-02-01,60.700001
2010-02-02,61.150002
2010-02-03,61.290001000000004
2010-02-04,59.639998999999996
2010-02-05,59.509997999999996
2010-02-08,58.959998999999996
2010-02-09,60.049999
2010-02-10,60.380001
2010-02-11,61.189999
2010-02-12,60.919998
2010-02-16,61.310001
2010-02-17,62.110001000000004
2010-02-18,62.529999
2010-02-19,62.66
2010-02-22,62.41
2010-02-23,61.779999
2010-02-24,62.080002
2010-02-25,62.299999
2010-02-26,62.470001
2010-03-01,63.43
2010-03-02,63.799999
2010-03-03,63.98
2010-03-04,64.110001
2010-03-05,64.370003
2010-03-08,64.150002
2010-03-09,64.360001
2010-03-10,64.43
2010-03-11,64.970001
2010-03-12,65.099998
2010-03-15,66.150002
2010-03-16,66.07
2010-03-17,66.57
2010-03-18,66.519997
2010-03-19,66.559998
2010-03-22,66.309998
2010-03-23,66.860001
2010-03-24,66.260002
2010-03-25,66.550003
2010-03-26,66.589996
2010-03-29,66.550003
2010-03-30,66.769997
2010-03-31,66.160004
2010-04-01,66.68
2010-04-05,65.980003
2010-04-06,66.389999
2010-04-07,65.989998
2010-04-08,65.970001
2010-04-09,66.360001
2010-04-12,66.32
2010-04-13,66.389999
2010-04-14,66.290001
2010-04-15,66.269997
2010-04-16,66.139999
2010-04-19,66.120003
2010-04-20,65.900002
2010-04-21,65.980003
2010-04-22,64.760002
2010-04-23,64.709999
2010-04-26,65.019997
2010-04-27,64.230003
2010-04-28,64.75
2010-04-29,65.199997
2010-04-30,65.220001
2010-05-03,65.690002
2010-05-04,65.43
2010-05-05,65.199997
2010-05-06,64.699997
2010-05-07,64.57
2010-05-10,66.410004
2010-05-11,66.550003
2010-05-12,66.940002
2010-05-13,66.480003
2010-05-14,66.07
2010-05-17,66.75
2010-05-18,66.529999
2010-05-19,66.040001
2010-05-20,63.860001000000004
2010-05-21,63.580002
2010-05-24,63.32
2010-05-25,62.889998999999996
2010-05-26,61.23
2010-05-27,62.900002
2010-05-28,62.889998999999996
2010-06-01,62.759997999999996
2010-06-02,63.459998999999996
2010-06-03,63.369999
2010-06-04,61.439999
2010-06-07,61.73
2010-06-08,62.650002
2010-06-09,62.490002000000004
2010-06-10,63.84
2010-06-11,63.560001
2010-06-14,63.849998
2010-06-15,64.239998
2010-06-16,63.91
2010-06-17,64.489998
2010-06-18,64.08000200000001
2010-06-21,64.019997
2010-06-22,63.299999
2010-06-23,62.73
2010-06-24,62.400002
2010-06-25,60.77
2010-06-28,61.959998999999996
2010-06-29,61.23
2010-06-30,60.950001
2010-07-01,61.52
2010-07-02,61.529999
2010-07-06,61.639998999999996
2010-07-07,62.93
2010-07-08,64.0
2010-07-09,63.5
2010-07-12,63.740002000000004
2010-07-13,63.43
2010-07-14,63.560001
2010-07-15,63.16
2010-07-16,62.450001
2010-07-19,62.049999
2010-07-20,64.730003
2010-07-21,63.950001
2010-07-22,64.209999
2010-07-23,64.449997
2010-07-26,64.980003
2010-07-27,65.690002
2010-07-28,65.199997
2010-07-29,64.889999
2010-07-30,64.910004
2010-08-02,65.269997
2010-08-03,65.769997
2010-08-04,66.16999799999999
2010-08-05,65.58000200000001
2010-08-06,65.900002
2010-08-09,66.41999799999999
2010-08-10,66.529999
2010-08-11,65.449997
2010-08-12,65.18
2010-08-13,65.559998
2010-08-16,65.43
2010-08-17,65.550003
2010-08-18,65.519997
2010-08-19,64.660004
2010-08-20,64.800003
2010-08-23,64.82
2010-08-24,64.779999
2010-08-25,64.57
2010-08-26,64.129997
2010-08-27,64.120003
2010-08-30,63.599998
2010-08-31,64.18
2010-09-01,64.889999
2010-09-02,64.970001
2010-09-03,65.57
2010-09-07,65.480003
2010-09-08,65.43
2010-09-09,66.099998
2010-09-10,66.410004
2010-09-13,66.25
2010-09-14,65.980003
2010-09-15,66.5
2010-09-16,66.610001
2010-09-17,66.120003
2010-09-20,66.889999
2010-09-21,66.459999
2010-09-22,66.660004
2010-09-23,65.790001
2010-09-24,66.129997
2010-09-27,66.370003
2010-09-28,66.779999
2010-09-29,66.75
2010-09-30,66.440002
2010-10-01,67.0
2010-10-04,66.870003
2010-10-05,67.760002
2010-10-06,68.110001
2010-10-07,66.099998
2010-10-08,65.75
2010-10-11,65.519997
2010-10-12,66.08000200000001
2010-10-13,66.400002
2010-10-14,66.639999
2010-10-15,66.68
2010-10-18,66.5
2010-10-19,65.410004
2010-10-20,64.970001
2010-10-21,65.18
2010-10-22,65.010002
2010-10-25,65.050003
2010-10-26,64.790001
2010-10-27,64.269997
2010-10-28,65.010002
2010-10-29,65.300003
2010-11-01,65.550003
2010-11-02,65.800003
2010-11-03,65.199997
2010-11-04,65.349998
2010-11-05,65.08000200000001
2010-11-08,65.110001
2010-11-09,65.300003
2010-11-10,65.25
2010-11-11,64.900002
2010-11-12,64.639999
2010-11-15,64.41999799999999
2010-11-16,64.040001
2010-11-17,63.939999
2010-11-18,64.769997
2010-11-19,64.709999
2010-11-22,64.699997
2010-11-23,63.889998999999996
2010-11-24,64.33000200000001
2010-11-26,63.900002
2010-11-29,64.010002
2010-11-30,64.629997
2010-12-01,65.629997
2010-12-02,65.199997
2010-12-03,65.16999799999999
2010-12-06,64.730003
2010-12-07,64.68
2010-12-08,64.629997
2010-12-09,64.720001
2010-12-10,64.900002
2010-12-13,65.529999
2010-12-14,65.589996
2010-12-15,65.239998
2010-12-16,65.75
2010-12-17,65.970001
2010-12-20,66.309998
2010-12-21,65.400002
2010-12-22,65.68
2010-12-23,65.690002
2010-12-27,65.41999799999999
2010-12-28,65.279999
2010-12-29,65.33000200000001
2010-12-30,65.120003
2010-12-31,65.33000200000001
2011-01-03,65.75
2011-01-04,65.410004
2011-01-05,66.589996
2011-01-06,66.839996
2011-01-07,66.389999
2011-01-10,66.050003
2011-01-11,66.33000200000001
2011-01-12,66.730003
2011-01-13,66.910004
2011-01-14,66.779999
2011-01-18,66.57
2011-01-19,65.900002
2011-01-20,65.900002
2011-01-21,65.870003
2011-01-24,66.18
2011-01-25,65.769997
2011-01-26,65.860001
2011-01-27,65.559998
2011-01-28,64.400002
2011-01-31,64.309998
2011-02-01,65.050003
2011-02-02,64.650002
2011-02-03,64.18
2011-02-04,63.84
2011-02-07,63.68
2011-02-08,64.16999799999999
2011-02-09,64.41999799999999
2011-02-10,63.360001000000004
2011-02-11,63.869999
2011-02-14,63.34
2011-02-15,64.349998
2011-02-16,63.959998999999996
2011-02-17,64.699997
2011-02-18,63.41
2011-02-22,63.150002
2011-02-23,62.93
2011-02-24,63.029999
2011-02-25,63.599998
2011-02-28,63.419998
2011-03-01,63.209998999999996
2011-03-02,62.939999
2011-03-03,63.75
2011-03-04,63.400002
2011-03-07,63.470001
2011-03-08,63.790001000000004
2011-03-09,64.650002
2011-03-10,64.43
2011-03-11,64.650002
2011-03-14,64.139999
2011-03-15,63.009997999999996
2011-03-16,62.310001
2011-03-17,63.080002
2011-03-18,63.240002000000004
2011-03-21,64.099998
2011-03-22,63.939999
2011-03-23,64.199997
2011-03-24,64.199997
2011-03-25,63.98
2011-03-28,64.339996
2011-03-29,64.160004
2011-03-30,65.050003
2011-03-31,64.410004
2011-04-01,65.220001
2011-04-04,65.089996
2011-04-05,65.58000200000001
2011-04-06,65.75
2011-04-07,65.91999799999999
2011-04-08,65.730003
2011-04-11,66.040001
2011-04-12,66.57
2011-04-13,66.449997
2011-04-14,66.699997
2011-04-15,67.110001
2011-04-18,67.150002
2011-04-19,66.809998
2011-04-20,67.33000200000001
2011-04-21,67.410004
2011-04-25,67.029999
2011-04-26,67.709999
2011-04-27,67.93
2011-04-28,69.720001
2011-04-29,68.889999
2011-05-02,69.309998
2011-05-03,69.589996
2011-05-04,69.83000200000001
2011-05-05,68.83000200000001
2011-05-06,69.269997
2011-05-09,69.82
2011-05-10,70.029999
2011-05-11,70.199997
2011-05-12,70.959999
2011-05-13,70.559998
2011-05-16,70.720001
2011-05-17,71.110001
2011-05-18,71.269997
2011-05-19,71.779999
2011-05-20,71.300003
2011-05-23,71.040001
2011-05-24,70.980003
2011-05-25,70.449997
2011-05-26,70.41999799999999
2011-05-27,70.400002
2011-05-31,71.120003
2011-06-01,70.290001
2011-06-02,69.510002
2011-06-03,68.970001
2011-06-06,68.889999
2011-06-07,68.93
2011-06-08,68.839996
2011-06-09,69.510002
2011-06-10,68.690002
2011-06-13,69.059998
2011-06-14,69.57
2011-06-15,68.480003
2011-06-16,68.889999
2011-06-17,68.720001
2011-06-20,68.980003
2011-06-21,68.93
2011-06-22,68.779999
2011-06-23,67.980003
2011-06-24,68.449997
2011-06-27,69.050003
2011-06-28,69.620003
2011-06-29,69.959999
2011-06-30,70.43
2011-07-01,70.190002
2011-07-05,69.769997
2011-07-06,70.16999799999999
2011-07-07,70.519997
2011-07-08,69.93
2011-07-11,69.300003
2011-07-12,69.010002
2011-07-13,68.889999
2011-07-14,68.599998
2011-07-15,68.529999
2011-07-18,68.0
2011-07-19,68.540001
2011-07-20,68.489998
2011-07-21,66.16999799999999
2011-07-22,65.760002
2011-07-25,64.370003
2011-07-26,64.07
2011-07-27,63.860001000000004
2011-07-28,63.889998999999996
2011-07-29,64.040001
2011-08-01,63.860001000000004
2011-08-02,63.18
2011-08-03,64.480003
2011-08-04,63.349998
2011-08-05,64.66999799999999
2011-08-08,62.970001
2011-08-09,63.09
2011-08-10,60.32
2011-08-11,62.869999
2011-08-12,63.18
2011-08-15,63.57
2011-08-16,63.759997999999996
2011-08-17,64.620003
2011-08-18,63.09
2011-08-19,62.07
2011-08-22,61.919998
2011-08-23,63.48
2011-08-24,63.700001
2011-08-25,63.02
2011-08-26,63.16
2011-08-29,64.160004
2011-08-30,64.519997
2011-08-31,64.43
2011-09-01,64.150002
2011-09-02,63.299999
2011-09-06,62.450001
2011-09-07,61.619999
2011-09-08,61.34
2011-09-09,59.990002000000004
2011-09-12,60.139998999999996
2011-09-13,60.540001000000004
2011-09-14,61.580002
2011-09-15,63.220001
2011-09-16,62.049999
2011-09-19,60.560001
2011-09-20,60.389998999999996
2011-09-21,60.790001000000004
2011-09-22,60.919998
2011-09-23,60.34
2011-09-26,61.889998999999996
2011-09-27,62.43
2011-09-28,61.970001
2011-09-29,62.580002
2011-09-30,61.900002
2011-10-03,60.290001000000004
2011-10-04,60.450001
2011-10-05,60.290001000000004
2011-10-06,60.57
2011-10-07,61.02
2011-10-10,61.869999
2011-10-11,60.950001
2011-10-12,62.700001
2011-10-13,62.360001000000004
2011-10-14,62.240002000000004
2011-10-17,61.889998999999996
2011-10-18,62.41
2011-10-19,62.110001000000004
2011-10-20,62.119999
2011-10-21,62.279999
2011-10-24,62.099998
2011-10-25,61.82
2011-10-26,62.009997999999996
2011-10-27,62.880001
2011-10-28,63.200001
2011-10-31,62.950001
2011-11-01,62.23
2011-11-02,62.41
2011-11-03,62.799999
2011-11-04,61.990002000000004
2011-11-07,62.5
2011-11-08,63.66
2011-11-09,62.279999
2011-11-10,62.959998999999996
2011-11-11,63.279999
2011-11-14,62.799999
2011-11-15,64.5
2011-11-16,65.089996
2011-11-17,64.089996
2011-11-18,63.889998999999996
2011-11-21,63.150002
2011-11-22,63.18
2011-11-23,62.400002
2011-11-25,62.490002000000004
2011-11-28,62.990002000000004
2011-11-29,63.66
2011-11-30,64.0
2011-12-01,64.089996
2011-12-02,64.279999
2011-12-05,64.400002
2011-12-06,64.650002
2011-12-07,64.910004
2011-12-08,64.33000200000001
2011-12-09,65.190002
2011-12-12,64.660004
2011-12-13,64.279999
2011-12-14,63.98
2011-12-15,64.849998
2011-12-16,64.709999
2011-12-19,64.370003
2011-12-20,65.529999
2011-12-21,66.040001
2011-12-22,66.040001
2011-12-23,66.57
2011-12-27,66.379997
2011-12-28,65.910004
2011-12-29,66.540001
2011-12-30,66.349998
2012-01-03,66.400002
2012-01-04,66.739998
2012-01-05,66.220001
2012-01-06,65.389999
2012-01-09,65.730003
2012-01-10,65.660004
2012-01-11,65.010002
2012-01-12,64.620003
2012-01-13,64.400002
2012-01-17,64.650002
2012-01-18,64.849998
2012-01-19,65.910004
2012-01-20,66.279999
2012-01-23,66.099998
2012-01-24,66.199997
2012-01-25,66.699997
2012-01-26,66.519997
2012-01-27,65.809998
2012-01-30,65.410004
2012-01-31,65.66999799999999
2012-02-01,66.379997
2012-02-02,66.400002
2012-02-03,66.660004
2012-02-06,66.519997
2012-02-07,66.760002
2012-02-08,66.739998
2012-02-09,64.269997
2012-02-10,63.950001
2012-02-13,63.689999
2012-02-14,63.52
2012-02-15,63.07
2012-02-16,62.73
2012-02-17,62.68
2012-02-21,63.139998999999996
2012-02-22,63.099998
2012-02-23,63.130001
2012-02-24,63.310001
2012-02-27,63.32
2012-02-28,63.32
2012-02-29,62.939999
2012-03-01,62.549999
2012-03-02,62.52
2012-03-05,62.790001000000004
2012-03-06,62.279999
2012-03-07,62.619999
2012-03-08,62.950001
2012-03-09,63.150002
2012-03-12,63.939999
2012-03-13,64.339996
2012-03-14,64.059998
2012-03-15,64.16999799999999
2012-03-16,64.470001
2012-03-19,64.730003
2012-03-20,65.279999
2012-03-21,65.360001
2012-03-22,65.389999
2012-03-23,65.300003
2012-03-26,65.779999
2012-03-27,66.010002
2012-03-28,65.93
2012-03-29,66.019997
2012-03-30,66.349998
2012-04-02,66.739998
2012-04-03,66.559998
2012-04-04,66.339996
2012-04-05,66.150002
2012-04-09,65.349998
2012-04-10,64.849998
2012-04-11,65.150002
2012-04-12,65.379997
2012-04-13,65.059998
2012-04-16,65.989998
2012-04-17,66.400002
2012-04-18,66.209999
2012-04-19,66.150002
2012-04-20,66.629997
2012-04-23,66.18
2012-04-24,66.510002
2012-04-25,66.66999799999999
2012-04-26,66.370003
2012-04-27,66.099998
2012-04-30,66.0
2012-05-01,66.489998
2012-05-02,66.83000200000001
2012-05-03,66.910004
2012-05-04,65.900002
2012-05-07,66.620003
2012-05-08,66.519997
2012-05-09,65.940002
2012-05-10,66.790001
2012-05-11,66.800003
2012-05-14,67.150002
2012-05-15,67.849998
2012-05-16,68.75
2012-05-17,68.769997
2012-05-18,68.120003
2012-05-21,67.980003
2012-05-22,68.08000200000001
2012-05-23,68.0
2012-05-24,68.809998
2012-05-25,68.639999
2012-05-29,69.33000200000001
2012-05-30,68.220001
2012-05-31,67.849998
2012-06-01,67.510002
2012-06-04,67.480003
2012-06-05,67.0
2012-06-06,67.489998
2012-06-07,67.68
2012-06-08,68.309998
2012-06-11,68.050003
2012-06-12,68.400002
2012-06-13,68.550003
2012-06-14,69.269997
2012-06-15,69.480003
2012-06-18,69.599998
2012-06-19,69.309998
2012-06-20,68.910004
2012-06-21,68.5
2012-06-22,68.699997
2012-06-25,68.610001
2012-06-26,68.940002
2012-06-27,69.75
2012-06-28,69.599998
2012-06-29,70.660004
2012-07-02,70.760002
2012-07-03,70.760002
2012-07-05,70.16999799999999
2012-07-06,70.220001
2012-07-09,69.989998
2012-07-10,69.870003
2012-07-11,70.129997
2012-07-12,69.849998
2012-07-13,70.410004
2012-07-16,70.349998
2012-07-17,70.33000200000001
2012-07-18,70.379997
2012-07-19,70.41999799999999
2012-07-20,69.959999
2012-07-23,69.339996
2012-07-24,68.790001
2012-07-25,70.300003
2012-07-26,71.220001
2012-07-27,72.260002
2012-07-30,72.75
2012-07-31,72.730003
2012-08-01,72.400002
2012-08-02,71.800003
2012-08-03,72.870003
2012-08-06,72.480003
2012-08-07,72.290001
2012-08-08,72.57
2012-08-09,72.139999
2012-08-10,72.129997
2012-08-13,71.989998
2012-08-14,72.239998
2012-08-15,72.620003
2012-08-16,73.58000200000001
2012-08-17,73.389999
2012-08-20,73.33000200000001
2012-08-21,73.010002
2012-08-22,72.889999
2012-08-23,72.660004
2012-08-24,73.059998
2012-08-27,73.16999799999999
2012-08-28,73.120003
2012-08-29,72.779999
2012-08-30,72.18
2012-08-31,72.43
2012-09-04,72.480003
2012-09-05,71.540001
2012-09-06,72.150002
2012-09-07,72.099998
2012-09-10,71.839996
2012-09-11,71.58000200000001
2012-09-12,70.059998
2012-09-13,70.879997
2012-09-14,70.459999
2012-09-17,70.389999
2012-09-18,70.730003
2012-09-19,70.849998
2012-09-20,71.239998
2012-09-21,70.550003
2012-09-24,70.699997
2012-09-25,70.349998
2012-09-26,70.41999799999999
2012-09-27,70.639999
2012-09-28,70.769997
2012-10-01,70.650002
2012-10-02,70.620003
2012-10-03,70.699997
2012-10-04,70.870003
2012-10-05,71.099998
2012-10-08,71.190002
2012-10-09,71.110001
2012-10-10,70.290001
2012-10-11,69.82
2012-10-12,70.050003
2012-10-15,70.339996
2012-10-16,70.300003
2012-10-17,70.099998
2012-10-18,70.760002
2012-10-19,69.879997
2012-10-22,69.599998
2012-10-23,68.519997
2012-10-24,68.400002
2012-10-25,68.889999
2012-10-26,68.980003
2012-10-31,69.239998
2012-11-01,69.440002
2012-11-02,69.050003
2012-11-05,69.0
2012-11-06,69.349998
2012-11-07,68.989998
2012-11-08,68.790001
2012-11-09,68.849998
2012-11-12,68.610001
2012-11-13,68.58000200000001
2012-11-14,68.16999799999999
2012-11-15,68.190002
2012-11-16,68.309998
2012-11-19,68.779999
2012-11-20,68.910004
2012-11-21,69.309998
2012-11-23,70.190002
2012-11-26,70.0
2012-11-27,70.110001
2012-11-28,70.349998
2012-11-29,70.309998
2012-11-30,70.209999
2012-12-03,69.870003
2012-12-04,69.860001
2012-12-05,69.709999
2012-12-06,70.019997
2012-12-07,70.260002
2012-12-10,70.209999
2012-12-11,70.41999799999999
2012-12-12,70.239998
2012-12-13,70.209999
2012-12-14,70.160004
2012-12-17,70.370003
2012-12-18,70.529999
2012-12-19,69.879997
2012-12-20,70.110001
2012-12-21,69.629997
2012-12-24,69.43
2012-12-26,68.839996
2012-12-27,68.66999799999999
2012-12-28,68.019997
2012-12-31,68.43
2013-01-02,69.33000200000001
2013-01-03,69.360001
2013-01-04,69.459999
2013-01-07,69.449997
2013-01-08,69.660004
2013-01-09,70.010002
2013-01-10,70.809998
2013-01-11,70.879997
2013-01-14,71.290001
2013-01-15,71.599998
2013-01-16,71.480003
2013-01-17,72.43
2013-01-18,72.480003
2013-01-22,72.199997
2013-01-23,71.809998
2013-01-24,72.230003
2013-01-25,72.489998
2013-01-28,72.610001
2013-01-29,72.940002
2013-01-30,73.209999
2013-01-31,72.849998
2013-02-01,72.66999799999999
2013-02-04,72.449997
2013-02-05,73.150002
2013-02-06,72.769997
2013-02-07,72.809998
2013-02-08,72.599998
2013-02-11,72.360001
2013-02-12,72.16999799999999
2013-02-13,71.5
2013-02-14,72.279999
2013-02-15,73.68
2013-02-19,75.5
2013-02-20,75.41999799999999
2013-02-21,75.360001
2013-02-22,75.57
2013-02-25,75.190002
2013-02-26,75.620003
2013-02-27,75.480003
2013-02-28,75.769997
2013-03-01,75.93
2013-03-04,76.599998
2013-03-05,76.900002
2013-03-06,76.800003
2013-03-07,77.139999
2013-03-08,77.199997
2013-03-11,76.849998
2013-03-12,76.889999
2013-03-13,76.949997
2013-03-14,77.190002
2013-03-15,77.040001
2013-03-18,76.68
2013-03-19,76.66999799999999
2013-03-20,76.32
2013-03-21,76.150002
2013-03-22,78.639999
2013-03-25,77.83000200000001
2013-03-26,78.91999799999999
2013-03-27,78.290001
2013-03-28,79.110001
2013-04-01,79.099998
2013-04-02,79.739998
2013-04-03,78.959999
2013-04-04,79.529999
2013-04-05,78.589996
2013-04-08,79.5
2013-04-09,79.209999
2013-04-10,80.059998
2013-04-11,79.959999
2013-04-12,79.989998
2013-04-15,78.91999799999999
2013-04-16,80.0
2013-04-17,78.849998
2013-04-18,81.25
2013-04-19,82.769997
2013-04-22,83.379997
2013-04-23,84.099998
2013-04-24,82.339996
2013-04-25,82.82
2013-04-26,82.510002
2013-04-29,82.650002
2013-04-30,82.470001
2013-05-01,82.209999
2013-05-02,82.559998
2013-05-03,82.83000200000001
2013-05-06,82.5
2013-05-07,83.339996
2013-05-08,83.25
2013-05-09,82.849998
2013-05-10,83.0
2013-05-13,83.029999
2013-05-14,83.5
2013-05-15,84.25
2013-05-16,83.739998
2013-05-17,83.800003
2013-05-20,82.589996
2013-05-21,82.629997
2013-05-22,82.970001
2013-05-23,82.120003
2013-05-24,82.58000200000001
2013-05-28,82.43
2013-05-29,81.120003
2013-05-30,81.220001
2013-05-31,80.769997
2013-06-03,81.400002
2013-06-04,81.629997
2013-06-05,81.199997
2013-06-06,81.660004
2013-06-07,82.510002
2013-06-10,82.849998
2013-06-11,82.529999
2013-06-12,82.110001
2013-06-13,81.980003
2013-06-14,82.129997
2013-06-17,82.550003
2013-06-18,82.57
2013-06-19,80.889999
2013-06-20,78.910004
2013-06-21,80.129997
2013-06-24,80.129997
2013-06-25,80.040001
2013-06-26,81.300003
2013-06-27,81.739998
2013-06-28,81.790001
2013-07-01,82.040001
2013-07-02,81.68
2013-07-03,80.730003
2013-07-05,80.800003
2013-07-08,81.779999
2013-07-09,82.769997
2013-07-10,82.989998
2013-07-11,84.550003
2013-07-12,84.32
2013-07-15,84.720001
2013-07-16,84.019997
2013-07-17,85.239998
2013-07-18,86.800003
2013-07-19,86.410004
2013-07-22,86.400002
2013-07-23,86.199997
2013-07-24,85.639999
2013-07-25,85.550003
2013-07-26,85.309998
2013-07-29,85.25
2013-07-30,85.110001
2013-07-31,83.540001
2013-08-01,84.199997
2013-08-02,84.290001
2013-08-05,84.480003
2013-08-06,85.050003
2013-08-07,84.760002
2013-08-08,84.68
2013-08-09,84.339996
2013-08-12,83.809998
2013-08-13,83.389999
2013-08-14,82.75
2013-08-15,80.910004
2013-08-16,80.18
2013-08-19,80.879997
2013-08-20,80.290001
2013-08-21,79.08000200000001
2013-08-22,79.25
2013-08-23,79.849998
2013-08-26,79.690002
2013-08-27,79.059998
2013-08-28,79.370003
2013-08-29,79.33000200000001
2013-08-30,79.730003
2013-09-03,80.199997
2013-09-04,79.529999
2013-09-05,79.07
2013-09-06,79.260002
2013-09-09,79.379997
2013-09-10,79.43
2013-09-11,79.849998
2013-09-12,79.870003
2013-09-13,80.32
2013-09-16,81.019997
2013-09-17,81.660004
2013-09-18,82.879997
2013-09-19,81.82
2013-09-20,81.739998
2013-09-23,81.019997
2013-09-24,80.540001
2013-09-25,80.209999
2013-09-26,80.540001
2013-09-27,80.199997
2013-09-30,79.5
2013-10-01,79.82
2013-10-02,79.559998
2013-10-03,79.440002
2013-10-04,79.620003
2013-10-07,79.059998
2013-10-08,78.93
2013-10-09,79.5
2013-10-10,80.690002
2013-10-11,80.83000200000001
2013-10-14,81.089996
2013-10-15,80.599998
2013-10-16,82.269997
2013-10-17,82.58000200000001
2013-10-18,83.010002
2013-10-21,82.370003
2013-10-22,83.440002
2013-10-23,83.33000200000001
2013-10-24,82.540001
2013-10-25,83.349998
2013-10-28,84.610001
2013-10-29,85.489998
2013-10-30,84.720001
2013-10-31,84.089996
2013-11-01,84.559998
2013-11-04,84.370003
2013-11-05,84.620003
2013-11-06,86.68
2013-11-07,85.300003
2013-11-08,85.849998
2013-11-11,85.449997
2013-11-12,85.639999
2013-11-13,85.949997
2013-11-14,86.389999
2013-11-15,86.029999
2013-11-18,85.860001
2013-11-19,85.290001
2013-11-20,85.129997
2013-11-21,85.620003
2013-11-22,85.739998
2013-11-25,85.370003
2013-11-26,84.389999
2013-11-27,84.41999799999999
2013-11-29,84.459999
2013-12-02,83.699997
2013-12-03,83.800003
2013-12-04,82.650002
2013-12-05,81.900002
2013-12-06,83.150002
2013-12-09,82.690002
2013-12-10,82.400002
2013-12-11,82.66999799999999
2013-12-12,81.279999
2013-12-13,80.93
2013-12-16,81.0
2013-12-17,80.459999
2013-12-18,81.41999799999999
2013-12-19,81.660004
2013-12-20,81.809998
2013-12-23,81.860001
2013-12-24,82.040001
2013-12-26,82.449997
2013-12-27,82.709999
2013-12-30,82.910004
2013-12-31,82.940002
2014-01-02,82.099998
2014-01-03,82.239998
2014-01-06,82.279999
2014-01-07,83.480003
2014-01-08,83.239998
2014-01-09,82.849998
2014-01-10,83.5
2014-01-13,82.370003
2014-01-14,82.370003
2014-01-15,82.889999
2014-01-16,82.860001
2014-01-17,82.199997
2014-01-21,82.91999799999999
2014-01-22,82.849998
2014-01-23,82.43
2014-01-24,81.43
2014-01-27,82.059998
2014-01-28,82.32
2014-01-29,80.220001
2014-01-30,81.08000200000001
2014-01-31,80.360001
2014-02-03,78.57
2014-02-04,78.82
2014-02-05,79.41999799999999
2014-02-06,79.389999
2014-02-07,80.220001
2014-02-10,80.599998
2014-02-11,81.25
2014-02-12,81.489998
2014-02-13,79.690002
2014-02-14,78.089996
2014-02-18,78.18
2014-02-19,77.099998
2014-02-20,78.010002
2014-02-21,78.220001
2014-02-24,78.879997
2014-02-25,79.230003
2014-02-26,78.650002
2014-02-27,79.07
2014-02-28,80.07
2014-03-03,79.519997
2014-03-04,80.849998
2014-03-05,81.110001
2014-03-06,81.33000200000001
2014-03-07,81.559998
2014-03-10,81.730003
2014-03-11,82.809998
2014-03-12,82.150002
2014-03-13,81.800003
2014-03-14,81.0
2014-03-17,82.050003
2014-03-18,81.949997
2014-03-19,81.370003
2014-03-20,81.860001
2014-03-21,82.139999
2014-03-24,81.889999
2014-03-25,82.400002
2014-03-26,82.870003
2014-03-27,82.540001
2014-03-28,82.949997
2014-03-31,83.5
2014-04-01,82.879997
2014-04-02,82.730003
2014-04-03,82.910004
2014-04-04,82.589996
2014-04-07,83.910004
2014-04-08,83.470001
2014-04-09,83.910004
2014-04-10,83.620003
2014-04-11,83.150002
2014-04-14,83.550003
2014-04-15,83.959999
2014-04-16,84.769997
2014-04-17,85.550003
2014-04-21,85.910004
2014-04-22,85.139999
2014-04-23,85.410004
2014-04-24,85.519997
2014-04-25,85.25
2014-04-28,86.82
2014-04-29,85.760002
2014-04-30,85.889999
2014-05-01,85.57
2014-05-02,85.519997
2014-05-05,85.910004
2014-05-06,85.370003
2014-05-07,86.800003
2014-05-08,86.660004
2014-05-09,87.16999799999999
2014-05-12,86.93
2014-05-13,87.230003
2014-05-14,86.839996
2014-05-15,85.739998
2014-05-16,86.540001
2014-05-19,86.099998
2014-05-20,85.650002
2014-05-21,86.099998
2014-05-22,85.58000200000001
2014-05-23,85.83000200000001
2014-05-27,86.529999
2014-05-28,87.07
2014-05-29,87.730003
2014-05-30,88.33000200000001
2014-06-02,87.870003
2014-06-03,88.220001
2014-06-04,87.43
2014-06-05,87.760002
2014-06-06,87.910004
2014-06-09,88.0
2014-06-10,88.41999799999999
2014-06-11,87.779999
2014-06-12,87.220001
2014-06-13,87.190002
2014-06-16,87.550003
2014-06-17,87.279999
2014-06-18,88.900002
2014-06-19,90.099998
2014-06-20,89.099998
2014-06-23,88.389999
2014-06-24,88.050003
2014-06-25,88.58000200000001
2014-06-26,88.610001
2014-06-27,88.760002
2014-06-30,89.339996
2014-07-01,89.129997
2014-07-02,89.66999799999999
2014-07-03,90.019997
2014-07-07,89.860001
2014-07-08,89.730003
2014-07-09,89.769997
2014-07-10,90.099998
2014-07-11,89.849998
2014-07-14,91.08000200000001
2014-07-15,90.339996
2014-07-16,90.5
2014-07-17,89.989998
2014-07-18,90.089996
2014-07-21,89.910004
2014-07-22,89.16999799999999
2014-07-23,90.82
2014-07-24,91.910004
2014-07-25,91.550003
2014-07-28,90.970001
2014-07-29,90.139999
2014-07-30,88.910004
2014-07-31,88.099998
2014-08-01,88.110001
2014-08-04,89.690002
2014-08-05,89.199997
2014-08-06,90.510002
2014-08-07,89.900002
2014-08-08,90.290001
2014-08-11,91.790001
2014-08-12,91.209999
2014-08-13,91.739998
2014-08-14,91.790001
2014-08-15,91.849998
2014-08-18,92.150002
2014-08-19,91.860001
2014-08-20,92.230003
2014-08-21,92.050003
2014-08-22,91.599998
2014-08-25,93.190002
2014-08-26,92.599998
2014-08-27,92.230003
2014-08-28,92.58000200000001
2014-08-29,92.489998
2014-09-02,92.480003
2014-09-03,92.75
2014-09-04,91.849998
2014-09-05,91.75
2014-09-08,91.860001
2014-09-09,91.41999799999999
2014-09-10,91.790001
2014-09-11,91.650002
2014-09-12,90.870003
2014-09-15,91.199997
2014-09-16,92.57
2014-09-17,92.849998
2014-09-18,93.370003
2014-09-19,93.790001
2014-09-22,93.58000200000001
2014-09-23,92.93
2014-09-24,93.5
2014-09-25,92.66999799999999
2014-09-26,93.129997
2014-09-29,93.150002
2014-09-30,93.089996
2014-10-01,92.650002
2014-10-02,92.58000200000001
2014-10-03,93.5
2014-10-06,93.370003
2014-10-07,93.099998
2014-10-08,93.940002
2014-10-09,93.57
2014-10-10,94.650002
2014-10-13,93.940002
2014-10-14,93.010002
2014-10-15,91.769997
2014-10-16,90.790001
2014-10-17,91.510002
2014-10-20,93.550003
2014-10-21,93.730003
2014-10-22,94.459999
2014-10-23,93.760002
2014-10-24,94.599998
2014-10-27,94.620003
2014-10-28,95.260002
2014-10-29,94.690002
2014-10-30,95.650002
2014-10-31,96.16999799999999
2014-11-03,95.83000200000001
2014-11-04,96.730003
2014-11-05,96.889999
2014-11-06,96.809998
2014-11-07,96.800003
2014-11-10,96.970001
2014-11-11,96.699997
2014-11-12,97.160004
2014-11-13,98.540001
2014-11-14,97.720001
2014-11-17,98.41999799999999
2014-11-18,97.940002
2014-11-19,98.410004
2014-11-20,98.059998
2014-11-21,98.889999
2014-11-24,98.68
2014-11-25,98.93
2014-11-26,99.349998
2014-11-28,100.099998
2014-12-01,99.66999799999999
2014-12-02,100.389999
2014-12-03,98.32
2014-12-04,97.75
2014-12-05,97.760002
2014-12-08,97.779999
2014-12-09,97.129997
2014-12-10,96.18
2014-12-11,96.290001
2014-12-12,94.739998
2014-12-15,94.139999
2014-12-16,92.589996
2014-12-17,93.720001
2014-12-18,95.360001
2014-12-19,95.440002
2014-12-22,96.620003
2014-12-23,97.360001
2014-12-24,97.089996
2014-12-26,97.050003
2014-12-29,96.730003
2014-12-30,95.959999
2014-12-31,94.559998
2015-01-02,94.440002
2015-01-05,93.730003
2015-01-06,93.019997
2015-01-07,95.739998
2015-01-08,97.480003
2015-01-09,96.82
2015-01-12,96.41999799999999
2015-01-13,96.349998
2015-01-14,96.66999799999999
2015-01-15,96.66999799999999
2015-01-16,97.290001
2015-01-20,97.510002
2015-01-21,97.400002
2015-01-22,98.900002
2015-01-23,98.529999
2015-01-26,98.690002
2015-01-27,96.720001
2015-01-28,95.720001
2015-01-29,96.029999
2015-01-30,93.779999
2015-02-02,95.33000200000001
2015-02-03,96.199997
2015-02-04,96.599998
2015-02-05,96.610001
2015-02-06,96.709999
2015-02-09,95.970001
2015-02-10,97.989998
2015-02-11,100.400002
2015-02-12,100.269997
2015-02-13,99.129997
2015-02-17,98.360001
2015-02-18,99.33000200000001
2015-02-19,98.720001
2015-02-20,99.059998
2015-02-23,99.449997
2015-02-24,99.58000200000001
2015-02-25,99.5
2015-02-26,99.07
2015-02-27,98.980003
2015-03-02,99.0
2015-03-03,98.400002
2015-03-04,97.360001
2015-03-05,97.230003
2015-03-06,96.16999799999999
2015-03-09,96.040001
2015-03-10,94.43
2015-03-11,93.629997
2015-03-12,95.709999
2015-03-13,94.32
2015-03-16,95.449997
2015-03-17,94.129997
2015-03-18,94.639999
2015-03-19,94.099998
2015-03-20,95.339996
2015-03-23,95.849998
2015-03-24,95.860001
2015-03-25,95.260002
2015-03-26,95.629997
2015-03-27,95.949997
2015-03-30,96.519997
2015-03-31,95.620003
2015-04-01,95.089996
2015-04-02,95.690002
2015-04-06,96.480003
2015-04-07,96.209999
2015-04-08,96.029999
2015-04-09,96.349998
2015-04-10,96.199997
2015-04-13,95.529999
2015-04-14,96.489998
2015-04-15,96.629997
2015-04-16,96.449997
2015-04-17,95.809998
2015-04-20,96.5
2015-04-21,96.779999
2015-04-22,97.279999
2015-04-23,95.730003
2015-04-24,95.16999799999999
2015-04-27,94.489998
2015-04-28,94.41999799999999
2015-04-29,94.379997
2015-04-30,95.120003
2015-05-01,95.559998
2015-05-04,95.949997
2015-05-05,95.41999799999999
2015-05-06,95.480003
2015-05-07,95.150002
2015-05-08,96.550003
2015-05-11,96.349998
2015-05-12,96.199997
2015-05-13,96.410004
2015-05-14,98.0
2015-05-15,98.220001
2015-05-18,98.050003
2015-05-19,97.949997
2015-05-20,97.690002
2015-05-21,97.199997
2015-05-22,96.260002
2015-05-26,95.790001
2015-05-27,96.379997
2015-05-28,97.059998
2015-05-29,96.43
2015-06-01,95.970001
2015-06-02,96.050003
2015-06-03,95.300003
2015-06-04,94.139999
2015-06-05,93.050003
2015-06-08,92.839996
2015-06-09,93.07
2015-06-10,93.690002
2015-06-11,94.089996
2015-06-12,93.739998
2015-06-15,92.639999
2015-06-16,93.550003
2015-06-17,94.050003
2015-06-18,95.230003
2015-06-19,94.860001
2015-06-22,95.599998
2015-06-23,95.599998
2015-06-24,95.290001
2015-06-25,94.83000200000001
2015-06-26,94.910004
2015-06-29,93.690002
2015-06-30,93.339996
2015-07-01,94.519997
2015-07-02,94.660004
2015-07-06,94.400002
2015-07-07,96.400002
2015-07-08,95.610001
2015-07-09,94.589996
2015-07-10,95.550003
2015-07-13,97.220001
2015-07-14,97.129997
2015-07-15,96.349998
2015-07-16,96.900002
2015-07-17,96.779999
2015-07-20,97.309998
2015-07-21,96.93
2015-07-22,97.16999799999999
2015-07-23,96.870003
2015-07-24,96.18
2015-07-27,95.660004
2015-07-28,96.110001
2015-07-29,96.529999
2015-07-30,96.629997
2015-07-31,96.349998
2015-08-03,97.449997
2015-08-04,97.809998
2015-08-05,99.190002
2015-08-06,99.150002
2015-08-07,99.099998
2015-08-10,99.089996
2015-08-11,98.620003
2015-08-12,98.379997
2015-08-13,98.790001
2015-08-14,99.230003
2015-08-17,99.860001
2015-08-18,99.769997
2015-08-19,98.989998
2015-08-20,97.980003
2015-08-21,96.25
2015-08-24,91.83000200000001
2015-08-25,89.639999
2015-08-26,92.489998
2015-08-27,93.599998
2015-08-28,93.529999
2015-08-31,92.93
2015-09-01,91.33000200000001
2015-09-02,91.639999
2015-09-03,92.129997
2015-09-04,90.91999799999999
2015-09-08,92.370003
2015-09-09,90.83000200000001
2015-09-10,91.059998
2015-09-11,91.620003
2015-09-14,91.199997
2015-09-15,92.059998
2015-09-16,93.07
2015-09-17,93.370003
2015-09-18,93.050003
2015-09-21,93.709999
2015-09-22,92.370003
2015-09-23,92.400002
2015-09-24,92.470001
2015-09-25,93.470001
2015-09-28,92.470001
2015-09-29,93.040001
2015-09-30,94.300003
2015-10-01,93.849998
2015-10-02,94.160004
2015-10-05,95.809998
2015-10-06,97.07
2015-10-07,98.519997
2015-10-08,98.970001
2015-10-09,99.470001
2015-10-12,99.139999
2015-10-13,97.91999799999999
2015-10-14,97.489998
2015-10-15,98.279999
2015-10-16,99.699997
2015-10-19,100.18
2015-10-20,100.269997
2015-10-21,100.25
2015-10-22,103.08000200000001
2015-10-23,102.43
2015-10-26,102.540001
2015-10-27,102.940002
2015-10-28,102.739998
2015-10-29,102.800003
2015-10-30,102.190002
2015-11-02,101.400002
2015-11-03,100.91999799999999
2015-11-04,100.620003
2015-11-05,100.610001
2015-11-06,99.720001
2015-11-09,98.879997
2015-11-10,98.83000200000001
2015-11-11,99.43
2015-11-12,98.370003
2015-11-13,98.040001
2015-11-16,99.559998
2015-11-17,98.83000200000001
2015-11-18,100.269997
2015-11-19,100.93
2015-11-20,100.099998
2015-11-23,100.849998
2015-11-24,100.629997
2015-11-25,100.5
2015-11-27,100.739998
2015-11-30,100.160004
2015-12-01,101.059998
2015-12-02,99.480003
2015-12-03,99.089996
2015-12-04,101.059998
2015-12-07,100.66999799999999
2015-12-08,100.16999799999999
2015-12-09,99.129997
2015-12-10,98.900002
2015-12-11,97.779999
2015-12-14,97.949997
2015-12-15,99.389999
2015-12-16,101.08000200000001
2015-12-17,100.199997
2015-12-18,97.900002
2015-12-21,98.620003
2015-12-22,99.800003
2015-12-23,100.639999
2015-12-24,100.540001
2015-12-28,100.68
2015-12-29,101.449997
2015-12-30,101.150002
2015-12-31,99.91999799999999
2016-01-04,98.769997
2016-01-05,99.449997
2016-01-06,99.480003
2016-01-07,97.57
2016-01-08,97.209999
2016-01-11,97.440002
2016-01-12,97.620003
2016-01-13,96.5
2016-01-14,95.809998
2016-01-15,93.93
2016-01-19,95.769997
2016-01-20,93.769997
2016-01-21,94.470001
2016-01-22,95.849998
2016-01-25,95.940002
2016-01-26,96.32
2016-01-27,95.940002
2016-01-28,97.449997
2016-01-29,99.300003
2016-02-01,99.029999
2016-02-02,98.209999
2016-02-03,98.720001
2016-02-04,97.389999
2016-02-05,97.32
2016-02-08,97.519997
2016-02-09,98.279999
2016-02-10,97.620003
2016-02-11,96.900002
2016-02-12,98.489998
2016-02-16,98.599998
2016-02-17,99.550003
2016-02-18,99.620003
2016-02-19,99.58000200000001
2016-02-22,99.870003
2016-02-23,99.540001
2016-02-24,99.68
2016-02-25,100.66999799999999
2016-02-26,98.360001
2016-02-29,97.82
2016-03-01,99.089996
2016-03-02,98.33000200000001
2016-03-03,99.160004
2016-03-04,100.0
2016-03-07,99.25
2016-03-08,99.739998
2016-03-09,100.199997
2016-03-10,100.779999
2016-03-11,101.309998
2016-03-14,100.650002
2016-03-15,101.150002
2016-03-16,100.83000200000001
2016-03-17,101.870003
2016-03-18,101.290001
2016-03-21,101.540001
2016-03-22,100.769997
2016-03-23,100.809998
2016-03-24,100.68
2016-03-28,100.980003
2016-03-29,101.370003
2016-03-30,102.690002
2016-03-31,102.480003
2016-04-01,103.779999
2016-04-04,103.82
2016-04-05,103.099998
2016-04-06,103.91999799999999
2016-04-07,103.599998
2016-04-08,105.08000200000001
2016-04-11,104.300003
2016-04-12,104.910004
2016-04-13,104.120003
2016-04-14,103.160004
2016-04-15,103.769997
2016-04-18,103.720001
2016-04-19,104.32
2016-04-20,102.440002
2016-04-21,100.989998
2016-04-22,101.980003
2016-04-25,102.800003
2016-04-26,102.599998
2016-04-27,102.629997
2016-04-28,102.970001
2016-04-29,102.959999
2016-05-02,103.43
2016-05-03,103.559998
2016-05-04,104.019997
2016-05-05,104.209999
2016-05-06,104.959999
2016-05-09,105.279999
2016-05-10,106.57
2016-05-11,105.720001
2016-05-12,106.099998
2016-05-13,104.18
2016-05-16,104.129997
2016-05-17,102.370003
2016-05-18,100.910004
2016-05-19,101.33000200000001
2016-05-20,100.099998
2016-05-23,100.41999799999999
2016-05-24,101.089996
2016-05-25,101.089996
2016-05-26,101.900002
2016-05-27,101.959999
2016-05-31,101.16999799999999
2016-06-01,101.57
2016-06-02,102.0
2016-06-03,102.529999
2016-06-06,102.699997
2016-06-07,102.489998
2016-06-08,103.18
2016-06-09,103.660004
2016-06-10,103.309998
2016-06-13,103.059998
2016-06-14,103.230003
2016-06-15,102.860001
2016-06-16,103.849998
2016-06-17,103.410004
2016-06-20,103.370003
2016-06-21,104.08000200000001
2016-06-22,103.739998
2016-06-23,104.440002
2016-06-24,101.980003
2016-06-27,102.129997
2016-06-28,102.139999
2016-06-29,103.120003
2016-06-30,105.940002
2016-07-01,105.629997
2016-07-05,106.41999799999999
2016-07-06,105.91999799999999
2016-07-07,107.489998
2016-07-08,108.269997
2016-07-11,108.910004
2016-07-12,108.790001
2016-07-13,109.910004
2016-07-14,109.959999
2016-07-15,109.660004
2016-07-18,109.209999
2016-07-19,109.529999
2016-07-20,108.91999799999999
2016-07-21,108.58000200000001
2016-07-22,109.190002
2016-07-25,109.019997
2016-07-26,108.199997
2016-07-27,107.480003
2016-07-28,108.129997
2016-07-29,108.91999799999999
2016-08-01,108.93
2016-08-02,108.720001
2016-08-03,108.040001
2016-08-04,108.41999799999999
2016-08-05,108.660004
2016-08-08,108.139999
2016-08-09,108.279999
2016-08-10,108.82
2016-08-11,108.480003
2016-08-12,108.589996
2016-08-15,108.720001
2016-08-16,108.0
2016-08-17,108.470001
2016-08-18,108.279999
2016-08-19,108.16999799999999
2016-08-22,107.959999
2016-08-23,107.879997
2016-08-24,108.110001
2016-08-25,107.879997
2016-08-26,107.449997
2016-08-29,107.989998
2016-08-30,107.209999
2016-08-31,106.75
2016-09-01,107.290001
2016-09-02,107.870003
2016-09-06,107.91999799999999
2016-09-07,107.209999
2016-09-08,106.879997
2016-09-09,104.050003
2016-09-12,106.019997
2016-09-13,104.589996
2016-09-14,105.050003
2016-09-15,105.480003
2016-09-16,105.279999
2016-09-19,105.66999799999999
2016-09-20,106.300003
2016-09-21,107.129997
2016-09-22,107.82
2016-09-23,107.339996
2016-09-26,107.029999
2016-09-27,107.489998
2016-09-28,107.379997
2016-09-29,107.760002
2016-09-30,108.769997
2016-10-03,108.25
2016-10-04,107.099998
2016-10-05,106.010002
2016-10-06,106.400002
2016-10-07,105.989998
2016-10-10,106.220001
2016-10-11,105.57
2016-10-12,106.08000200000001
2016-10-13,105.91999799999999
2016-10-14,106.83000200000001
2016-10-17,106.849998
2016-10-18,106.949997
2016-10-19,106.260002
2016-10-20,105.870003
2016-10-21,105.620003
2016-10-24,107.309998
2016-10-25,107.230003
2016-10-26,107.07
2016-10-27,106.629997
2016-10-28,107.07
2016-10-31,107.199997
2016-11-01,106.709999
2016-11-02,106.709999
2016-11-03,106.629997
2016-11-04,105.809998
2016-11-07,106.959999
2016-11-08,108.720001
2016-11-09,107.25
2016-11-10,103.25
2016-11-11,103.190002
2016-11-14,101.389999
2016-11-15,101.849998
2016-11-16,101.709999
2016-11-17,101.620003
2016-11-18,101.309998
2016-11-21,102.260002
2016-11-22,102.889999
2016-11-23,101.529999
2016-11-25,102.16999799999999
2016-11-28,102.790001
2016-11-29,102.540001
2016-11-30,100.099998
2016-12-01,99.029999
2016-12-02,100.599998
2016-12-05,100.709999
2016-12-06,101.550003
2016-12-07,102.809998
2016-12-08,102.150002
2016-12-09,103.57
2016-12-12,104.720001
2016-12-13,105.629997
2016-12-14,104.470001
2016-12-15,105.300003
2016-12-16,105.870003
2016-12-19,105.410004
2016-12-20,104.900002
2016-12-21,104.699997
2016-12-22,105.349998
2016-12-23,105.089996
2016-12-27,105.129997
2016-12-28,104.620003
2016-12-29,104.989998
2016-12-30,104.629997
