2008-12-31,23.67
2009-01-02,24.780001000000002
2009-01-05,25.299999
2009-01-06,26.219998999999998
2009-01-07,25.299999
2009-01-08,25.639999
2009-01-09,25.15
2009-01-12,23.66
2009-01-13,23.620001000000002
2009-01-14,22.620001000000002
2009-01-15,23.129998999999998
2009-01-16,23.75
2009-01-20,22.549999
2009-01-21,23.360001
2009-01-22,23.0
2009-01-23,23.040001
2009-01-26,23.84
2009-01-27,24.42
2009-01-28,24.799999
2009-01-29,24.030001000000002
2009-01-30,22.870001000000002
2009-02-02,22.690001000000002
2009-02-03,23.809998999999998
2009-02-04,24.48
2009-02-05,24.809998999999998
2009-02-06,25.780001000000002
2009-02-09,25.959999
2009-02-10,24.83
2009-02-11,25.01
2009-02-12,24.66
2009-02-13,25.059998999999998
2009-02-17,23.66
2009-02-18,23.309998999999998
2009-02-19,22.76
2009-02-20,22.219998999999998
2009-02-23,20.959999
2009-02-24,21.969998999999998
2009-02-25,21.25
2009-02-26,20.639999
2009-02-27,20.870001000000002
2009-03-02,19.49
2009-03-03,19.129998999999998
2009-03-04,20.07
2009-03-05,18.68
2009-03-06,17.950001
2009-03-09,17.6
2009-03-10,18.42
2009-03-11,18.92
2009-03-12,19.360001
2009-03-13,19.15
2009-03-16,19.049999
2009-03-17,20.24
2009-03-18,21.18
2009-03-19,21.08
2009-03-20,20.33
2009-03-23,21.98
2009-03-24,21.43
2009-03-25,21.43
2009-03-26,22.450001
2009-03-27,22.049999
2009-03-30,21.450001
2009-03-31,21.67
2009-04-01,22.6
2009-04-02,24.15
2009-04-03,24.690001000000002
2009-04-06,23.9
2009-04-07,22.84
2009-04-08,22.959999
2009-04-09,24.1
2009-04-13,24.049999
2009-04-14,23.790001
2009-04-15,23.780001000000002
2009-04-16,24.610001
2009-04-17,25.07
2009-04-20,23.43
2009-04-21,23.32
2009-04-22,25.040001
2009-04-23,25.200001
2009-04-24,26.82
2009-04-27,26.34
2009-04-28,25.950001
2009-04-29,26.700001
2009-04-30,26.639999
2009-05-01,26.67
2009-05-04,28.049999
2009-05-05,27.280001000000002
2009-05-06,27.379998999999998
2009-05-07,26.76
2009-05-08,27.9
2009-05-11,26.870001000000002
2009-05-12,26.23
2009-05-13,24.889999
2009-05-14,25.15
2009-05-15,25.26
2009-05-18,25.84
2009-05-19,25.559998999999998
2009-05-20,24.83
2009-05-21,24.059998999999998
2009-05-22,24.02
2009-05-26,24.92
2009-05-27,25.290001
2009-05-28,25.360001
2009-05-29,25.030001000000002
2009-06-01,26.219998999999998
2009-06-02,27.190001000000002
2009-06-03,26.370001000000002
2009-06-04,27.309998999999998
2009-06-05,27.940001000000002
2009-06-08,28.459999
2009-06-09,28.459999
2009-06-10,28.049999
2009-06-11,28.75
2009-06-12,27.969998999999998
2009-06-15,26.950001
2009-06-16,26.02
2009-06-17,25.450001
2009-06-18,25.610001
2009-06-19,25.58
2009-06-22,24.959999
2009-06-23,24.549999
2009-06-24,24.790001
2009-06-25,25.34
2009-06-26,25.540001
2009-06-29,25.790001
2009-06-30,25.620001000000002
2009-07-01,25.719998999999998
2009-07-02,24.85
2009-07-06,24.18
2009-07-07,23.709999
2009-07-08,23.48
2009-07-09,23.76
2009-07-10,24.01
2009-07-13,24.700001
2009-07-14,24.93
2009-07-15,25.889999
2009-07-16,26.870001000000002
2009-07-17,26.959999
2009-07-20,27.99
2009-07-21,26.629998999999998
2009-07-22,27.120001000000002
2009-07-23,28.25
2009-07-24,28.280001000000002
2009-07-27,28.389999
2009-07-28,27.690001000000002
2009-07-29,26.98
2009-07-30,27.559998999999998
2009-07-31,27.32
2009-08-03,27.860001
2009-08-04,27.98
2009-08-05,27.120001000000002
2009-08-06,27.16
2009-08-07,27.610001
2009-08-10,27.530001000000002
2009-08-11,27.1
2009-08-12,27.48
2009-08-13,27.67
2009-08-14,27.17
2009-08-17,26.02
2009-08-18,27.219998999999998
2009-08-19,27.23
2009-08-20,27.24
2009-08-21,28.040001
2009-08-24,27.860001
2009-08-25,28.370001000000002
2009-08-26,28.51
2009-08-27,28.719998999999998
2009-08-28,28.66
2009-08-31,28.33
2009-09-01,27.91
2009-09-02,27.73
2009-09-03,28.040001
2009-09-04,29.27
2009-09-08,29.049999
2009-09-09,29.219998999999998
2009-09-10,29.610001
2009-09-11,30.389999
2009-09-14,30.84
2009-09-15,31.530001000000002
2009-09-16,31.41
2009-09-17,31.059998999999998
2009-09-18,30.690001000000002
2009-09-21,30.299999
2009-09-22,30.23
2009-09-23,29.879998999999998
2009-09-24,29.67
2009-09-25,29.26
2009-09-28,29.66
2009-09-29,29.83
2009-09-30,29.52
2009-10-01,28.610001
2009-10-02,28.530001000000002
2009-10-05,29.35
2009-10-06,29.57
2009-10-07,29.530001000000002
2009-10-08,30.610001
2009-10-09,30.950001
2009-10-12,31.299999
2009-10-13,31.440001000000002
2009-10-14,32.27
2009-10-15,32.450001
2009-10-16,32.73
2009-10-19,33.630001
2009-10-20,32.560001
2009-10-21,33.619999
2009-10-22,32.43
2009-10-23,32.049999
2009-10-26,31.870001000000002
2009-10-27,31.309998999999998
2009-10-28,30.08
2009-10-29,30.370001000000002
2009-10-30,29.1
2009-11-02,29.51
2009-11-03,29.790001
2009-11-04,29.690001000000002
2009-11-05,30.84
2009-11-06,30.700001
2009-11-09,31.469998999999998
2009-11-10,31.450001
2009-11-11,31.440001000000002
2009-11-12,30.870001000000002
2009-11-13,31.219998999999998
2009-11-16,32.029999
2009-11-17,31.799999
2009-11-18,31.450001
2009-11-19,30.67
2009-11-20,30.5
2009-11-23,30.549999
2009-11-24,30.450001
2009-11-25,30.9
2009-11-27,30.34
2009-11-30,30.1
2009-12-01,30.68
2009-12-02,30.700001
2009-12-03,30.65
2009-12-04,31.139999
2009-12-07,31.68
2009-12-08,31.110001
2009-12-09,30.82
2009-12-10,31.120001000000002
2009-12-11,31.48
2009-12-14,32.16
2009-12-15,32.200001
2009-12-16,32.34
2009-12-17,32.110001000000004
2009-12-18,31.870001000000002
2009-12-21,32.299999
2009-12-22,32.209998999999996
2009-12-23,32.82
2009-12-24,32.880001
2009-12-28,32.869999
2009-12-29,32.919998
2009-12-30,32.740002000000004
2009-12-31,32.299999
2010-01-04,33.380001
2010-01-05,32.75
2010-01-06,32.849998
2010-01-07,33.740002000000004
2010-01-08,33.990002000000004
2010-01-11,33.880001
2010-01-12,33.25
2010-01-13,33.419998
2010-01-14,33.509997999999996
2010-01-15,32.73
2010-01-19,33.290001000000004
2010-01-20,32.619999
2010-01-21,32.360001000000004
2010-01-22,31.690001000000002
2010-01-25,31.4
2010-01-26,31.200001
2010-01-27,30.950001
2010-01-28,30.790001
2010-01-29,30.540001
2010-02-01,31.35
2010-02-02,31.02
2010-02-03,31.24
2010-02-04,30.49
2010-02-05,30.32
2010-02-08,30.299999
2010-02-09,30.790001
2010-02-10,30.360001
2010-02-11,30.700001
2010-02-12,31.129998999999998
2010-02-16,31.65
2010-02-17,31.75
2010-02-18,31.93
2010-02-19,32.389998999999996
2010-02-22,32.630001
2010-02-23,32.189999
2010-02-24,32.400002
2010-02-25,32.43
2010-02-26,32.560001
2010-03-01,34.32
2010-03-02,34.23
2010-03-03,34.07
2010-03-04,34.16
2010-03-05,34.34
2010-03-08,34.040001000000004
2010-03-09,34.240002000000004
2010-03-10,34.330002
2010-03-11,34.299999
2010-03-12,34.16
2010-03-15,34.599998
2010-03-16,35.209998999999996
2010-03-17,35.32
2010-03-18,35.34
2010-03-19,34.130001
2010-03-22,34.25
2010-03-23,35.369999
2010-03-24,34.73
2010-03-25,34.57
2010-03-26,34.639998999999996
2010-03-29,34.98
2010-03-30,35.599998
2010-03-31,35.619999
2010-04-01,36.080002
2010-04-05,36.470001
2010-04-06,36.279999
2010-04-07,35.93
2010-04-08,36.130001
2010-04-09,36.599998
2010-04-12,36.139998999999996
2010-04-13,36.130001
2010-04-14,36.5
2010-04-15,36.759997999999996
2010-04-16,36.459998999999996
2010-04-19,36.23
2010-04-20,36.779999
2010-04-21,37.490002000000004
2010-04-22,37.849998
2010-04-23,38.689999
2010-04-26,38.98
2010-04-27,36.700001
2010-04-28,36.419998
2010-04-29,37.139998999999996
2010-04-30,36.16
2010-05-03,36.959998999999996
2010-05-04,35.139998999999996
2010-05-05,34.369999
2010-05-06,33.009997999999996
2010-05-07,32.040001000000004
2010-05-10,33.970001
2010-05-11,34.209998999999996
2010-05-12,35.540001000000004
2010-05-13,35.419998
2010-05-14,34.580002
2010-05-17,34.529999
2010-05-18,34.16
2010-05-19,33.450001
2010-05-20,31.66
2010-05-21,32.490002000000004
2010-05-24,32.630001
2010-05-25,32.810001
2010-05-26,32.950001
2010-05-27,34.630001
2010-05-28,34.360001000000004
2010-06-01,33.509997999999996
2010-06-02,34.16
2010-06-03,34.029999
2010-06-04,32.869999
2010-06-07,31.620001000000002
2010-06-08,31.85
2010-06-09,31.790001
2010-06-10,33.209998999999996
2010-06-11,33.48
2010-06-14,33.82
2010-06-15,34.82
2010-06-16,34.459998999999996
2010-06-17,34.150002
2010-06-18,34.310001
2010-06-21,34.029999
2010-06-22,33.220001
2010-06-23,33.240002000000004
2010-06-24,32.560001
2010-06-25,33.380001
2010-06-28,33.630001
2010-06-29,32.360001000000004
2010-06-30,32.200001
2010-07-01,31.68
2010-07-02,31.57
2010-07-06,31.4
2010-07-07,32.34
2010-07-08,32.939999
2010-07-09,33.049999
2010-07-12,32.419998
2010-07-13,33.34
2010-07-14,33.220001
2010-07-15,32.860001000000004
2010-07-16,31.92
2010-07-19,32.400002
2010-07-20,32.630001
2010-07-21,32.5
2010-07-22,33.610001000000004
2010-07-23,34.360001000000004
2010-07-26,34.5
2010-07-27,34.27
2010-07-28,34.0
2010-07-29,33.900002
2010-07-30,34.200001
2010-08-02,35.0
2010-08-03,34.68
2010-08-04,34.790001000000004
2010-08-05,34.52
2010-08-06,33.98
2010-08-09,34.029999
2010-08-10,33.419998
2010-08-11,32.009997999999996
2010-08-12,31.809998999999998
2010-08-13,31.620001000000002
2010-08-16,31.75
2010-08-17,32.459998999999996
2010-08-18,32.290001000000004
2010-08-19,31.049999
2010-08-20,31.110001
2010-08-23,30.690001000000002
2010-08-24,29.959999
2010-08-25,30.35
2010-08-26,30.299999
2010-08-27,31.02
2010-08-30,30.450001
2010-08-31,30.1
2010-09-01,31.040001
2010-09-02,31.4
2010-09-03,31.82
2010-09-07,31.35
2010-09-08,31.799999
2010-09-09,32.27
2010-09-10,32.290001000000004
2010-09-13,32.73
2010-09-14,32.650002
2010-09-15,32.740002000000004
2010-09-16,32.720001
2010-09-17,32.830002
2010-09-20,33.32
2010-09-21,33.099998
2010-09-22,32.84
2010-09-23,32.52
2010-09-24,33.200001
2010-09-27,33.029999
2010-09-28,33.040001000000004
2010-09-29,33.549999
2010-09-30,33.630001
2010-10-01,33.57
2010-10-04,32.970001
2010-10-05,34.34
2010-10-06,34.48
2010-10-07,34.41
2010-10-08,34.669998
2010-10-11,34.720001
2010-10-12,34.200001
2010-10-13,34.919998
2010-10-14,34.700001
2010-10-15,34.700001
2010-10-18,34.990002000000004
2010-10-19,34.080002
2010-10-20,34.509997999999996
2010-10-21,34.59
2010-10-22,34.389998999999996
2010-10-25,35.450001
2010-10-26,33.209998999999996
2010-10-27,32.709998999999996
2010-10-28,32.400002
2010-10-29,32.73
2010-11-01,32.580002
2010-11-02,33.150002
2010-11-03,33.41
2010-11-04,33.939999
2010-11-05,33.869999
2010-11-08,33.610001000000004
2010-11-09,32.939999
2010-11-10,33.110001000000004
2010-11-11,33.099998
2010-11-12,32.82
2010-11-15,32.849998
2010-11-16,32.470001
2010-11-17,32.32
2010-11-18,32.57
2010-11-19,32.529999
2010-11-22,32.630001
2010-11-23,32.509997999999996
2010-11-24,33.09
2010-11-26,33.110001000000004
2010-11-29,32.790001000000004
2010-11-30,32.900002
2010-12-01,33.509997999999996
2010-12-02,33.98
2010-12-03,34.040001000000004
2010-12-06,34.27
2010-12-07,34.849998
2010-12-08,35.0
2010-12-09,35.200001
2010-12-10,35.5
2010-12-13,35.880001
2010-12-14,35.779999
2010-12-15,35.59
2010-12-16,36.380001
2010-12-17,36.389998999999996
2010-12-20,36.43
2010-12-21,37.150002
2010-12-22,36.5
2010-12-23,36.560001
2010-12-27,36.59
2010-12-28,36.75
2010-12-29,36.619999
2010-12-30,36.759997999999996
2010-12-31,36.509997999999996
2011-01-03,36.98
2011-01-04,36.389998999999996
2011-01-05,36.41
2011-01-06,36.580002
2011-01-07,36.52
2011-01-10,36.049999
2011-01-11,36.509997999999996
2011-01-12,36.900002
2011-01-13,37.049999
2011-01-14,36.98
2011-01-18,37.130001
2011-01-19,36.490002000000004
2011-01-20,35.82
2011-01-21,35.57
2011-01-24,36.450001
2011-01-25,36.639998999999996
2011-01-26,36.66
2011-01-27,36.419998
2011-01-28,35.77
2011-01-31,36.169998
2011-02-01,37.279999
2011-02-02,37.66
2011-02-03,37.709998999999996
2011-02-04,38.18
2011-02-07,38.119999
2011-02-08,38.080002
2011-02-09,37.720001
2011-02-10,37.959998999999996
2011-02-11,38.139998999999996
2011-02-14,38.169998
2011-02-15,38.049999
2011-02-16,38.049999
2011-02-17,38.540001000000004
2011-02-18,38.580002
2011-02-22,37.299999
2011-02-23,36.810001
2011-02-24,36.529999
2011-02-25,37.209998999999996
2011-02-28,37.080002
2011-03-01,36.43
2011-03-02,36.529999
2011-03-03,37.349998
2011-03-04,36.700001
2011-03-07,36.040001000000004
2011-03-08,37.099998
2011-03-09,36.889998999999996
2011-03-10,35.939999
2011-03-11,36.16
2011-03-14,35.98
2011-03-15,35.720001
2011-03-16,35.439999
2011-03-17,35.889998999999996
2011-03-18,36.119999
2011-03-21,37.080002
2011-03-22,37.080002
2011-03-23,36.860001000000004
2011-03-24,37.23
2011-03-25,37.290001000000004
2011-03-28,37.310001
2011-03-29,37.639998999999996
2011-03-30,37.73
2011-03-31,37.790001000000004
2011-04-01,38.0
2011-04-04,38.5
2011-04-05,39.25
2011-04-06,39.48
2011-04-07,39.240002000000004
2011-04-08,38.889998999999996
2011-04-11,38.639998999999996
2011-04-12,38.009997999999996
2011-04-13,37.970001
2011-04-14,37.700001
2011-04-15,37.84
2011-04-18,37.0
2011-04-19,37.52
2011-04-20,38.279999
2011-04-21,38.720001
2011-04-25,38.919998
2011-04-26,39.669998
2011-04-27,39.610001000000004
2011-04-28,39.939999
2011-04-29,40.16
2011-05-02,40.25
2011-05-03,39.82
2011-05-04,39.32
2011-05-05,38.990002000000004
2011-05-06,39.07
2011-05-09,39.43
2011-05-10,40.0
2011-05-11,39.360001000000004
2011-05-12,39.93
2011-05-13,39.41
2011-05-16,39.200001
2011-05-17,38.849998
2011-05-18,39.380001
2011-05-19,39.57
2011-05-20,39.009997999999996
2011-05-23,38.470001
2011-05-24,38.380001
2011-05-25,39.41
2011-05-26,39.360001000000004
2011-05-27,39.849998
2011-05-31,40.48
2011-06-01,38.950001
2011-06-02,38.889998999999996
2011-06-03,38.259997999999996
2011-06-06,37.689999
2011-06-07,37.470001
2011-06-08,37.25
2011-06-09,37.82
2011-06-10,37.0
2011-06-13,37.110001000000004
2011-06-14,37.889998999999996
2011-06-15,37.48
2011-06-16,37.59
2011-06-17,37.790001000000004
2011-06-20,38.18
2011-06-21,38.970001
2011-06-22,38.900002
2011-06-23,39.200001
2011-06-24,38.740002000000004
2011-06-27,38.830002
2011-06-28,39.360001000000004
2011-06-29,39.57
2011-06-30,40.360001000000004
2011-07-01,41.27
2011-07-05,41.450001
2011-07-06,41.450001
2011-07-07,42.25
2011-07-08,42.060001
2011-07-11,41.220001
2011-07-12,41.009997999999996
2011-07-13,41.009997999999996
2011-07-14,40.360001000000004
2011-07-15,40.529999
2011-07-18,39.900002
2011-07-19,40.709998999999996
2011-07-20,40.630001
2011-07-21,40.740002000000004
2011-07-22,40.48
2011-07-25,40.73
2011-07-26,38.900002
2011-07-27,37.880001
2011-07-28,37.220001
2011-07-29,36.810001
2011-08-01,36.560001
2011-08-02,35.369999
2011-08-03,35.509997999999996
2011-08-04,33.759997999999996
2011-08-05,33.529999
2011-08-08,30.08
2011-08-09,31.99
2011-08-10,30.59
2011-08-11,32.549999
2011-08-12,32.84
2011-08-15,33.66
2011-08-16,33.049999
2011-08-17,32.77
2011-08-18,30.950001
2011-08-19,30.26
2011-08-22,30.780001000000002
2011-08-23,32.110001000000004
2011-08-24,32.919998
2011-08-25,31.889999
2011-08-26,33.009997999999996
2011-08-29,34.549999
2011-08-30,34.619999
2011-08-31,34.32
2011-09-01,33.400002
2011-09-02,32.150002
2011-09-06,31.98
2011-09-07,33.299999
2011-09-08,32.59
2011-09-09,31.309998999999998
2011-09-12,31.66
2011-09-13,32.459998999999996
2011-09-14,33.32
2011-09-15,34.150002
2011-09-16,33.970001
2011-09-19,33.950001
2011-09-20,33.610001000000004
2011-09-21,32.77
2011-09-22,31.58
2011-09-23,31.66
2011-09-26,32.549999
2011-09-27,33.299999
2011-09-28,32.299999
2011-09-29,32.57
2011-09-30,32.009997999999996
2011-10-03,30.969998999999998
2011-10-04,32.720001
2011-10-05,33.57
2011-10-06,34.48
2011-10-07,34.150002
2011-10-10,35.049999
2011-10-11,35.32
2011-10-12,36.16
2011-10-13,35.360001000000004
2011-10-14,36.34
2011-10-17,35.209998999999996
2011-10-18,35.650002
2011-10-19,35.369999
2011-10-20,35.200001
2011-10-21,36.310001
2011-10-24,37.48
2011-10-25,36.639998999999996
2011-10-26,36.790001000000004
2011-10-27,37.130001
2011-10-28,36.830002
2011-10-31,35.950001
2011-11-01,34.470001
2011-11-02,35.259997999999996
2011-11-03,37.009997999999996
2011-11-04,36.959998999999996
2011-11-07,36.919998
2011-11-08,37.419998
2011-11-09,36.07
2011-11-10,36.470001
2011-11-11,37.759997999999996
2011-11-14,37.459998999999996
2011-11-15,38.130001
2011-11-16,37.619999
2011-11-17,36.689999
2011-11-18,36.830002
2011-11-21,36.049999
2011-11-22,35.970001
2011-11-23,34.59
2011-11-25,34.57
2011-11-28,35.580002
2011-11-29,35.830002
2011-11-30,38.029999
2011-12-01,37.23
2011-12-02,37.110001000000004
2011-12-05,37.349998
2011-12-06,36.98
2011-12-07,36.82
2011-12-08,36.040001000000004
2011-12-09,36.740002000000004
2011-12-12,36.139998999999996
2011-12-13,36.009997999999996
2011-12-14,33.919998
2011-12-15,33.540001000000004
2011-12-16,33.189999
2011-12-19,32.619999
2011-12-20,33.43
2011-12-21,33.189999
2011-12-22,32.939999
2011-12-23,33.509997999999996
2011-12-27,33.560001
2011-12-28,32.919998
2011-12-29,33.549999
2011-12-30,33.290001000000004
2012-01-03,34.119999
2012-01-04,34.59
2012-01-05,35.459998999999996
2012-01-06,35.25
2012-01-09,35.599998
2012-01-10,36.080002
2012-01-11,36.349998
2012-01-12,36.759997999999996
2012-01-13,36.48
2012-01-17,36.880001
2012-01-18,37.200001
2012-01-19,37.630001
2012-01-20,37.220001
2012-01-23,36.959998999999996
2012-01-24,36.849998
2012-01-25,37.209998999999996
2012-01-26,36.68
2012-01-27,36.689999
2012-01-30,37.029999
2012-01-31,36.82
2012-02-01,37.939999
2012-02-02,37.650002
2012-02-03,38.259997999999996
2012-02-06,38.07
2012-02-07,38.439999
2012-02-08,38.560001
2012-02-09,38.66
2012-02-10,38.07
2012-02-13,38.630001
2012-02-14,38.830002
2012-02-15,38.599998
2012-02-16,39.049999
2012-02-17,39.130001
2012-02-21,39.119999
2012-02-22,38.630001
2012-02-23,39.029999
2012-02-24,38.830002
2012-02-27,39.279999
2012-02-28,38.84
2012-02-29,38.5
2012-03-01,38.630001
2012-03-02,38.360001000000004
2012-03-05,38.18
2012-03-06,37.150002
2012-03-07,37.529999
2012-03-08,38.240002000000004
2012-03-09,38.689999
2012-03-12,38.93
2012-03-13,39.75
2012-03-14,39.490002000000004
2012-03-15,39.900002
2012-03-16,39.830002
2012-03-19,39.98
2012-03-20,39.540001000000004
2012-03-21,39.439999
2012-03-22,39.080002
2012-03-23,38.869999
2012-03-26,39.889998999999996
2012-03-27,40.259997999999996
2012-03-28,46.32
2012-03-29,47.139998999999996
2012-03-30,47.610001000000004
2012-04-02,47.119999
2012-04-03,46.709998999999996
2012-04-04,46.110001000000004
2012-04-05,45.759997999999996
2012-04-09,45.099998
2012-04-10,43.549999
2012-04-11,43.790001000000004
2012-04-12,44.16
2012-04-13,44.049999
2012-04-16,43.93
2012-04-17,44.130001
2012-04-18,44.400002
2012-04-19,44.240002000000004
2012-04-20,44.799999
2012-04-23,44.110001000000004
2012-04-24,44.049999
2012-04-25,44.299999
2012-04-26,43.84
2012-04-27,43.639998999999996
2012-04-30,43.34
2012-05-01,43.389998999999996
2012-05-02,43.57
2012-05-03,43.27
2012-05-04,42.669998
2012-05-07,42.599998
2012-05-08,43.029999
2012-05-09,42.66
2012-05-10,42.68
2012-05-11,43.470001
2012-05-14,42.060001
2012-05-15,42.43
2012-05-16,41.619999
2012-05-17,40.470001
2012-05-18,40.529999
2012-05-21,41.080002
2012-05-22,42.330002
2012-05-23,42.700001
2012-05-24,42.599998
2012-05-25,41.599998
2012-05-29,42.009997999999996
2012-05-30,40.860001000000004
2012-05-31,40.759997999999996
2012-06-01,39.849998
2012-06-04,39.130001
2012-06-05,39.150002
2012-06-06,39.52
2012-06-07,39.25
2012-06-08,39.810001
2012-06-11,38.919998
2012-06-12,39.549999
2012-06-13,38.84
2012-06-14,38.98
2012-06-15,38.98
2012-06-18,39.360001000000004
2012-06-19,40.09
2012-06-20,39.869999
2012-06-21,38.990002000000004
2012-06-22,38.59
2012-06-25,37.41
2012-06-26,37.150002
2012-06-27,37.349998
2012-06-28,37.110001000000004
2012-06-29,38.279999
2012-07-02,38.720001
2012-07-03,39.759997999999996
2012-07-05,40.09
2012-07-06,39.290001000000004
2012-07-09,39.549999
2012-07-10,38.299999
2012-07-11,37.98
2012-07-12,37.98
2012-07-13,38.849998
2012-07-16,38.240002000000004
2012-07-17,39.110001000000004
2012-07-18,39.939999
2012-07-19,40.68
2012-07-20,39.75
2012-07-23,39.610001000000004
2012-07-24,41.459998999999996
2012-07-25,41.34
2012-07-26,43.009997999999996
2012-07-27,44.75
2012-07-30,44.279999
2012-07-31,43.830002
2012-08-01,43.07
2012-08-02,42.91
2012-08-03,43.689999
2012-08-06,43.5
2012-08-07,43.91
2012-08-08,43.459998999999996
2012-08-09,42.970001
2012-08-10,42.869999
2012-08-13,42.52
2012-08-14,42.25
2012-08-15,42.490002000000004
2012-08-16,43.099998
2012-08-17,43.799999
2012-08-20,44.130001
2012-08-21,44.52
2012-08-22,44.450001
2012-08-23,43.380001
2012-08-24,43.169998
2012-08-27,42.610001000000004
2012-08-28,42.18
2012-08-29,42.029999
2012-08-30,41.889998999999996
2012-08-31,42.5
2012-09-04,43.41
2012-09-05,42.889998999999996
2012-09-06,43.450001
2012-09-07,43.299999
2012-09-10,43.220001
2012-09-11,43.029999
2012-09-12,43.889998999999996
2012-09-13,43.380001
2012-09-14,42.990002000000004
2012-09-17,42.349998
2012-09-18,42.77
2012-09-19,44.16
2012-09-20,43.639998999999996
2012-09-21,44.040001000000004
2012-09-24,43.599998
2012-09-25,42.73
2012-09-26,41.889998999999996
2012-09-27,43.380001
2012-09-28,44.509997999999996
2012-10-01,42.48
2012-10-02,43.040001000000004
2012-10-03,44.209998999999996
2012-10-04,44.529999
2012-10-05,45.459998999999996
2012-10-08,45.330002
2012-10-09,44.389998999999996
2012-10-10,43.580002
2012-10-11,43.709998999999996
2012-10-12,43.630001
2012-10-15,43.91
2012-10-16,43.84
2012-10-17,43.650002
2012-10-18,43.139998999999996
2012-10-19,42.580002
2012-10-22,42.16
2012-10-23,40.950001
2012-10-24,40.869999
2012-10-25,41.25
2012-10-26,41.09
2012-10-31,42.240002000000004
2012-11-01,45.52
2012-11-02,45.75
2012-11-05,45.540001000000004
2012-11-06,46.009997999999996
2012-11-07,45.009997999999996
2012-11-08,44.459998999999996
2012-11-09,44.41
2012-11-12,44.189999
2012-11-13,44.139998999999996
2012-11-14,43.740002000000004
2012-11-15,43.540001000000004
2012-11-16,44.84
2012-11-19,45.540001000000004
2012-11-20,46.07
2012-11-21,46.240002000000004
2012-11-23,47.66
2012-11-26,47.799999
2012-11-27,47.599998
2012-11-28,47.560001
2012-11-29,48.919998
2012-11-30,48.490002000000004
2012-12-03,47.919998
2012-12-04,48.34
2012-12-05,48.209998999999996
2012-12-06,47.689999
2012-12-07,48.040001000000004
2012-12-10,48.169998
2012-12-11,47.91
2012-12-12,47.93
2012-12-13,47.84
2012-12-14,47.959998999999996
2012-12-17,48.98
2012-12-18,49.25
2012-12-19,48.799999
2012-12-20,48.779999
2012-12-21,48.23
2012-12-24,48.380001
2012-12-26,48.27
2012-12-27,48.18
2012-12-28,47.509997999999996
2012-12-31,49.150002
2013-01-02,50.610001000000004
2013-01-03,50.16
2013-01-04,49.939999
2013-01-07,49.939999
2013-01-08,49.650002
2013-01-09,50.57
2013-01-10,50.599998
2013-01-11,50.389998999999996
2013-01-14,50.34
2013-01-15,50.310001
2013-01-16,50.830002
2013-01-17,51.849998
2013-01-18,52.580002
2013-01-22,52.970001
2013-01-23,52.93
2013-01-24,52.849998
2013-01-25,53.25
2013-01-28,52.830002
2013-01-29,51.349998
2013-01-30,49.900002
2013-01-31,50.68
2013-02-01,51.009997999999996
2013-02-04,51.0
2013-02-05,51.43
2013-02-06,50.98
2013-02-07,50.529999
2013-02-08,51.049999
2013-02-11,51.220001
2013-02-12,52.029999
2013-02-13,52.98
2013-02-14,52.830002
2013-02-15,52.91
2013-02-19,52.619999
2013-02-20,51.490002000000004
2013-02-21,50.860001000000004
2013-02-22,51.560001
2013-02-25,50.77
2013-02-26,50.740002000000004
2013-02-27,52.619999
2013-02-28,53.27
2013-03-01,52.23
2013-03-04,51.990002000000004
2013-03-05,52.650002
2013-03-06,51.919998
2013-03-07,51.59
2013-03-08,51.689999
2013-03-11,51.59
2013-03-12,50.919998
2013-03-13,51.580002
2013-03-14,52.380001
2013-03-15,52.689999
2013-03-18,52.779999
2013-03-19,53.299999
2013-03-20,53.490002000000004
2013-03-21,53.189999
2013-03-22,53.389998999999996
2013-03-25,51.970001
2013-03-26,51.650002
2013-03-27,51.560001
2013-03-28,52.75
2013-04-01,51.610001000000004
2013-04-02,51.889998999999996
2013-04-03,51.810001
2013-04-04,52.779999
2013-04-05,51.990002000000004
2013-04-08,52.900002
2013-04-09,53.279999
2013-04-10,54.049999
2013-04-11,53.939999
2013-04-12,53.349998
2013-04-15,51.59
2013-04-16,52.52
2013-04-17,51.860001000000004
2013-04-18,50.599998
2013-04-19,50.240002000000004
2013-04-22,50.049999
2013-04-23,52.939999
2013-04-24,54.369999
2013-04-25,54.369999
2013-04-26,53.799999
2013-04-29,54.540001000000004
2013-04-30,54.349998
2013-05-01,53.5
2013-05-02,53.25
2013-05-03,54.220001
2013-05-06,54.5
2013-05-07,55.360001000000004
2013-05-08,55.48
2013-05-09,55.799999
2013-05-10,55.75
2013-05-13,56.25
2013-05-14,57.0
2013-05-15,57.759997999999996
2013-05-16,57.529999
2013-05-17,57.82
2013-05-20,58.080002
2013-05-21,57.880001
2013-05-22,57.060001
2013-05-23,56.43
2013-05-24,57.470001
2013-05-28,57.700001
2013-05-29,57.880001
2013-05-30,58.639998999999996
2013-05-31,58.240002000000004
2013-06-03,58.259997999999996
2013-06-04,57.77
2013-06-05,57.169998
2013-06-06,58.209998999999996
2013-06-07,59.049999
2013-06-10,59.459998999999996
2013-06-11,58.650002
2013-06-12,58.049999
2013-06-13,59.389998999999996
2013-06-14,59.720001
2013-06-17,58.810001
2013-06-18,59.57
2013-06-19,58.669998
2013-06-20,56.709998999999996
2013-06-21,56.869999
2013-06-24,55.799999
2013-06-25,56.599998
2013-06-26,57.220001
2013-06-27,58.450001
2013-06-28,57.689999
2013-07-01,58.25
2013-07-02,57.939999
2013-07-03,57.93
2013-07-05,58.779999
2013-07-08,58.810001
2013-07-09,58.889998999999996
2013-07-10,58.849998
2013-07-11,60.650002
2013-07-12,60.970001
2013-07-15,60.880001
2013-07-16,60.189999
2013-07-17,60.23
2013-07-18,60.450001
2013-07-19,60.740002000000004
2013-07-22,60.43
2013-07-23,59.919998
2013-07-24,59.880001
2013-07-25,60.790001000000004
2013-07-26,60.630001
2013-07-29,60.360001000000004
2013-07-30,60.880001
2013-07-31,61.080002
2013-08-01,62.459998999999996
2013-08-02,62.529999
2013-08-05,63.209998999999996
2013-08-06,63.23
2013-08-07,63.259997999999996
2013-08-08,63.610001000000004
2013-08-09,63.43
2013-08-12,63.860001000000004
2013-08-13,64.16999799999999
2013-08-14,63.459998999999996
2013-08-15,62.43
2013-08-16,62.110001000000004
2013-08-19,61.689999
2013-08-20,61.919998
2013-08-21,61.240002000000004
2013-08-22,62.110001000000004
2013-08-23,61.77
2013-08-26,61.650002
2013-08-27,60.389998999999996
2013-08-28,60.580002
2013-08-29,60.98
2013-08-30,60.110001000000004
2013-09-03,60.630001
2013-09-04,61.630001
2013-09-05,62.240002000000004
2013-09-06,61.639998999999996
2013-09-09,62.799999
2013-09-10,64.32
2013-09-11,64.449997
2013-09-12,64.110001
2013-09-13,64.089996
2013-09-16,64.349998
2013-09-17,64.58000200000001
2013-09-18,65.129997
2013-09-19,65.43
2013-09-20,65.82
2013-09-23,64.66999799999999
2013-09-24,65.08000200000001
2013-09-25,65.5
2013-09-26,65.91999799999999
2013-09-27,65.519997
2013-09-30,64.940002
2013-10-01,65.980003
2013-10-02,66.269997
2013-10-03,65.58000200000001
2013-10-04,66.309998
2013-10-07,65.25
2013-10-08,63.830002
2013-10-09,63.799999
2013-10-10,65.41999799999999
2013-10-11,66.389999
2013-10-14,65.989998
2013-10-15,64.739998
2013-10-16,65.160004
2013-10-17,64.559998
2013-10-18,65.239998
2013-10-21,65.699997
2013-10-22,64.68
2013-10-23,65.110001
2013-10-24,65.779999
2013-10-25,66.66999799999999
2013-10-28,66.370003
2013-10-29,67.639999
2013-10-30,67.150002
2013-10-31,67.089996
2013-11-01,67.480003
2013-11-04,67.849998
2013-11-05,68.160004
2013-11-06,68.019997
2013-11-07,66.339996
2013-11-08,67.360001
2013-11-11,67.900002
2013-11-12,68.050003
2013-11-13,68.449997
2013-11-14,69.739998
2013-11-15,70.480003
2013-11-18,70.290001
2013-11-19,69.599998
2013-11-20,69.639999
2013-11-21,70.41999799999999
2013-11-22,70.370003
2013-11-25,70.800003
2013-11-26,70.940002
2013-11-27,71.269997
2013-11-29,70.720001
2013-12-02,70.43
2013-12-03,69.989998
2013-12-04,69.779999
2013-12-05,69.75
2013-12-06,70.949997
2013-12-09,71.239998
2013-12-10,71.639999
2013-12-11,70.25
2013-12-12,69.970001
2013-12-13,70.010002
2013-12-16,71.599998
2013-12-17,72.83000200000001
2013-12-18,75.089996
2013-12-19,74.889999
2013-12-20,75.400002
2013-12-23,75.91999799999999
2013-12-24,76.550003
2013-12-26,77.389999
2013-12-27,77.57
2013-12-30,77.389999
2013-12-31,77.66999799999999
2014-01-02,76.870003
2014-01-03,76.629997
2014-01-06,76.150002
2014-01-07,76.970001
2014-01-08,77.260002
2014-01-09,77.309998
2014-01-10,77.019997
2014-01-13,75.08000200000001
2014-01-14,75.800003
2014-01-15,77.190002
2014-01-16,77.18
2014-01-17,77.599998
2014-01-21,77.75
2014-01-22,77.379997
2014-01-23,75.709999
2014-01-24,72.220001
2014-01-27,72.010002
2014-01-28,74.800003
2014-01-29,73.980003
2014-01-30,74.739998
2014-01-31,74.33000200000001
2014-02-03,71.57
2014-02-04,73.849998
2014-02-05,74.809998
2014-02-06,74.940002
2014-02-07,76.370003
2014-02-10,76.550003
2014-02-11,77.309998
2014-02-12,77.66999799999999
2014-02-13,77.93
2014-02-14,78.379997
2014-02-18,79.050003
2014-02-19,77.83000200000001
2014-02-20,78.989998
2014-02-21,79.16999799999999
2014-02-24,79.519997
2014-02-25,80.18
2014-02-26,80.389999
2014-02-27,80.940002
2014-02-28,80.809998
2014-03-03,80.279999
2014-03-04,81.91999799999999
2014-03-05,81.910004
2014-03-06,82.720001
2014-03-07,82.809998
2014-03-10,82.379997
2014-03-11,81.349998
2014-03-12,80.239998
2014-03-13,78.57
2014-03-14,77.43
2014-03-17,79.08000200000001
2014-03-18,79.459999
2014-03-19,78.610001
2014-03-20,79.019997
2014-03-21,78.25
2014-03-24,78.239998
2014-03-25,78.629997
2014-03-26,77.239998
2014-03-27,76.519997
2014-03-28,77.660004
2014-03-31,79.339996
2014-04-01,80.239998
2014-04-02,80.550003
2014-04-03,80.0
2014-04-04,78.230003
2014-04-07,76.720001
2014-04-08,78.449997
2014-04-09,80.099998
2014-04-10,78.129997
2014-04-11,77.050003
2014-04-14,77.41999799999999
2014-04-15,77.730003
2014-04-16,79.989998
2014-04-17,79.550003
2014-04-21,80.480003
2014-04-22,74.949997
2014-04-23,75.18
2014-04-24,74.839996
2014-04-25,73.83000200000001
2014-04-28,73.110001
2014-04-29,73.599998
2014-04-30,74.290001
2014-05-01,74.209999
2014-05-02,74.699997
2014-05-05,74.91999799999999
2014-05-06,74.860001
2014-05-07,75.139999
2014-05-08,75.57
2014-05-09,74.970001
2014-05-12,76.41999799999999
2014-05-13,76.360001
2014-05-14,75.220001
2014-05-15,74.099998
2014-05-16,73.360001
2014-05-19,74.360001
2014-05-20,73.019997
2014-05-21,73.779999
2014-05-22,74.099998
2014-05-23,74.720001
2014-05-27,75.139999
2014-05-28,74.610001
2014-05-29,74.400002
2014-05-30,74.639999
2014-06-02,74.959999
2014-06-03,74.290001
2014-06-04,74.540001
2014-06-05,76.18
2014-06-06,77.400002
2014-06-09,78.5
2014-06-10,78.059998
2014-06-11,77.41999799999999
2014-06-12,75.349998
2014-06-13,75.18
2014-06-16,75.480003
2014-06-17,75.459999
2014-06-18,74.900002
2014-06-19,74.66999799999999
2014-06-20,75.370003
2014-06-23,75.41999799999999
2014-06-24,74.940002
2014-06-25,74.139999
2014-06-26,73.16999799999999
2014-06-27,72.760002
2014-06-30,72.120003
2014-07-01,72.5
2014-07-02,71.900002
2014-07-03,72.199997
2014-07-07,71.050003
2014-07-08,70.239998
2014-07-09,70.970001
2014-07-10,70.480003
2014-07-11,70.839996
2014-07-14,72.239998
2014-07-15,72.5
2014-07-16,73.220001
2014-07-17,71.57
2014-07-18,72.379997
2014-07-21,72.599998
2014-07-22,72.41999799999999
2014-07-23,71.839996
2014-07-24,71.779999
2014-07-25,72.269997
2014-07-28,71.800003
2014-07-29,69.959999
2014-07-30,69.589996
2014-07-31,64.07
2014-08-01,63.650002
2014-08-04,65.08000200000001
2014-08-05,64.709999
2014-08-06,65.08000200000001
2014-08-07,66.550003
2014-08-08,67.150002
2014-08-11,68.360001
2014-08-12,68.449997
2014-08-13,68.529999
2014-08-14,68.5
2014-08-15,67.940002
2014-08-18,69.389999
2014-08-19,69.83000200000001
2014-08-20,70.010002
2014-08-21,70.019997
2014-08-22,69.400002
2014-08-25,69.889999
2014-08-26,68.690002
2014-08-27,68.639999
2014-08-28,68.510002
2014-08-29,68.07
2014-09-02,67.690002
2014-09-03,67.550003
2014-09-04,67.010002
2014-09-05,67.32
2014-09-08,66.91999799999999
2014-09-09,67.32
2014-09-10,67.190002
2014-09-11,67.790001
2014-09-12,67.389999
2014-09-15,67.33000200000001
2014-09-16,67.360001
2014-09-17,67.360001
2014-09-18,67.690002
2014-09-19,67.900002
2014-09-22,67.07
2014-09-23,66.809998
2014-09-24,67.279999
2014-09-25,66.790001
2014-09-26,67.410004
2014-09-29,66.16999799999999
2014-09-30,65.489998
2014-10-01,64.610001
2014-10-02,64.660004
2014-10-03,65.139999
2014-10-06,65.339996
2014-10-07,63.849998
2014-10-08,64.879997
2014-10-09,62.720001
2014-10-10,62.150002
2014-10-13,61.310001
2014-10-14,61.810001
2014-10-15,60.849998
2014-10-16,61.810001
2014-10-17,63.740002000000004
2014-10-20,64.230003
2014-10-21,65.0
2014-10-22,64.660004
2014-10-23,66.349998
2014-10-24,66.93
2014-10-27,66.050003
2014-10-28,67.33000200000001
2014-10-29,66.849998
2014-10-30,67.190002
2014-10-31,67.050003
2014-11-03,66.730003
2014-11-04,66.16999799999999
2014-11-05,67.160004
2014-11-06,67.879997
2014-11-07,68.08000200000001
2014-11-10,68.290001
2014-11-11,68.120003
2014-11-12,68.440002
2014-11-13,68.470001
2014-11-14,68.660004
2014-11-17,69.0
2014-11-18,68.510002
2014-11-19,67.639999
2014-11-20,67.800003
2014-11-21,68.57
2014-11-24,68.82
2014-11-25,69.08000200000001
2014-11-26,68.029999
2014-11-28,64.709999
2014-12-01,62.75
2014-12-02,62.810001
2014-12-03,64.410004
2014-12-04,64.190002
2014-12-05,63.209998999999996
2014-12-08,61.43
2014-12-09,62.75
2014-12-10,60.82
2014-12-11,61.360001000000004
2014-12-12,60.02
2014-12-15,59.84
2014-12-16,60.959998999999996
2014-12-17,63.709998999999996
2014-12-18,65.040001
2014-12-19,66.610001
2014-12-22,66.860001
2014-12-23,67.08000200000001
2014-12-24,66.989998
2014-12-26,67.120003
2014-12-29,67.25
2014-12-30,67.129997
2014-12-31,66.41999799999999
2015-01-02,66.68
2015-01-05,63.959998999999996
2015-01-06,63.41
2015-01-07,63.889998999999996
2015-01-08,65.550003
2015-01-09,65.120003
2015-01-12,64.629997
2015-01-13,65.0
2015-01-14,65.309998
2015-01-15,64.959999
2015-01-16,64.480003
2015-01-20,64.83000200000001
2015-01-21,66.309998
2015-01-22,66.309998
2015-01-23,64.25
2015-01-26,63.98
2015-01-27,62.700001
2015-01-28,61.360001000000004
2015-01-29,62.369999
2015-01-30,61.810001
2015-02-02,64.279999
2015-02-03,65.690002
2015-02-04,63.529999
2015-02-05,63.950001
2015-02-06,64.32
2015-02-09,65.470001
2015-02-10,65.050003
2015-02-11,64.639999
2015-02-12,65.779999
2015-02-13,66.870003
2015-02-17,67.059998
2015-02-18,66.860001
2015-02-19,66.949997
2015-02-20,68.029999
2015-02-23,66.949997
2015-02-24,67.629997
2015-02-25,67.540001
2015-02-26,67.339996
2015-02-27,66.470001
2015-03-02,66.209999
2015-03-03,65.870003
2015-03-04,64.389999
2015-03-05,64.800003
2015-03-06,63.41
2015-03-09,64.25
2015-03-10,62.860001000000004
2015-03-11,62.5
2015-03-12,64.190002
2015-03-13,63.759997999999996
2015-03-16,64.489998
2015-03-17,64.610001
2015-03-18,66.059998
2015-03-19,64.379997
2015-03-20,64.639999
2015-03-23,64.089996
2015-03-24,64.209999
2015-03-25,62.82
2015-03-26,62.860001000000004
2015-03-27,62.389998999999996
2015-03-30,63.529999
2015-03-31,62.889998999999996
2015-04-01,62.990002000000004
2015-04-02,63.669998
2015-04-06,65.690002
2015-04-07,64.459999
2015-04-08,62.209998999999996
2015-04-09,62.330002
2015-04-10,62.66
2015-04-13,62.57
2015-04-14,63.740002000000004
2015-04-15,64.879997
2015-04-16,64.639999
2015-04-17,63.59
2015-04-20,64.010002
2015-04-21,61.77
2015-04-22,60.509997999999996
2015-04-23,61.299999
2015-04-24,61.52
2015-04-27,62.5
2015-04-28,62.439999
2015-04-29,62.669998
2015-04-30,62.150002
2015-05-01,62.130001
2015-05-04,62.369999
2015-05-05,61.799999
2015-05-06,62.0
2015-05-07,61.950001
2015-05-08,62.080002
2015-05-11,62.16
2015-05-12,62.669998
2015-05-13,63.240002000000004
2015-05-14,64.32
2015-05-15,64.0
2015-05-18,64.0
2015-05-19,64.050003
2015-05-20,64.190002
2015-05-21,65.940002
2015-05-22,65.019997
2015-05-26,64.440002
2015-05-27,64.639999
2015-05-28,64.480003
2015-05-29,64.029999
2015-06-01,63.490002000000004
2015-06-02,63.860001000000004
2015-06-03,63.68
2015-06-04,62.16
2015-06-05,62.380001
2015-06-08,61.540001000000004
2015-06-09,61.220001
2015-06-10,61.950001
2015-06-11,62.189999
2015-06-12,62.09
2015-06-15,61.07
2015-06-16,61.59
2015-06-17,61.299999
2015-06-18,61.73
2015-06-19,61.41
2015-06-22,62.150002
2015-06-23,62.82
2015-06-24,63.799999
2015-06-25,63.68
2015-06-26,63.75
2015-06-29,64.43
2015-06-30,68.75
2015-07-01,68.709999
2015-07-02,67.940002
2015-07-06,66.050003
2015-07-07,66.459999
2015-07-08,65.16999799999999
2015-07-09,64.550003
2015-07-10,63.900002
2015-07-13,65.16999799999999
2015-07-14,65.300003
2015-07-15,63.700001
2015-07-16,64.379997
2015-07-17,63.830002
2015-07-20,64.08000200000001
2015-07-21,61.599998
2015-07-22,61.110001000000004
2015-07-23,61.869999
2015-07-24,60.84
2015-07-27,58.75
2015-07-28,59.450001
2015-07-29,60.799999
2015-07-30,60.740002000000004
2015-07-31,60.810001
2015-08-03,60.209998999999996
2015-08-04,59.919998
2015-08-05,60.860001000000004
2015-08-06,60.970001
2015-08-07,61.139998999999996
2015-08-10,62.369999
2015-08-11,61.099998
2015-08-12,61.290001000000004
2015-08-13,61.200001
2015-08-14,61.669998
2015-08-17,62.599998
2015-08-18,62.27
2015-08-19,60.759997999999996
2015-08-20,58.900002
2015-08-21,57.029999
2015-08-24,54.650002
2015-08-25,52.990002000000004
2015-08-26,54.27
2015-08-27,55.75
2015-08-28,55.970001
2015-08-31,55.290001000000004
2015-09-01,53.490002000000004
2015-09-02,53.849998
2015-09-03,54.23
2015-09-04,53.189999
2015-09-08,54.580002
2015-09-09,54.080002
2015-09-10,54.209998999999996
2015-09-11,54.41
2015-09-14,53.490002000000004
2015-09-15,54.040001000000004
2015-09-16,54.880001
2015-09-17,53.209998999999996
2015-09-18,51.0
2015-09-21,50.459998999999996
2015-09-22,51.27
2015-09-23,50.580002
2015-09-24,51.07
2015-09-25,51.98
2015-09-28,51.27
2015-09-29,50.790001000000004
2015-09-30,51.040001000000004
2015-10-01,49.549999
2015-10-02,51.349998
2015-10-05,54.509997999999996
2015-10-06,54.360001000000004
2015-10-07,55.189999
2015-10-08,57.529999
2015-10-09,57.150002
2015-10-12,56.880001
2015-10-13,56.290001000000004
2015-10-14,55.48
2015-10-15,56.650002
2015-10-16,55.57
2015-10-19,55.209998999999996
2015-10-20,54.380001
2015-10-21,53.959998999999996
2015-10-22,55.669998
2015-10-23,55.790001000000004
2015-10-26,55.02
2015-10-27,54.610001000000004
2015-10-28,54.849998
2015-10-29,55.34
2015-10-30,55.919998
2015-11-02,56.860001000000004
2015-11-03,58.459998999999996
2015-11-04,58.669998
2015-11-05,59.400002
2015-11-06,57.259997999999996
2015-11-09,56.310001
2015-11-10,56.98
2015-11-11,56.740002000000004
2015-11-12,54.450001
2015-11-13,54.880001
2015-11-16,55.549999
2015-11-17,54.900002
2015-11-18,56.25
2015-11-19,56.77
2015-11-20,56.68
2015-11-23,56.439999
2015-11-24,56.540001000000004
2015-11-25,56.18
2015-11-27,56.389998999999996
2015-11-30,56.700001
2015-12-01,57.080002
2015-12-02,56.009997999999996
2015-12-03,55.830002
2015-12-04,55.830002
2015-12-07,54.98
2015-12-08,52.619999
2015-12-09,52.5
2015-12-10,53.27
2015-12-11,51.73
2015-12-14,52.25
2015-12-15,50.84
2015-12-16,51.779999
2015-12-17,49.580002
2015-12-18,48.209998999999996
2015-12-21,48.639998999999996
2015-12-22,49.259997999999996
2015-12-23,50.389998999999996
2015-12-24,50.279999
2015-12-28,49.599998
2015-12-29,50.48
2015-12-30,50.0
2015-12-31,49.529999
2016-01-04,49.279999
2016-01-05,48.860001000000004
2016-01-06,47.740002000000004
2016-01-07,46.48
2016-01-08,45.639998999999996
2016-01-11,45.5
2016-01-12,46.119999
2016-01-13,45.07
2016-01-14,45.509997999999996
2016-01-15,44.619999
2016-01-19,44.080002
2016-01-20,42.990002000000004
2016-01-21,43.380001
2016-01-22,44.099998
2016-01-25,43.580002
2016-01-26,45.310001
2016-01-27,45.119999
2016-01-28,45.470001
2016-01-29,47.119999
2016-02-01,46.630001
2016-02-02,44.599998
2016-02-03,45.450001
2016-02-04,46.810001
2016-02-05,46.25
2016-02-08,45.630001
2016-02-09,45.200001
2016-02-10,42.880001
2016-02-11,43.080002
2016-02-12,44.400002
2016-02-16,45.740002000000004
2016-02-17,47.490002000000004
2016-02-18,48.27
2016-02-19,48.009997999999996
2016-02-22,49.130001
2016-02-23,47.740002000000004
2016-02-24,47.880001
2016-02-25,47.900002
2016-02-26,48.540001000000004
2016-02-29,47.709998999999996
2016-03-01,49.16
2016-03-02,50.610001000000004
2016-03-03,50.880001
2016-03-04,50.540001000000004
2016-03-07,51.880001
2016-03-08,49.93
2016-03-09,50.200001
2016-03-10,49.48
2016-03-11,50.400002
2016-03-14,50.580002
2016-03-15,50.25
2016-03-16,51.75
2016-03-17,53.810001
2016-03-18,53.799999
2016-03-21,54.060001
2016-03-22,53.950001
2016-03-23,52.939999
2016-03-24,52.650002
2016-03-28,52.650002
2016-03-29,53.41
2016-03-30,54.07
2016-03-31,54.259997999999996
2016-04-01,53.549999
2016-04-04,53.130001
2016-04-05,51.360001000000004
2016-04-06,51.18
2016-04-07,50.700001
2016-04-08,51.509997999999996
2016-04-11,51.700001
2016-04-12,53.110001000000004
2016-04-13,55.02
2016-04-14,55.310001
2016-04-15,55.110001000000004
2016-04-18,55.169998
2016-04-19,56.259997999999996
2016-04-20,56.389998999999996
2016-04-21,56.439999
2016-04-22,57.279999
2016-04-25,56.130001
2016-04-26,58.299999
2016-04-27,59.939999
2016-04-28,58.689999
2016-04-29,58.080002
2016-05-02,58.990002000000004
2016-05-03,57.990002000000004
2016-05-04,56.880001
2016-05-05,56.900002
2016-05-06,58.139998999999996
2016-05-09,57.52
2016-05-10,58.310001
2016-05-11,58.900002
2016-05-12,59.220001
2016-05-13,57.650002
2016-05-16,58.57
2016-05-17,58.169998
2016-05-18,59.27
2016-05-19,58.360001000000004
2016-05-20,58.48
2016-05-23,59.310001
2016-05-24,60.080002
2016-05-25,61.349998
2016-05-26,60.84
2016-05-27,60.610001000000004
2016-05-31,60.240002000000004
2016-06-01,60.189999
2016-06-02,60.75
2016-06-03,60.0
2016-06-06,60.720001
2016-06-07,61.07
2016-06-08,60.939999
2016-06-09,60.16
2016-06-10,59.380001
2016-06-13,58.529999
2016-06-14,59.18
2016-06-15,59.799999
2016-06-16,60.279999
2016-06-17,61.200001
2016-06-20,62.279999
2016-06-21,61.490002000000004
2016-06-22,60.619999
2016-06-23,61.509997999999996
2016-06-24,57.830002
2016-06-27,56.279999
2016-06-28,56.439999
2016-06-29,57.700001
2016-06-30,58.290001000000004
2016-07-01,58.830002
2016-07-05,57.900002
2016-07-06,58.740002000000004
2016-07-07,59.32
2016-07-08,61.43
2016-07-11,62.200001
2016-07-12,63.599998
2016-07-13,63.240002000000004
2016-07-14,63.41
2016-07-15,63.57
2016-07-18,62.970001
2016-07-19,62.509997999999996
2016-07-20,62.400002
2016-07-21,61.98
2016-07-22,62.610001000000004
2016-07-25,62.060001
2016-07-26,63.279999
2016-07-27,63.77
2016-07-28,63.880001
2016-07-29,63.82
2016-08-01,62.290001000000004
2016-08-02,61.130001
2016-08-03,62.34
2016-08-04,62.25
2016-08-05,64.559998
2016-08-08,64.379997
2016-08-09,64.510002
2016-08-10,64.370003
2016-08-11,65.83000200000001
2016-08-12,65.629997
2016-08-15,66.769997
2016-08-16,66.379997
2016-08-17,66.589996
2016-08-18,66.529999
2016-08-19,65.790001
2016-08-22,65.239998
2016-08-23,65.120003
2016-08-24,64.510002
2016-08-25,63.98
2016-08-26,63.700001
2016-08-29,64.779999
2016-08-30,64.160004
2016-08-31,64.050003
2016-09-01,63.209998999999996
2016-09-02,64.019997
2016-09-06,63.810001
2016-09-07,63.380001
2016-09-08,62.169998
2016-09-09,59.889998999999996
2016-09-12,60.59
2016-09-13,58.810001
2016-09-14,58.779999
2016-09-15,59.009997999999996
2016-09-16,59.400002
2016-09-19,59.810001
2016-09-20,59.529999
2016-09-21,60.509997999999996
2016-09-22,62.25
2016-09-23,61.259997999999996
2016-09-26,60.970001
2016-09-27,61.459998999999996
2016-09-28,63.279999
2016-09-29,62.950001
2016-09-30,64.239998
2016-10-03,64.0
2016-10-04,62.18
2016-10-05,62.23
2016-10-06,61.57
2016-10-07,60.23
2016-10-10,59.779999
2016-10-11,59.150002
2016-10-12,59.619999
2016-10-13,58.810001
2016-10-14,58.740002000000004
2016-10-17,59.0
2016-10-18,59.439999
2016-10-19,58.950001
2016-10-20,58.279999
2016-10-21,58.369999
2016-10-24,58.939999
2016-10-25,55.919998
2016-10-26,55.400002
2016-10-27,54.830002
2016-10-28,55.150002
2016-10-31,55.130001
2016-11-01,54.919998
2016-11-02,53.919998
2016-11-03,54.150002
2016-11-04,54.700001
2016-11-07,55.490002000000004
2016-11-08,55.93
2016-11-09,57.299999
2016-11-10,60.240002000000004
2016-11-11,59.450001
2016-11-14,59.939999
2016-11-15,58.900002
2016-11-16,58.290001000000004
2016-11-17,57.950001
2016-11-18,57.799999
2016-11-21,58.220001
2016-11-22,57.990002000000004
2016-11-23,57.830002
2016-11-25,58.060001
2016-11-28,57.060001
2016-11-29,56.209998999999996
2016-11-30,57.459998999999996
2016-12-01,58.810001
2016-12-02,58.779999
2016-12-05,59.68
2016-12-06,60.130001
2016-12-07,61.349998
2016-12-08,60.639998999999996
2016-12-09,60.240002000000004
2016-12-12,59.880001
2016-12-13,58.959998999999996
2016-12-14,57.73
2016-12-15,57.0
2016-12-16,56.549999
2016-12-19,57.150002
2016-12-20,57.119999
2016-12-21,57.060001
2016-12-22,56.82
2016-12-23,56.82
2016-12-27,57.279999
2016-12-28,56.259997999999996
2016-12-29,56.509997999999996
2016-12-30,56.07
