2008-12-31,34.529999
2009-01-02,34.630001
2009-01-05,36.139998999999996
2009-01-06,38.110001000000004
2009-01-07,37.009997999999996
2009-01-08,37.52
2009-01-09,35.400002
2009-01-12,35.110001000000004
2009-01-13,34.939999
2009-01-14,33.700001
2009-01-15,34.919998
2009-01-16,35.02
2009-01-20,32.549999
2009-01-21,34.139998999999996
2009-01-22,33.919998
2009-01-23,33.400002
2009-01-26,33.150002
2009-01-27,33.34
2009-01-28,34.919998
2009-01-29,32.700001
2009-01-30,31.200001
2009-02-02,30.200001
2009-02-03,32.110001000000004
2009-02-04,31.34
2009-02-05,32.290001000000004
2009-02-06,33.02
2009-02-09,32.73
2009-02-10,31.290001
2009-02-11,31.75
2009-02-12,30.85
2009-02-13,30.08
2009-02-17,29.629998999999998
2009-02-18,29.440001000000002
2009-02-19,29.889999
2009-02-20,29.75
2009-02-23,28.43
2009-02-24,27.83
2009-02-25,27.59
2009-02-26,27.82
2009-02-27,28.309998999999998
2009-03-02,27.370001000000002
2009-03-03,25.950001
2009-03-04,27.16
2009-03-05,26.309998999999998
2009-03-06,25.65
2009-03-09,25.370001000000002
2009-03-10,27.209999
2009-03-11,26.9
2009-03-12,28.49
2009-03-13,29.969998999999998
2009-03-16,28.83
2009-03-17,30.450001
2009-03-18,31.58
2009-03-19,31.43
2009-03-20,30.35
2009-03-23,33.080002
2009-03-24,33.060001
2009-03-25,33.23
2009-03-26,34.93
2009-03-27,34.169998
2009-03-30,33.279999
2009-03-31,34.389998999999996
2009-04-01,34.380001
2009-04-02,36.060001
2009-04-03,36.68
2009-04-06,35.450001
2009-04-07,35.029999
2009-04-08,37.599998
2009-04-09,39.889998999999996
2009-04-13,40.220001
2009-04-14,39.07
2009-04-15,38.540001000000004
2009-04-16,39.849998
2009-04-17,40.540001000000004
2009-04-20,38.0
2009-04-21,38.740002000000004
2009-04-22,39.23
2009-04-23,38.689999
2009-04-24,40.080002
2009-04-27,39.389998999999996
2009-04-28,39.619999
2009-04-29,40.25
2009-04-30,41.259997999999996
2009-05-01,40.049999
2009-05-04,40.549999
2009-05-05,41.259997999999996
2009-05-06,41.470001
2009-05-07,42.669998
2009-05-08,43.790001000000004
2009-05-11,42.73
2009-05-12,42.529999
2009-05-13,40.470001
2009-05-14,40.48
2009-05-15,40.369999
2009-05-18,41.77
2009-05-19,41.939999
2009-05-20,42.939999
2009-05-21,41.599998
2009-05-22,40.740002000000004
2009-05-26,41.0
2009-05-27,39.599998
2009-05-28,39.139998999999996
2009-05-29,39.299999
2009-06-01,41.669998
2009-06-02,41.279999
2009-06-03,40.970001
2009-06-04,40.950001
2009-06-05,40.490002000000004
2009-06-08,40.98
2009-06-09,41.139998999999996
2009-06-10,40.369999
2009-06-11,39.549999
2009-06-12,40.380001
2009-06-15,40.110001000000004
2009-06-16,38.619999
2009-06-17,39.049999
2009-06-18,39.0
2009-06-19,39.580002
2009-06-22,39.470001
2009-06-23,38.32
2009-06-24,38.68
2009-06-25,40.310001
2009-06-26,39.57
2009-06-29,39.650002
2009-06-30,39.470001
2009-07-01,38.689999
2009-07-02,37.450001
2009-07-06,37.599998
2009-07-07,36.75
2009-07-08,37.259997999999996
2009-07-09,38.389998999999996
2009-07-10,37.799999
2009-07-13,38.34
2009-07-14,38.57
2009-07-15,39.77
2009-07-16,39.57
2009-07-17,39.560001
2009-07-20,39.939999
2009-07-21,40.060001
2009-07-22,41.169998
2009-07-23,42.240002000000004
2009-07-24,42.709998999999996
2009-07-27,42.860001000000004
2009-07-28,43.209998999999996
2009-07-29,43.580002
2009-07-30,43.599998
2009-07-31,43.619999
2009-08-03,43.040001000000004
2009-08-04,42.169998
2009-08-05,41.810001
2009-08-06,41.709998999999996
2009-08-07,42.93
2009-08-10,41.98
2009-08-11,42.200001
2009-08-12,42.509997999999996
2009-08-13,42.240002000000004
2009-08-14,42.029999
2009-08-17,41.380001
2009-08-18,44.32
2009-08-19,45.049999
2009-08-20,45.27
2009-08-21,45.66
2009-08-24,45.169998
2009-08-25,46.470001
2009-08-26,47.419998
2009-08-27,47.290001000000004
2009-08-28,47.389998999999996
2009-08-31,47.0
2009-09-01,46.580002
2009-09-02,46.27
2009-09-03,47.07
2009-09-04,47.119999
2009-09-08,47.310001
2009-09-09,47.650002
2009-09-10,48.169998
2009-09-11,47.950001
2009-09-14,47.419998
2009-09-15,47.509997999999996
2009-09-16,48.470001
2009-09-17,48.669998
2009-09-18,48.790001000000004
2009-09-21,48.84
2009-09-22,48.16
2009-09-23,47.560001
2009-09-24,47.650002
2009-09-25,46.290001000000004
2009-09-28,47.709998999999996
2009-09-29,47.279999
2009-09-30,46.68
2009-10-01,46.57
2009-10-02,46.02
2009-10-05,46.93
2009-10-06,48.09
2009-10-07,48.509997999999996
2009-10-08,49.34
2009-10-09,49.889998999999996
2009-10-12,49.599998
2009-10-13,50.099998
2009-10-14,51.349998
2009-10-15,50.419998
2009-10-16,50.080002
2009-10-19,50.389998999999996
2009-10-20,49.970001
2009-10-21,48.900002
2009-10-22,49.490002000000004
2009-10-23,49.029999
2009-10-26,48.880001
2009-10-27,48.450001
2009-10-28,48.240002000000004
2009-10-29,49.529999
2009-10-30,48.43
2009-11-02,49.34
2009-11-03,49.25
2009-11-04,49.27
2009-11-05,49.700001
2009-11-06,49.700001
2009-11-09,50.450001
2009-11-10,50.490002000000004
2009-11-11,50.110001000000004
2009-11-12,48.93
2009-11-13,48.990002000000004
2009-11-16,50.290001000000004
2009-11-17,48.77
2009-11-18,47.869999
2009-11-19,47.900002
2009-11-20,47.459998999999996
2009-11-23,47.259997999999996
2009-11-24,47.459998999999996
2009-11-25,47.830002
2009-11-27,47.700001
2009-11-30,46.560001
2009-12-01,46.779999
2009-12-02,47.720001
2009-12-03,46.349998
2009-12-04,45.639998999999996
2009-12-07,46.34
2009-12-08,45.869999
2009-12-09,45.299999
2009-12-10,45.990002000000004
2009-12-11,46.93
2009-12-14,47.84
2009-12-15,47.66
2009-12-16,47.48
2009-12-17,47.5
2009-12-18,48.240002000000004
2009-12-21,49.330002
2009-12-22,48.790001000000004
2009-12-23,48.849998
2009-12-24,48.650002
2009-12-28,48.450001
2009-12-29,48.580002
2009-12-30,48.700001
2009-12-31,48.369999
2010-01-04,48.549999
2010-01-05,48.73
2010-01-06,49.66
2010-01-07,50.27
2010-01-08,50.07
2010-01-11,50.18
2010-01-12,49.34
2010-01-13,49.34
2010-01-14,50.099998
2010-01-15,50.169998
2010-01-19,51.200001
2010-01-20,50.720001
2010-01-21,50.220001
2010-01-22,50.380001
2010-01-25,50.77
2010-01-26,52.02
2010-01-27,51.959998999999996
2010-01-28,51.91
2010-01-29,51.27
2010-02-01,51.09
2010-02-02,50.82
2010-02-03,50.599998
2010-02-04,49.07
2010-02-05,49.299999
2010-02-08,48.779999
2010-02-09,49.139998999999996
2010-02-10,48.950001
2010-02-11,49.16
2010-02-12,48.639998999999996
2010-02-16,50.09
2010-02-17,50.599998
2010-02-18,50.740002000000004
2010-02-19,50.73
2010-02-22,50.639998999999996
2010-02-23,50.060001
2010-02-24,50.990002000000004
2010-02-25,50.950001
2010-02-26,51.52
2010-03-01,52.240002000000004
2010-03-02,51.669998
2010-03-03,51.68
2010-03-04,52.939999
2010-03-05,53.490002000000004
2010-03-08,53.48
2010-03-09,52.860001000000004
2010-03-10,52.639998999999996
2010-03-11,52.810001
2010-03-12,53.080002
2010-03-15,53.470001
2010-03-16,53.439999
2010-03-17,53.18
2010-03-18,53.040001000000004
2010-03-19,53.299999
2010-03-22,53.880001
2010-03-23,53.889998999999996
2010-03-24,53.369999
2010-03-25,53.450001
2010-03-26,54.369999
2010-03-29,53.959998999999996
2010-03-30,53.740002000000004
2010-03-31,52.599998
2010-04-01,53.130001
2010-04-05,53.759997999999996
2010-04-06,54.09
2010-04-07,54.009997999999996
2010-04-08,55.639998999999996
2010-04-09,55.669998
2010-04-12,55.98
2010-04-13,56.459998999999996
2010-04-14,56.740002000000004
2010-04-15,56.599998
2010-04-16,55.990002000000004
2010-04-19,56.07
2010-04-20,56.139998999999996
2010-04-21,56.93
2010-04-22,57.599998
2010-04-23,57.939999
2010-04-26,58.049999
2010-04-27,56.669998
2010-04-28,56.610001000000004
2010-04-29,57.349998
2010-04-30,56.869999
2010-05-03,56.990002000000004
2010-05-04,55.580002
2010-05-05,56.060001
2010-05-06,55.02
2010-05-07,54.299999
2010-05-10,56.669998
2010-05-11,56.279999
2010-05-12,57.130001
2010-05-13,55.07
2010-05-14,55.169998
2010-05-17,56.049999
2010-05-18,54.220001
2010-05-19,54.029999
2010-05-20,52.779999
2010-05-21,54.349998
2010-05-24,54.290001000000004
2010-05-25,54.580002
2010-05-26,53.59
2010-05-27,55.310001
2010-05-28,54.529999
2010-06-01,53.91
2010-06-02,54.369999
2010-06-03,54.48
2010-06-04,52.799999
2010-06-07,52.0
2010-06-08,52.419998
2010-06-09,52.369999
2010-06-10,53.610001000000004
2010-06-11,53.709998999999996
2010-06-14,54.049999
2010-06-15,54.599998
2010-06-16,54.18
2010-06-17,54.119999
2010-06-18,53.669998
2010-06-21,52.889998999999996
2010-06-22,52.279999
2010-06-23,52.669998
2010-06-24,50.73
2010-06-25,50.5
2010-06-28,49.919998
2010-06-29,49.0
2010-06-30,49.169998
2010-07-01,49.610001000000004
2010-07-02,49.529999
2010-07-06,49.93
2010-07-07,50.43
2010-07-08,50.02
2010-07-09,49.849998
2010-07-12,49.16
2010-07-13,49.889998999999996
2010-07-14,49.650002
2010-07-15,50.790001000000004
2010-07-16,50.279999
2010-07-19,50.23
2010-07-20,51.029999
2010-07-21,50.169998
2010-07-22,51.459998999999996
2010-07-23,51.889998999999996
2010-07-26,52.849998
2010-07-27,52.130001
2010-07-28,51.799999
2010-07-29,51.509997999999996
2010-07-30,51.32
2010-08-02,51.75
2010-08-03,50.98
2010-08-04,51.5
2010-08-05,52.860001000000004
2010-08-06,52.32
2010-08-09,53.349998
2010-08-10,52.939999
2010-08-11,52.009997999999996
2010-08-12,51.810001
2010-08-13,50.810001
2010-08-16,50.720001
2010-08-17,50.93
2010-08-18,51.950001
2010-08-19,51.849998
2010-08-20,52.150002
2010-08-23,52.009997999999996
2010-08-24,51.529999
2010-08-25,51.57
2010-08-26,51.66
2010-08-27,51.740002000000004
2010-08-30,50.799999
2010-08-31,51.16
2010-09-01,52.240002000000004
2010-09-02,52.549999
2010-09-03,52.830002
2010-09-07,52.330002
2010-09-08,52.490002000000004
2010-09-09,52.720001
2010-09-10,53.060001
2010-09-13,53.189999
2010-09-14,53.75
2010-09-15,53.759997999999996
2010-09-16,53.959998999999996
2010-09-17,53.740002000000004
2010-09-20,54.599998
2010-09-21,54.07
2010-09-22,54.099998
2010-09-23,53.77
2010-09-24,55.049999
2010-09-27,54.389998999999996
2010-09-28,54.529999
2010-09-29,53.540001000000004
2010-09-30,53.439999
2010-10-01,53.470001
2010-10-04,53.419998
2010-10-05,54.240002000000004
2010-10-06,54.07
2010-10-07,54.32
2010-10-08,54.200001
2010-10-11,54.849998
2010-10-12,54.740002000000004
2010-10-13,54.419998
2010-10-14,54.07
2010-10-15,54.330002
2010-10-18,54.040001000000004
2010-10-19,53.5
2010-10-20,54.18
2010-10-21,54.209998999999996
2010-10-22,53.869999
2010-10-25,53.759997999999996
2010-10-26,53.139998999999996
2010-10-27,52.73
2010-10-28,52.360001000000004
2010-10-29,51.939999
2010-11-01,53.48
2010-11-02,53.950001
2010-11-03,53.970001
2010-11-04,54.759997999999996
2010-11-05,55.150002
2010-11-08,54.900002
2010-11-09,54.459998999999996
2010-11-10,54.580002
2010-11-11,54.299999
2010-11-12,54.189999
2010-11-15,54.16
2010-11-16,53.790001000000004
2010-11-17,55.619999
2010-11-18,55.32
2010-11-19,56.310001
2010-11-22,55.77
2010-11-23,55.240002000000004
2010-11-24,57.25
2010-11-26,56.849998
2010-11-29,56.330002
2010-11-30,56.939999
2010-12-01,58.02
2010-12-02,59.650002
2010-12-03,59.119999
2010-12-06,59.23
2010-12-07,59.09
2010-12-08,59.130001
2010-12-09,59.41
2010-12-10,58.950001
2010-12-13,58.790001000000004
2010-12-14,59.080002
2010-12-15,58.779999
2010-12-16,59.060001
2010-12-17,58.52
2010-12-20,58.599998
2010-12-21,59.700001
2010-12-22,60.029999
2010-12-23,60.259997999999996
2010-12-27,60.049999
2010-12-28,59.91
2010-12-29,59.889998999999996
2010-12-30,59.950001
2010-12-31,60.130001
2011-01-03,60.77
2011-01-04,59.990002000000004
2011-01-05,58.939999
2011-01-06,54.93
2011-01-07,55.049999
2011-01-10,55.220001
2011-01-11,55.189999
2011-01-12,55.450001
2011-01-13,55.419998
2011-01-14,55.07
2011-01-18,54.630001
2011-01-19,54.529999
2011-01-20,55.549999
2011-01-21,55.73
2011-01-24,55.799999
2011-01-25,55.950001
2011-01-26,55.59
2011-01-27,54.830002
2011-01-28,54.349998
2011-01-31,54.830002
2011-02-01,54.639998999999996
2011-02-02,53.459998999999996
2011-02-03,54.060001
2011-02-04,54.27
2011-02-07,54.799999
2011-02-08,55.389998999999996
2011-02-09,55.009997999999996
2011-02-10,54.560001
2011-02-11,54.389998999999996
2011-02-14,53.630001
2011-02-15,53.860001000000004
2011-02-16,53.740002000000004
2011-02-17,53.150002
2011-02-18,51.900002
2011-02-22,51.07
2011-02-23,50.259997999999996
2011-02-24,52.0
2011-02-25,52.360001000000004
2011-02-28,52.549999
2011-03-01,52.470001
2011-03-02,52.299999
2011-03-03,52.080002
2011-03-04,51.650002
2011-03-07,51.299999
2011-03-08,51.509997999999996
2011-03-09,51.639998999999996
2011-03-10,51.16
2011-03-11,51.529999
2011-03-14,51.07
2011-03-15,50.849998
2011-03-16,50.66
2011-03-17,50.380001
2011-03-18,49.990002000000004
2011-03-21,50.709998999999996
2011-03-22,50.5
2011-03-23,50.240002000000004
2011-03-24,50.610001000000004
2011-03-25,49.950001
2011-03-28,49.549999
2011-03-29,49.16
2011-03-30,50.259997999999996
2011-03-31,50.009997999999996
2011-04-01,50.360001000000004
2011-04-04,50.060001
2011-04-05,50.740002000000004
2011-04-06,50.959998999999996
2011-04-07,49.619999
2011-04-08,49.529999
2011-04-11,49.259997999999996
2011-04-12,50.439999
2011-04-13,50.09
2011-04-14,50.02
2011-04-15,50.240002000000004
2011-04-18,50.27
2011-04-19,49.82
2011-04-20,50.049999
2011-04-21,49.900002
2011-04-25,49.5
2011-04-26,49.849998
2011-04-27,50.59
2011-04-28,50.220001
2011-04-29,49.099998
2011-05-02,48.799999
2011-05-03,49.169998
2011-05-04,49.200001
2011-05-05,50.34
2011-05-06,50.509997999999996
2011-05-09,50.0
2011-05-10,50.470001
2011-05-11,50.810001
2011-05-12,51.759997999999996
2011-05-13,51.52
2011-05-16,50.34
2011-05-17,50.779999
2011-05-18,49.959998999999996
2011-05-19,50.290001000000004
2011-05-20,49.689999
2011-05-23,49.509997999999996
2011-05-24,49.240002000000004
2011-05-25,49.360001000000004
2011-05-26,49.41
2011-05-27,49.369999
2011-05-31,49.529999
2011-06-01,48.560001
2011-06-02,47.950001
2011-06-03,47.400002
2011-06-06,47.360001000000004
2011-06-07,47.060001
2011-06-08,46.860001000000004
2011-06-09,47.16
2011-06-10,46.700001
2011-06-13,46.43
2011-06-14,47.290001000000004
2011-06-15,46.709998999999996
2011-06-16,46.450001
2011-06-17,46.529999
2011-06-20,47.240002000000004
2011-06-21,47.68
2011-06-22,46.82
2011-06-23,47.630001
2011-06-24,46.330002
2011-06-27,46.459998999999996
2011-06-28,46.689999
2011-06-29,46.490002000000004
2011-06-30,46.91
2011-07-01,47.93
2011-07-05,47.549999
2011-07-06,48.439999
2011-07-07,51.669998
2011-07-08,51.139998999999996
2011-07-11,50.689999
2011-07-12,50.939999
2011-07-13,50.830002
2011-07-14,50.790001000000004
2011-07-15,51.09
2011-07-18,50.59
2011-07-19,51.299999
2011-07-20,50.959998999999996
2011-07-21,51.73
2011-07-22,51.810001
2011-07-25,51.139998999999996
2011-07-26,50.610001000000004
2011-07-27,50.349998
2011-07-28,50.43
2011-07-29,51.490002000000004
2011-08-01,51.099998
2011-08-02,48.950001
2011-08-03,49.75
2011-08-04,47.810001
2011-08-05,48.650002
2011-08-08,46.439999
2011-08-09,48.950001
2011-08-10,46.700001
2011-08-11,47.27
2011-08-12,48.48
2011-08-15,48.419998
2011-08-16,49.369999
2011-08-17,50.549999
2011-08-18,50.639998999999996
2011-08-19,49.919998
2011-08-22,50.049999
2011-08-23,50.630001
2011-08-24,51.0
2011-08-25,50.299999
2011-08-26,50.830002
2011-08-29,51.34
2011-08-30,50.959998999999996
2011-08-31,51.669998
2011-09-01,51.060001
2011-09-02,49.709998999999996
2011-09-06,49.34
2011-09-07,50.580002
2011-09-08,50.59
2011-09-09,50.02
2011-09-12,50.110001000000004
2011-09-13,50.950001
2011-09-14,51.279999
2011-09-15,51.700001
2011-09-16,52.66
2011-09-19,52.759997999999996
2011-09-20,52.279999
2011-09-21,51.43
2011-09-22,49.130001
2011-09-23,49.139998999999996
2011-09-26,50.619999
2011-09-27,50.43
2011-09-28,49.990002000000004
2011-09-29,50.23
2011-09-30,49.040001000000004
2011-10-03,47.799999
2011-10-04,49.470001
2011-10-05,49.759997999999996
2011-10-06,51.91
2011-10-07,51.560001
2011-10-10,52.630001
2011-10-11,53.07
2011-10-12,52.75
2011-10-13,52.73
2011-10-14,52.950001
2011-10-17,52.900002
2011-10-18,53.639998999999996
2011-10-19,53.27
2011-10-20,53.709998999999996
2011-10-21,54.639998999999996
2011-10-24,54.720001
2011-10-25,54.400002
2011-10-26,55.150002
2011-10-27,55.560001
2011-10-28,55.240002000000004
2011-10-31,54.75
2011-11-01,52.610001000000004
2011-11-02,52.919998
2011-11-03,52.240002000000004
2011-11-04,52.169998
2011-11-07,52.830002
2011-11-08,53.049999
2011-11-09,51.689999
2011-11-10,51.77
2011-11-11,53.07
2011-11-14,52.650002
2011-11-15,53.18
2011-11-16,52.939999
2011-11-17,52.639998999999996
2011-11-18,53.0
2011-11-21,52.540001000000004
2011-11-22,52.689999
2011-11-23,51.529999
2011-11-25,51.209998999999996
2011-11-28,51.630001
2011-11-29,52.240002000000004
2011-11-30,52.700001
2011-12-01,52.150002
2011-12-02,52.880001
2011-12-05,53.32
2011-12-06,53.66
2011-12-07,54.189999
2011-12-08,53.470001
2011-12-09,53.5
2011-12-12,53.470001
2011-12-13,52.810001
2011-12-14,52.48
2011-12-15,52.07
2011-12-16,52.200001
2011-12-19,51.439999
2011-12-20,51.779999
2011-12-21,51.720001
2011-12-22,51.27
2011-12-23,51.700001
2011-12-27,52.110001000000004
2011-12-28,51.709998999999996
2011-12-29,51.68
2011-12-30,51.220001
2012-01-03,51.119999
2012-01-04,50.0
2012-01-05,48.509997999999996
2012-01-06,48.950001
2012-01-09,48.57
2012-01-10,48.790001000000004
2012-01-11,49.029999
2012-01-12,49.810001
2012-01-13,49.82
2012-01-17,49.880001
2012-01-18,49.869999
2012-01-19,50.900002
2012-01-20,50.169998
2012-01-23,50.150002
2012-01-24,50.75
2012-01-25,51.139998999999996
2012-01-26,50.5
2012-01-27,50.049999
2012-01-30,50.330002
2012-01-31,50.810001
2012-02-01,51.419998
2012-02-02,52.0
2012-02-03,52.139998999999996
2012-02-06,52.049999
2012-02-07,52.41
2012-02-08,52.57
2012-02-09,52.700001
2012-02-10,52.43
2012-02-13,52.360001000000004
2012-02-14,52.27
2012-02-15,51.810001
2012-02-16,51.93
2012-02-17,52.639998999999996
2012-02-21,52.540001000000004
2012-02-22,52.970001
2012-02-23,54.5
2012-02-24,55.220001
2012-02-27,55.310001
2012-02-28,56.009997999999996
2012-02-29,56.689999
2012-03-01,56.759997999999996
2012-03-02,56.59
2012-03-05,56.700001
2012-03-06,56.490002000000004
2012-03-07,56.639998999999996
2012-03-08,57.23
2012-03-09,57.689999
2012-03-12,57.98
2012-03-13,58.48
2012-03-14,58.599998
2012-03-15,58.75
2012-03-16,58.41
2012-03-19,58.369999
2012-03-20,58.009997999999996
2012-03-21,57.57
2012-03-22,57.93
2012-03-23,58.189999
2012-03-26,58.860001000000004
2012-03-27,58.189999
2012-03-28,58.16
2012-03-29,57.98
2012-03-30,58.27
2012-04-02,58.290001000000004
2012-04-03,57.880001
2012-04-04,57.82
2012-04-05,57.720001
2012-04-09,57.52
2012-04-10,56.400002
2012-04-11,57.200001
2012-04-12,57.93
2012-04-13,57.43
2012-04-16,57.389998999999996
2012-04-17,57.599998
2012-04-18,57.380001
2012-04-19,56.790001000000004
2012-04-20,57.279999
2012-04-23,56.639998999999996
2012-04-24,56.73
2012-04-25,56.830002
2012-04-26,57.490002000000004
2012-04-27,58.259997999999996
2012-04-30,57.939999
2012-05-01,58.009997999999996
2012-05-02,57.98
2012-05-03,56.549999
2012-05-04,55.650002
2012-05-07,55.759997999999996
2012-05-08,55.549999
2012-05-09,55.279999
2012-05-10,55.310001
2012-05-11,55.43
2012-05-14,54.919998
2012-05-15,55.080002
2012-05-16,55.32
2012-05-17,54.810001
2012-05-18,55.459998999999996
2012-05-21,55.830002
2012-05-22,56.669998
2012-05-23,56.779999
2012-05-24,57.25
2012-05-25,57.619999
2012-05-29,58.130001
2012-05-30,57.790001000000004
2012-05-31,57.91
2012-06-01,57.200001
2012-06-04,57.57
2012-06-05,57.32
2012-06-06,57.5
2012-06-07,57.32
2012-06-08,59.200001
2012-06-11,58.700001
2012-06-12,58.16
2012-06-13,58.049999
2012-06-14,58.549999
2012-06-15,58.5
2012-06-18,58.470001
2012-06-19,58.700001
2012-06-20,58.5
2012-06-21,57.400002
2012-06-22,57.560001
2012-06-25,57.23
2012-06-26,57.630001
2012-06-27,57.560001
2012-06-28,57.459998999999996
2012-06-29,58.189999
2012-07-02,58.27
2012-07-03,57.779999
2012-07-05,57.150002
2012-07-06,58.07
2012-07-09,58.040001000000004
2012-07-10,59.23
2012-07-11,59.790001000000004
2012-07-12,59.880001
2012-07-13,61.950001
2012-07-16,61.5
2012-07-17,61.259997999999996
2012-07-18,61.389998999999996
2012-07-19,61.25
2012-07-20,61.369999
2012-07-23,60.439999
2012-07-24,60.549999
2012-07-25,60.360001000000004
2012-07-26,61.060001
2012-07-27,61.52
2012-07-30,62.040001000000004
2012-07-31,60.650002
2012-08-01,60.619999
2012-08-02,61.970001
2012-08-03,62.360001000000004
2012-08-06,62.389998999999996
2012-08-07,62.639998999999996
2012-08-08,62.939999
2012-08-09,62.689999
2012-08-10,62.84
2012-08-13,62.509997999999996
2012-08-14,63.380001
2012-08-15,64.5
2012-08-16,63.91
2012-08-17,64.139999
2012-08-20,63.639998999999996
2012-08-21,64.129997
2012-08-22,63.68
2012-08-23,62.990002000000004
2012-08-24,63.689999
2012-08-27,63.360001000000004
2012-08-28,63.810001
2012-08-29,64.260002
2012-08-30,64.160004
2012-08-31,64.089996
2012-09-04,63.84
2012-09-05,63.73
2012-09-06,64.860001
2012-09-07,64.0
2012-09-10,64.800003
2012-09-11,64.480003
2012-09-12,64.379997
2012-09-13,65.059998
2012-09-14,64.66999799999999
2012-09-17,64.410004
2012-09-18,64.279999
2012-09-19,65.010002
2012-09-20,65.400002
2012-09-21,65.440002
2012-09-24,65.150002
2012-09-25,64.379997
2012-09-26,63.830002
2012-09-27,63.59
2012-09-28,63.470001
2012-10-01,62.990002000000004
2012-10-02,62.98
2012-10-03,63.09
2012-10-04,63.650002
2012-10-05,64.18
2012-10-08,63.990002000000004
2012-10-09,62.889998999999996
2012-10-10,62.66
2012-10-11,61.25
2012-10-12,61.52
2012-10-15,61.810001
2012-10-16,62.900002
2012-10-17,63.040001000000004
2012-10-18,62.939999
2012-10-19,62.23
2012-10-22,62.209998999999996
2012-10-23,62.639998999999996
2012-10-24,62.830002
2012-10-25,63.119999
2012-10-26,63.919998
2012-10-31,63.75
2012-11-01,62.939999
2012-11-02,62.709998999999996
2012-11-05,63.400002
2012-11-06,63.389998999999996
2012-11-07,62.790001000000004
2012-11-08,61.82
2012-11-09,62.02
2012-11-12,61.98
2012-11-13,62.09
2012-11-14,61.380001
2012-11-15,62.439999
2012-11-16,62.5
2012-11-19,63.009997999999996
2012-11-20,63.0
2012-11-21,63.720001
2012-11-23,64.480003
2012-11-26,62.779999
2012-11-27,62.57
2012-11-28,62.810001
2012-11-29,62.790001000000004
2012-11-30,63.130001
2012-12-03,62.299999
2012-12-04,61.990002000000004
2012-12-05,62.040001000000004
2012-12-06,62.200001
2012-12-07,62.279999
2012-12-10,61.959998999999996
2012-12-11,61.43
2012-12-12,60.540001000000004
2012-12-13,61.25
2012-12-14,60.5
2012-12-17,61.09
2012-12-18,62.279999
2012-12-19,61.52
2012-12-20,60.360001000000004
2012-12-21,59.599998
2012-12-24,59.540001000000004
2012-12-26,59.209998999999996
2012-12-27,58.93
2012-12-28,58.57
2012-12-31,59.169998
2013-01-02,58.82
2013-01-03,60.16
2013-01-04,60.580002
2013-01-07,61.299999
2013-01-08,60.639998999999996
2013-01-09,60.18
2013-01-10,60.310001
2013-01-11,60.07
2013-01-14,60.389998999999996
2013-01-15,61.09
2013-01-16,61.32
2013-01-17,61.459998999999996
2013-01-18,61.529999
2013-01-22,61.490002000000004
2013-01-23,61.040001000000004
2013-01-24,61.860001000000004
2013-01-25,61.540001000000004
2013-01-28,61.130001
2013-01-29,61.34
2013-01-30,60.98
2013-01-31,60.41
2013-02-01,61.150002
2013-02-04,60.849998
2013-02-05,62.400002
2013-02-06,62.689999
2013-02-07,62.299999
2013-02-08,62.490002000000004
2013-02-11,62.669998
2013-02-12,62.73
2013-02-13,62.689999
2013-02-14,63.09
2013-02-15,61.709998999999996
2013-02-19,61.869999
2013-02-20,62.650002
2013-02-21,63.400002
2013-02-22,63.599998
2013-02-25,62.889998999999996
2013-02-26,64.050003
2013-02-27,63.119999
2013-02-28,62.959998999999996
2013-03-01,64.129997
2013-03-04,66.440002
2013-03-05,66.68
2013-03-06,66.120003
2013-03-07,65.849998
2013-03-08,66.349998
2013-03-11,67.339996
2013-03-12,67.110001
2013-03-13,67.43
2013-03-14,67.339996
2013-03-15,66.800003
2013-03-18,66.760002
2013-03-19,66.459999
2013-03-20,68.519997
2013-03-21,68.050003
2013-03-22,68.41999799999999
2013-03-25,68.410004
2013-03-26,68.610001
2013-03-27,69.050003
2013-03-28,68.449997
2013-04-01,68.660004
2013-04-02,68.83000200000001
2013-04-03,67.980003
2013-04-04,68.790001
2013-04-05,68.849998
2013-04-08,69.260002
2013-04-09,68.91999799999999
2013-04-10,68.860001
2013-04-11,69.120003
2013-04-12,69.489998
2013-04-15,68.480003
2013-04-16,68.379997
2013-04-17,68.760002
2013-04-18,68.290001
2013-04-19,69.040001
2013-04-22,69.099998
2013-04-23,69.690002
2013-04-24,69.709999
2013-04-25,70.66999799999999
2013-04-26,70.519997
2013-04-29,70.639999
2013-04-30,70.559998
2013-05-01,70.540001
2013-05-02,69.190002
2013-05-03,70.5
2013-05-06,70.029999
2013-05-07,70.550003
2013-05-08,69.800003
2013-05-09,69.480003
2013-05-10,69.739998
2013-05-13,69.440002
2013-05-14,69.440002
2013-05-15,70.389999
2013-05-16,70.0
2013-05-17,71.059998
2013-05-20,70.650002
2013-05-21,71.260002
2013-05-22,68.400002
2013-05-23,68.66999799999999
2013-05-24,69.720001
2013-05-28,69.510002
2013-05-29,69.41999799999999
2013-05-30,69.82
2013-05-31,69.5
2013-06-03,71.050003
2013-06-04,71.510002
2013-06-05,70.16999799999999
2013-06-06,70.260002
2013-06-07,70.360001
2013-06-10,69.879997
2013-06-11,70.0
2013-06-12,69.43
2013-06-13,69.589996
2013-06-14,69.029999
2013-06-17,69.860001
2013-06-18,70.160004
2013-06-19,68.879997
2013-06-20,68.660004
2013-06-21,68.83000200000001
2013-06-24,68.290001
2013-06-25,69.129997
2013-06-26,69.120003
2013-06-27,68.790001
2013-06-28,68.860001
2013-07-01,69.33000200000001
2013-07-02,69.559998
2013-07-03,69.379997
2013-07-05,70.25
2013-07-08,71.18
2013-07-09,71.769997
2013-07-10,72.029999
2013-07-11,72.57
2013-07-12,72.559998
2013-07-15,72.349998
2013-07-16,72.07
2013-07-17,72.610001
2013-07-18,72.41999799999999
2013-07-19,72.550003
2013-07-22,73.029999
2013-07-23,73.25
2013-07-24,73.32
2013-07-25,71.82
2013-07-26,71.459999
2013-07-29,71.510002
2013-07-30,71.41999799999999
2013-07-31,71.25
2013-08-01,71.58000200000001
2013-08-02,71.5
2013-08-05,71.989998
2013-08-06,71.790001
2013-08-07,71.68
2013-08-08,71.220001
2013-08-09,70.720001
2013-08-12,70.760002
2013-08-13,71.190002
2013-08-14,70.040001
2013-08-15,69.08000200000001
2013-08-16,68.58000200000001
2013-08-19,68.239998
2013-08-20,67.949997
2013-08-21,65.5
2013-08-22,64.239998
2013-08-23,64.349998
2013-08-26,64.129997
2013-08-27,63.259997999999996
2013-08-28,63.27
2013-08-29,63.150002
2013-08-30,63.310001
2013-09-03,63.59
2013-09-04,63.549999
2013-09-05,63.459998999999996
2013-09-06,63.290001000000004
2013-09-09,63.93
2013-09-10,64.730003
2013-09-11,64.989998
2013-09-12,64.089996
2013-09-13,63.759997999999996
2013-09-16,63.790001000000004
2013-09-17,64.379997
2013-09-18,65.480003
2013-09-19,65.389999
2013-09-20,64.550003
2013-09-23,64.400002
2013-09-24,63.91
2013-09-25,63.240002000000004
2013-09-26,63.369999
2013-09-27,63.939999
2013-09-30,63.98
2013-10-01,63.91
2013-10-02,63.650002
2013-10-03,63.450001
2013-10-04,63.41
2013-10-07,62.68
2013-10-08,62.130001
2013-10-09,62.689999
2013-10-10,63.450001
2013-10-11,63.209998999999996
2013-10-14,63.650002
2013-10-15,62.93
2013-10-16,63.900002
2013-10-17,64.860001
2013-10-18,64.66999799999999
2013-10-21,64.699997
2013-10-22,65.120003
2013-10-23,64.269997
2013-10-24,64.129997
2013-10-25,64.07
2013-10-28,64.879997
2013-10-29,64.32
2013-10-30,65.709999
2013-10-31,64.790001
2013-11-01,64.620003
2013-11-04,65.220001
2013-11-05,64.629997
2013-11-06,65.699997
2013-11-07,64.82
2013-11-08,65.110001
2013-11-11,65.690002
2013-11-12,65.440002
2013-11-13,66.870003
2013-11-14,66.66999799999999
2013-11-15,66.889999
2013-11-18,66.449997
2013-11-19,66.629997
2013-11-20,66.489998
2013-11-21,64.190002
2013-11-22,63.700001
2013-11-25,63.759997999999996
2013-11-26,63.869999
2013-11-27,64.410004
2013-11-29,63.93
2013-12-02,62.73
2013-12-03,62.82
2013-12-04,63.310001
2013-12-05,62.630001
2013-12-06,63.380001
2013-12-09,63.240002000000004
2013-12-10,63.16
2013-12-11,62.93
2013-12-12,62.889998999999996
2013-12-13,62.360001000000004
2013-12-16,62.169998
2013-12-17,61.650002
2013-12-18,63.549999
2013-12-19,62.150002
2013-12-20,62.490002000000004
2013-12-23,61.880001
2013-12-24,61.709998999999996
2013-12-26,62.48
2013-12-27,62.150002
2013-12-30,62.470001
2013-12-31,63.27
2014-01-02,63.18
2014-01-03,63.490002000000004
2014-01-06,63.060001
2014-01-07,62.91
2014-01-08,62.689999
2014-01-09,63.34
2014-01-10,62.619999
2014-01-13,61.5
2014-01-14,61.709998999999996
2014-01-15,61.560001
2014-01-16,60.810001
2014-01-17,60.240002000000004
2014-01-21,59.200001
2014-01-22,58.98
2014-01-23,58.650002
2014-01-24,57.720001
2014-01-27,57.709998999999996
2014-01-28,57.889998999999996
2014-01-29,56.889998999999996
2014-01-30,56.669998
2014-01-31,56.639998999999996
2014-02-03,55.41
2014-02-04,55.119999
2014-02-05,55.07
2014-02-06,55.860001000000004
2014-02-07,56.330002
2014-02-10,56.509997999999996
2014-02-11,57.139998999999996
2014-02-12,56.950001
2014-02-13,56.860001000000004
2014-02-14,56.060001
2014-02-18,56.389998999999996
2014-02-19,57.310001
2014-02-20,56.619999
2014-02-21,56.240002000000004
2014-02-24,56.139998999999996
2014-02-25,56.509997999999996
2014-02-26,60.490002000000004
2014-02-27,60.66
2014-02-28,62.540001000000004
2014-03-03,61.959998999999996
2014-03-04,61.330002
2014-03-05,60.599998
2014-03-06,60.740002000000004
2014-03-07,60.75
2014-03-10,61.16
2014-03-11,60.939999
2014-03-12,61.099998
2014-03-13,59.73
2014-03-14,59.360001000000004
2014-03-17,59.669998
2014-03-18,59.720001
2014-03-19,59.48
2014-03-20,59.700001
2014-03-21,59.450001
2014-03-24,59.459998999999996
2014-03-25,59.060001
2014-03-26,59.200001
2014-03-27,59.740002000000004
2014-03-28,59.98
2014-03-31,60.509997999999996
2014-04-01,60.57
2014-04-02,60.889998999999996
2014-04-03,61.720001
2014-04-04,61.139998999999996
2014-04-07,60.5
2014-04-08,61.5
2014-04-09,61.209998999999996
2014-04-10,59.669998
2014-04-11,58.900002
2014-04-14,59.419998
2014-04-15,59.48
2014-04-16,59.91
2014-04-17,60.0
2014-04-21,59.759997999999996
2014-04-22,60.32
2014-04-23,60.740002000000004
2014-04-24,61.450001
2014-04-25,61.259997999999996
2014-04-28,62.18
2014-04-29,61.970001
2014-04-30,61.75
2014-05-01,61.740002000000004
2014-05-02,62.009997999999996
2014-05-05,59.869999
2014-05-06,57.639998999999996
2014-05-07,58.130001
2014-05-08,58.32
2014-05-09,59.130001
2014-05-12,59.639998999999996
2014-05-13,59.560001
2014-05-14,59.27
2014-05-15,58.18
2014-05-16,58.639998999999996
2014-05-19,58.290001000000004
2014-05-20,56.610001000000004
2014-05-21,57.200001
2014-05-22,55.990002000000004
2014-05-23,55.689999
2014-05-27,55.77
2014-05-28,55.34
2014-05-29,55.880001
2014-05-30,56.759997999999996
2014-06-02,56.490002000000004
2014-06-03,56.790001000000004
2014-06-04,57.18
2014-06-05,57.490002000000004
2014-06-06,57.68
2014-06-09,57.599998
2014-06-10,56.860001000000004
2014-06-11,57.080002
2014-06-12,57.240002000000004
2014-06-13,57.23
2014-06-16,57.740002000000004
2014-06-17,58.169998
2014-06-18,58.700001
2014-06-19,58.740002000000004
2014-06-20,58.290001000000004
2014-06-23,58.419998
2014-06-24,58.700001
2014-06-25,58.060001
2014-06-26,57.869999
2014-06-27,58.119999
2014-06-30,57.950001
2014-07-01,58.369999
2014-07-02,58.77
2014-07-03,59.509997999999996
2014-07-07,59.990002000000004
2014-07-08,59.799999
2014-07-09,60.049999
2014-07-10,59.93
2014-07-11,60.0
2014-07-14,60.18
2014-07-15,60.709998999999996
2014-07-16,60.139998999999996
2014-07-17,59.720001
2014-07-18,60.009997999999996
2014-07-21,59.299999
2014-07-22,59.380001
2014-07-23,60.73
2014-07-24,60.990002000000004
2014-07-25,60.389998999999996
2014-07-28,60.299999
2014-07-29,61.099998
2014-07-30,61.380001
2014-07-31,59.59
2014-08-01,59.849998
2014-08-04,60.700001
2014-08-05,58.029999
2014-08-06,57.970001
2014-08-07,57.5
2014-08-08,58.540001000000004
2014-08-11,58.360001000000004
2014-08-12,58.459998999999996
2014-08-13,58.259997999999996
2014-08-14,58.740002000000004
2014-08-15,58.200001
2014-08-18,58.549999
2014-08-19,59.25
2014-08-20,60.330002
2014-08-21,61.07
2014-08-22,61.049999
2014-08-25,60.98
2014-08-26,60.700001
2014-08-27,60.790001000000004
2014-08-28,60.349998
2014-08-29,60.07
2014-09-02,60.189999
2014-09-03,60.389998999999996
2014-09-04,61.029999
2014-09-05,61.080002
2014-09-08,60.560001
2014-09-09,60.880001
2014-09-10,61.950001
2014-09-11,62.59
2014-09-12,62.529999
2014-09-15,62.209998999999996
2014-09-16,62.860001000000004
2014-09-17,62.869999
2014-09-18,63.93
2014-09-19,63.810001
2014-09-22,63.360001000000004
2014-09-23,63.080002
2014-09-24,63.880001
2014-09-25,62.880001
2014-09-26,63.150002
2014-09-29,63.040001000000004
2014-09-30,62.68
2014-10-01,62.07
2014-10-02,62.57
2014-10-03,63.07
2014-10-06,62.279999
2014-10-07,61.540001000000004
2014-10-08,62.810001
2014-10-09,61.599998
2014-10-10,60.59
2014-10-13,60.439999
2014-10-14,61.689999
2014-10-15,59.98
2014-10-16,59.439999
2014-10-17,59.07
2014-10-20,60.290001000000004
2014-10-21,61.639998999999996
2014-10-22,61.330002
2014-10-23,62.029999
2014-10-24,61.57
2014-10-27,61.560001
2014-10-28,60.650002
2014-10-29,60.889998999999996
2014-10-30,61.779999
2014-10-31,61.82
2014-11-03,61.59
2014-11-04,61.369999
2014-11-05,61.119999
2014-11-06,61.889998999999996
2014-11-07,64.16999799999999
2014-11-10,65.519997
2014-11-11,65.720001
2014-11-12,66.720001
2014-11-13,67.5
2014-11-14,68.129997
2014-11-17,67.129997
2014-11-18,67.510002
2014-11-19,72.5
2014-11-20,71.190002
2014-11-21,71.510002
2014-11-24,71.57
2014-11-25,72.099998
2014-11-26,72.160004
2014-11-28,74.0
2014-12-01,72.75
2014-12-02,73.07
2014-12-03,73.33000200000001
2014-12-04,73.279999
2014-12-05,73.660004
2014-12-08,73.779999
2014-12-09,73.599998
2014-12-10,72.910004
2014-12-11,73.529999
2014-12-12,72.400002
2014-12-15,73.199997
2014-12-16,72.279999
2014-12-17,73.57
2014-12-18,74.639999
2014-12-19,73.949997
2014-12-22,74.5
2014-12-23,74.690002
2014-12-24,74.650002
2014-12-26,75.059998
2014-12-29,75.529999
2014-12-30,75.709999
2014-12-31,75.910004
2015-01-02,75.33000200000001
2015-01-05,73.980003
2015-01-06,73.970001
2015-01-07,76.769997
2015-01-08,77.129997
2015-01-09,76.43
2015-01-12,76.629997
2015-01-13,75.949997
2015-01-14,74.33000200000001
2015-01-15,75.66999799999999
2015-01-16,74.940002
2015-01-20,73.66999799999999
2015-01-21,73.949997
2015-01-22,75.769997
2015-01-23,75.290001
2015-01-26,75.25
2015-01-27,74.760002
2015-01-28,74.260002
2015-01-29,75.489998
2015-01-30,73.610001
2015-02-02,74.25
2015-02-03,75.870003
2015-02-04,75.610001
2015-02-05,75.949997
2015-02-06,76.360001
2015-02-09,75.389999
2015-02-10,76.650002
2015-02-11,76.41999799999999
2015-02-12,76.870003
2015-02-13,76.120003
2015-02-17,76.639999
2015-02-18,77.349998
2015-02-19,76.68
2015-02-20,76.870003
2015-02-23,76.690002
2015-02-24,76.949997
2015-02-25,77.150002
2015-02-26,76.900002
2015-02-27,76.83000200000001
2015-03-02,77.68
2015-03-03,78.0
2015-03-04,77.720001
2015-03-05,78.199997
2015-03-06,77.209999
2015-03-09,78.57
2015-03-10,77.66999799999999
2015-03-11,77.779999
2015-03-12,79.300003
2015-03-13,79.18
2015-03-16,80.489998
2015-03-17,81.029999
2015-03-18,81.059998
2015-03-19,80.599998
2015-03-20,81.309998
2015-03-23,81.230003
2015-03-24,82.0
2015-03-25,81.620003
2015-03-26,80.440002
2015-03-27,81.559998
2015-03-30,82.139999
2015-03-31,82.07
2015-04-01,82.089996
2015-04-02,82.66999799999999
2015-04-06,83.339996
2015-04-07,82.610001
2015-04-08,83.139999
2015-04-09,83.290001
2015-04-10,83.57
2015-04-13,82.959999
2015-04-14,83.059998
2015-04-15,81.959999
2015-04-16,81.91999799999999
2015-04-17,80.019997
2015-04-20,80.93
2015-04-21,81.25
2015-04-22,81.339996
2015-04-23,81.93
2015-04-24,82.699997
2015-04-27,81.379997
2015-04-28,81.510002
2015-04-29,78.870003
2015-04-30,78.83000200000001
2015-05-01,79.650002
2015-05-04,80.18
2015-05-05,78.970001
2015-05-06,79.120003
2015-05-07,80.110001
2015-05-08,80.739998
2015-05-11,80.610001
2015-05-12,80.809998
2015-05-13,79.809998
2015-05-14,77.260002
2015-05-15,78.529999
2015-05-18,78.360001
2015-05-19,77.91999799999999
2015-05-20,78.18
2015-05-21,79.389999
2015-05-22,79.290001
2015-05-26,79.08000200000001
2015-05-27,80.300003
2015-05-28,80.050003
2015-05-29,79.32
2015-06-01,79.510002
2015-06-02,80.0
2015-06-03,80.339996
2015-06-04,79.959999
2015-06-05,79.199997
2015-06-08,78.889999
2015-06-09,78.900002
2015-06-10,79.66999799999999
2015-06-11,80.07
2015-06-12,79.470001
2015-06-15,80.449997
2015-06-16,80.970001
2015-06-17,82.099998
2015-06-18,83.190002
2015-06-19,83.349998
2015-06-22,84.230003
2015-06-23,84.760002
2015-06-24,84.339996
2015-06-25,84.5
2015-06-26,84.08000200000001
2015-06-29,82.089996
2015-06-30,81.629997
2015-07-01,82.989998
2015-07-02,82.269997
2015-07-06,82.93
2015-07-07,84.449997
2015-07-08,83.480003
2015-07-09,83.040001
2015-07-10,83.910004
2015-07-13,84.099998
2015-07-14,84.099998
2015-07-15,84.459999
2015-07-16,85.010002
2015-07-17,84.690002
2015-07-20,84.230003
2015-07-21,82.279999
2015-07-22,82.82
2015-07-23,81.650002
2015-07-24,80.209999
2015-07-27,79.489998
2015-07-28,80.529999
2015-07-29,81.839996
2015-07-30,81.93
2015-07-31,81.849998
2015-08-03,80.389999
2015-08-04,80.050003
2015-08-05,80.040001
2015-08-06,79.540001
2015-08-07,78.980003
2015-08-10,78.970001
2015-08-11,78.870003
2015-08-12,79.0
2015-08-13,78.989998
2015-08-14,79.349998
2015-08-17,78.980003
2015-08-18,80.300003
2015-08-19,80.870003
2015-08-20,80.660004
2015-08-21,78.400002
2015-08-24,75.279999
2015-08-25,73.940002
2015-08-26,76.839996
2015-08-27,77.849998
2015-08-28,78.029999
2015-08-31,77.709999
2015-09-01,75.389999
2015-09-02,77.050003
2015-09-03,77.449997
2015-09-04,76.41999799999999
2015-09-08,78.379997
2015-09-09,77.160004
2015-09-10,77.07
2015-09-11,77.879997
2015-09-14,77.150002
2015-09-15,77.82
2015-09-16,78.5
2015-09-17,78.010002
2015-09-18,76.620003
2015-09-21,78.260002
2015-09-22,78.050003
2015-09-23,78.760002
2015-09-24,79.059998
2015-09-25,79.050003
2015-09-28,77.66999799999999
2015-09-29,77.980003
2015-09-30,78.660004
2015-10-01,79.510002
2015-10-02,79.529999
2015-10-05,79.510002
2015-10-06,78.099998
2015-10-07,78.559998
2015-10-08,78.690002
2015-10-09,78.879997
2015-10-12,79.209999
2015-10-13,78.959999
2015-10-14,76.199997
2015-10-15,75.129997
2015-10-16,75.050003
2015-10-19,74.699997
2015-10-20,74.400002
2015-10-21,76.400002
2015-10-22,77.110001
2015-10-23,72.940002
2015-10-26,74.019997
2015-10-27,74.730003
2015-10-28,76.230003
2015-10-29,76.279999
2015-10-30,77.18
2015-11-02,77.260002
2015-11-03,78.230003
2015-11-04,77.389999
2015-11-05,78.150002
2015-11-06,77.220001
2015-11-09,76.230003
2015-11-10,77.190002
2015-11-11,74.870003
2015-11-12,74.93
2015-11-13,71.889999
2015-11-16,72.309998
2015-11-17,72.910004
2015-11-18,69.779999
2015-11-19,70.550003
2015-11-20,70.83000200000001
2015-11-23,72.279999
2015-11-24,72.889999
2015-11-25,73.160004
2015-11-27,73.440002
2015-11-30,72.5
2015-12-01,72.809998
2015-12-02,71.93
2015-12-03,73.190002
2015-12-04,73.900002
2015-12-07,73.389999
2015-12-08,72.660004
2015-12-09,72.010002
2015-12-10,72.370003
2015-12-11,71.839996
2015-12-14,72.720001
2015-12-15,72.980003
2015-12-16,73.800003
2015-12-17,72.33000200000001
2015-12-18,71.370003
2015-12-21,71.709999
2015-12-22,72.610001
2015-12-23,73.650002
2015-12-24,73.16999799999999
2015-12-28,72.870003
2015-12-29,74.440002
2015-12-30,73.620003
2015-12-31,72.610001
2016-01-04,73.550003
2016-01-05,74.839996
2016-01-06,74.08000200000001
2016-01-07,73.879997
2016-01-08,71.379997
2016-01-11,72.41999799999999
2016-01-12,73.360001
2016-01-13,71.639999
2016-01-14,70.410004
2016-01-15,70.08000200000001
2016-01-19,69.239998
2016-01-20,67.589996
2016-01-21,68.639999
2016-01-22,69.720001
2016-01-25,68.91999799999999
2016-01-26,70.440002
2016-01-27,70.690002
2016-01-28,70.989998
2016-01-29,72.41999799999999
2016-02-01,72.83000200000001
2016-02-02,73.309998
2016-02-03,72.57
2016-02-04,70.040001
2016-02-05,69.559998
2016-02-08,70.0
2016-02-09,69.860001
2016-02-10,68.760002
2016-02-11,68.050003
2016-02-12,69.949997
2016-02-16,71.5
2016-02-17,72.099998
2016-02-18,72.529999
2016-02-19,72.32
2016-02-22,72.470001
2016-02-23,73.989998
2016-02-24,76.940002
2016-02-25,78.66999799999999
2016-02-26,78.43
2016-02-29,78.449997
2016-03-01,80.959999
2016-03-02,81.099998
2016-03-03,79.709999
2016-03-04,81.129997
2016-03-07,80.82
2016-03-08,80.529999
2016-03-09,81.209999
2016-03-10,81.5
2016-03-11,81.870003
2016-03-14,81.769997
2016-03-15,81.650002
2016-03-16,82.389999
2016-03-17,83.019997
2016-03-18,82.709999
2016-03-21,82.199997
2016-03-22,81.699997
2016-03-23,81.5
2016-03-24,82.040001
2016-03-28,82.800003
2016-03-29,82.970001
2016-03-30,83.599998
2016-03-31,82.279999
2016-04-01,82.760002
2016-04-04,82.300003
2016-04-05,82.099998
2016-04-06,82.16999799999999
2016-04-07,81.57
2016-04-08,80.879997
2016-04-11,79.769997
2016-04-12,80.779999
2016-04-13,81.559998
2016-04-14,81.779999
2016-04-15,82.599998
2016-04-18,83.41999799999999
2016-04-19,83.980003
2016-04-20,82.870003
2016-04-21,82.75
2016-04-22,82.33000200000001
2016-04-25,82.599998
2016-04-26,82.599998
2016-04-27,83.290001
2016-04-28,81.33000200000001
2016-04-29,79.5
2016-05-02,80.120003
2016-05-03,79.989998
2016-05-04,79.709999
2016-05-05,78.129997
2016-05-06,78.739998
2016-05-09,79.93
2016-05-10,80.050003
2016-05-11,75.699997
2016-05-12,75.599998
2016-05-13,73.879997
2016-05-16,74.610001
2016-05-17,73.610001
2016-05-18,68.0
2016-05-19,67.059998
2016-05-20,68.660004
2016-05-23,67.93
2016-05-24,68.690002
2016-05-25,69.279999
2016-05-26,68.910004
2016-05-27,68.900002
2016-05-31,68.779999
2016-06-01,68.410004
2016-06-02,68.32
2016-06-03,68.650002
2016-06-06,68.809998
2016-06-07,68.239998
2016-06-08,68.620003
2016-06-09,67.690002
2016-06-10,67.879997
2016-06-13,66.889999
2016-06-14,66.739998
2016-06-15,67.269997
2016-06-16,66.980003
2016-06-17,67.5
2016-06-20,67.989998
2016-06-21,68.300003
2016-06-22,68.860001
2016-06-23,69.779999
2016-06-24,69.349998
2016-06-27,69.449997
2016-06-28,69.739998
2016-06-29,70.0
2016-06-30,69.82
2016-07-01,70.050003
2016-07-05,69.739998
2016-07-06,70.510002
2016-07-07,70.089996
2016-07-08,71.309998
2016-07-11,72.540001
2016-07-12,73.519997
2016-07-13,73.16999799999999
2016-07-14,73.489998
2016-07-15,73.040001
2016-07-18,73.959999
2016-07-19,73.949997
2016-07-20,74.480003
2016-07-21,74.339996
2016-07-22,74.91999799999999
2016-07-25,76.300003
2016-07-26,76.220001
2016-07-27,75.25
2016-07-28,74.790001
2016-07-29,75.33000200000001
2016-08-01,75.510002
2016-08-02,73.889999
2016-08-03,74.099998
2016-08-04,74.139999
2016-08-05,74.940002
2016-08-08,75.0
2016-08-09,72.610001
2016-08-10,73.050003
2016-08-11,74.010002
2016-08-12,75.809998
2016-08-15,75.529999
2016-08-16,75.480003
2016-08-17,70.629997
2016-08-18,70.300003
2016-08-19,70.120003
2016-08-22,70.389999
2016-08-23,71.050003
2016-08-24,71.730003
2016-08-25,70.809998
2016-08-26,70.349998
2016-08-29,71.050003
2016-08-30,70.389999
2016-08-31,70.190002
2016-09-01,70.58000200000001
2016-09-02,70.809998
2016-09-06,70.099998
2016-09-07,70.300003
2016-09-08,69.459999
2016-09-09,69.0
2016-09-12,69.300003
2016-09-13,68.940002
2016-09-14,68.199997
2016-09-15,69.209999
2016-09-16,69.230003
2016-09-19,68.889999
2016-09-20,68.620003
2016-09-21,69.470001
2016-09-22,68.559998
2016-09-23,68.769997
2016-09-26,67.220001
2016-09-27,68.290001
2016-09-28,67.82
2016-09-29,67.720001
2016-09-30,68.68
2016-10-03,68.68
2016-10-04,68.650002
2016-10-05,67.739998
2016-10-06,68.410004
2016-10-07,69.040001
2016-10-10,68.860001
2016-10-11,68.389999
2016-10-12,67.860001
2016-10-13,67.889999
2016-10-14,68.110001
2016-10-17,67.239998
2016-10-18,67.360001
2016-10-19,67.529999
2016-10-20,67.709999
2016-10-21,68.230003
2016-10-24,68.260002
2016-10-25,67.949997
2016-10-26,68.589996
2016-10-27,67.620003
2016-10-28,68.83000200000001
2016-10-31,68.730003
2016-11-01,67.779999
2016-11-02,68.260002
2016-11-03,66.66999799999999
2016-11-04,66.529999
2016-11-07,67.529999
2016-11-08,67.050003
2016-11-09,68.809998
2016-11-10,70.540001
2016-11-11,71.349998
2016-11-14,72.16999799999999
2016-11-15,71.440002
2016-11-16,76.029999
2016-11-17,76.129997
2016-11-18,76.190002
2016-11-21,76.510002
2016-11-22,77.870003
2016-11-23,78.480003
2016-11-25,78.610001
2016-11-28,77.720001
2016-11-29,78.410004
2016-11-30,77.239998
2016-12-01,77.82
2016-12-02,77.940002
2016-12-05,76.980003
2016-12-06,76.769997
2016-12-07,76.970001
2016-12-08,77.839996
2016-12-09,77.389999
2016-12-12,76.739998
2016-12-13,77.66999799999999
2016-12-14,77.190002
2016-12-15,76.980003
2016-12-16,76.75
2016-12-19,77.040001
2016-12-20,77.650002
2016-12-21,77.129997
2016-12-22,73.739998
2016-12-23,73.5
2016-12-27,73.699997
2016-12-28,72.83000200000001
2016-12-29,72.620003
2016-12-30,72.230003
